#!encrypt#!1478#!Ei9@07F1K5S@3^li"~R01i(=}yUpym^uEi9@07F1K5S@3^li"~R01i(=}yUpym^uEi9@07F1K5S@3^li
5miVjMd0wmVM3%<!;IiQe%mP/86Qt:3PSc]p]7#y/E$HS@r%V=ia|dv<
<.E#z3d*t]ODo]0S<*>2*oQOJ]whn5xX`n9Rx6jPX+>lhy;eptFRqpRXh/Tl

 \BR}<D7Y-Lup<7>GH+L%rg$QBy/ZVtet/,:THxM]j1
_w4$sAW!pyg@QBf$/^Bg{\Q1UpUj9D

P1[Nr^XWXagrN%TiwBA5]68,x}K,m-)\,7oyfV"Z=rR4,2ujqnP
76,(m5%j`}cI{57$0 <'kki!a+K%4PBQl/R+pX:3<rz!/U7:yVglt4$(0d2&1m]WzT_+29%AU"y\[>g`Aep
$:GaQBJiggxggx8pI-mt_iL-
qnxsr_Lv4+0FlPiwVtC_x*#uux~`P0IpeW-P^lb'hg{e<mi9^ogg^8 `]m~'W|]p7hW0U2vW
~07JT*{Zn%%/,|T]xY0.heR}X1h`+tk<GOu)y$wqa@ljI({ALs>P|JxfM;%1_y#6iK({t.XBtVUA+Iay~?1Sev&wQ%UAN7::1bQD4IVd_y5JI$f'[3(Sz]61[`rkqy>@R_C%^/<>_01/)p\1L&n*#JADYe~ O\sT!p;vH"V%G>PpIy}a:.O"H/'/Q #\"b,e4Eh3f~q.a#'/,|oY%CW7%8rwAd~mOs(rR")Jy+$^+QtwGp\5..}jm"35vxs1+hKZH0y#f$ws7@]ca#G5..}jm"35vxs1+hKZH0y#f$ws+C_#`l}uw7!?mJ^}Y6`J<k#X(.?<e_{q4>Z~BvG,u+-"wQ>c=y~mOs(rR")Jy+$^+=yjEnT6ZQ\CM]6u/;q1kh>eHKFl%;{}MCtvC<WA:x!^z$eh~!`'l2Q5f}u(}? |K=GpQ|p#K+ZXtE&op62nOY]y-oWB%*O,no]J=mTC#A`4Q]?7=#^ml'i8e&0.'GN|&} t5\xT`[Sc,3pps-^llei3q3$((Gau<w7qPtLJ;2Kb'tp7sl,lcZg%e^VdAq|0s]GA9IrVmh_cpSa'JW^w)'R$eC9E(bQI<]F^P y-mhO=0Q ]e#^5mj@t$3$-.cmo<vF1C4yVRP#x:hp7f)^w)'<teC9E(bQI<]@ Pq$*;GOg01#_Jy,pm9ihe^9w(Oam<vF15arqm5Sb'Up'Uy^5mc3[qU;;DbB|NWGD54rJ;>_c0j sJ-$S)#g[z9V(AS|)9<FT5Fyy~GAb{Up%sy^5mcgtqU;;DbB|NWF^PKr8;GAb{U,7vyBc/9i%$cRjA%|I<O( T 7LqP`Mi^N"XxrRtJ:@!.q#f6T+[]S M|p#%m>*3u<7oL~gvGMSY"+ZG6T+[]S p1P1V.{u#
1i(=}yUpym^uEi9@07F1K5S@3^li"~R01i(=}yUpym^uEi9@07F1K5S@3^li"~R01i(=}yUpym^uEi9@

#!encrypt#!2241#!
`VA^tq`vPXk%er;*f-k0XE^u>I44*yW"`VA^tq`vPXk%er;*f-k0XE^u>I44*yW"`VA^tq`v
!#9u3]>3#4;[/$JYd
4*yW"`VA^tq`vPXk%er;*f-k0XE^u>I44*yW"`VA^tq`vPXk%er;*f-k0XE^u>I44*yW"`VA
hYagXYGz]
3`-#<vHHN0dO\:4grN%T'wVhw+h8yp[xM]3m"nEZ$B_1K.C?=Nao-B0]W(
8pIu\.q-KY(57$0^$t>4|rNwK&4|KW
x8pIC'lZ*#8FBH$0^$t>agrV;onrV`;
x8pIY3E>Xg$35X!sRwt>agr0Y
iwV%yZ:G({#xl!^m8{57]0^l*
4grNJW*OZ8:.c,nU<XC`}c

)H(%1MtI}hKK
TiwV)]WDT?IY3E>Xg$35YeZ_1G>g <7O-~Og'

x8pIw%gI}h$3d7$0^$t>Se`$[bnrVz;
x8pIw%g=^me@57$0^$t>#eQ!ItjNVz;
x8pIw%ggC843}TN2/$t>RKV!GA7JVz;
x8pIQ:ZC*e8@57$0^$t>4grNGKnNVz;
x8pIL'lZ*jI{57$0^$t>4@V9wKjrVz;
x8pI"Em,x82A4i]0^$t>4grN%TirVz;
x8pIV\*0CmI{57$0^$t>4@p;EKjJVz;
x8pImXmn3z6&d7$0^$t>4KC$f8RQVz;
x8pIV\*0Cm9Vn/;O/$t>4Kc!Eu7rVz;
x8pImXmn3z6&3I;%dp[>4grN%TirVz;
x8pIV\*0Cm9hV4eO/$t>4KpR[tnJVz;
x8pImXmn3z6&3wA:Rp[>4KC$f8RQVz;
x8pIFX {XgEV!4ed^$t>4gr0EbnNVz;
x8pIwh]nvmL@57$0^$t>4grN%TRQVz;
x8pI"Em,OiEVwW$0^$t>4Kp]db&rVz;
x8pI"Em,Iee&d7$0^$t>4Kp]db&rVz;
x8pI2ZTWn>]{57$0^$t>4grN%TirVz;
x8pI2ZTWnSeUd7$0^$t>4grN%TirVz;
x8pI8U/Y|>]{57$0^$t>4grN%&&rVz;
x8pI~d&Y*!$^^W$0^$t>4grN%TirVz;
x8pIVX]]58i&jW$0^$t>4q49d&&rVz;
x8pIw'.,*jI{57$0^$t>4kQx;8cJVz;
x8pI"3g9?>]{57$0^$t>4gp;Ib7rVz;
x8pI O nu84x}TN2/$t>4Kc;ItcJVz;
x8pI"hm7p#]{57$0^$t>4K\![tcJVz;
x8pI"O nu84x}TN2/$t>4Kc;ItcJVz;
x8pI"Jxl*g"VVY]0^$t>4g4;wK&rVz;
x8pI %/]*YAN}XKd^$t>4grp;uRQVz;
x8pIv'C9O8=34t]0^$t>4gr;dAOQVz;
x8pI"%leSqe`}TN2J%t>4grNfK?QVz;
x8pIM@+}Hc8N}TN2/$t>4grN%TirVz;
x8pIQ.s]jmI{57$0^$t>4grN%TirVz;
x8pI~d&Y*!$^^1(?/$t>4grN%TirVz;
x8pIL.gQXh/Ff[1d^$t>RYCVEAjrVz;
x8pIL.gQXhE&HQY</$t>RYCR[uOQVz;
x8pI,Gm\ui2`Dnx:/$t>SKC;[oOJ0>$gL<
Iux3^?8"3DX0(R;[>4grN%tRm`<vgL<
Iux3^?8"3DX>U&t%H4grN%TiwV%WgL<
Iux3e*e2D1W$0^$t>4grN%TRQnKBgL<
Iux3%SeLf}~eB_1s]1:?deTiwV%WgL<
Iux3g.i!t1+eokWK_agrNItuJe)<gL<
Iux3kQ~exxM42aOq:y|rN%TRruPWgL<
Iux3kQ~exZY,*k#i:Y|rN%TiwV%WgL<
Iux3=XYet1+eokWK_agrN%TiwV%WgL<
Iux3=XYe8fiOG'#K\agrN%TiwV%WgL<
Iux3$?8)v;INd^$t>4grN%TiwV%WgL<
Iux3$?8SR4H]0^$t>4grN%TiwV%WgL<
Iux3R.82^4G12H%t>4grN%TiwV%WgL<
Iux3%:qe8}+e(P^`pJR;N%TiwV%W
x8pI?:C958i&jQ)sR+[>4grN%Tir
%ggxo.>RgmG*M{-jA,d^$t>4grN;
iwV%']:,3{n%:}(%vDd7$0^$t>4Y
N%Titcy\ypE#T<? '-#]{57$;SE{>j4
N%Titcy\+_muIux3`-#]{57$0^$b>j4
N%Ti9K+\m/Fn6{^q`-#]{p=y\V)b>j4
N%Ti9K+\m/Fn6iTq`-#]pp$LPV)*>j4
N%Ti9K+\m/Fn6-,q`-#],p-~\uml>j4

#!encrypt#!74#!
`VA^tq`vPXk%er;*f-k0XE^u>I44*yW"`VA^tq`vPXk%er;*f-k0XE^u>I44*yW"`VA^tq`v
#!encrypt#!25#!slEiO%D#=\Y:p[#30.tT{Yo*
#!encrypt#!73#!"`VA^tq`vPXk%er;*f-k0XE^u>I44*yW"`VA^tq`vPXk%er;*f-k0XE^u>I44*yW"`VA^tq`
#!encrypt#!79#!@t[iXx/?geq$Ghihdo@H{C7\%'qW%Jb??cf-TcA:%M"q'V[{kMM_VoH\:AuWpNRq*vKc4nP=+S=gZ}
#!encrypt#!72#!@t[iXx/?geq$-`uM1J:575&$~_#7#NOzQoq]1dC#+jI3r'!+R(_8A}~e~%_6#&.o_vKc4eK
#!encrypt#!438#!@t[iXx/?geq$dmo4gO\]L5p!?r{JzY*!.l^IVK*\a4+yR"J+37G$R4pNh!{:pNRLV7O}BVT@y/I({X%xn*X8/Vne~aR)7Z&BcB,p#^TyP;Ieu#eg\M)\p5p!?r{JzY*!.l^IVK*\a4+yR"J+37G$R4pNh!{7%<R04v&}BX%=Zw?<ucz ]jmpK1[123Zeh8ft)vEk`/7Qd.0gh+L GSMdK"TA=3)*Pg:L,7%}4q'QaUp<Tt'/9MY4E"[15%{Z=3}pNvM*$qoFxjY(p&Zs03mJ8_yY<=VWpkGoC7-#dX>=yjEnT6Z?7XcJa<TAq3dV#b}L,7%}4q7K1c,<K<&?YjYGxwp~Jw$WG1:L.OY]Zw(At~Gep+g2po2K'"n!%%wVr}j\9vh]pP7CtMmlX+pO7XhJ<Yp*J3dV#b}LCJ4$Oq6#^M?(K#Uw3P1Z5
#!encrypt#!127#!@t[iXx/?g4+yR"J+}5H/r\`5_[f@>UgLL{E6YPB\_S,]T6U*9MuQ~%.0<3q`G<!( oNcQqM\Vp;.T+&&]MytEVn\JY{V=e}(c@f/{dCoa;Gho}$w03_eNup6z%{7%<
#!encrypt#!131#!@t[iXx/?g4+yR"J+}OH/r\`5_[f@>UgLL{E6YPB\_S,]T6U*9MuQ~%.0<3q`G<!( oNcQqM\Vp;.T+&&]MytEVn\JY{V=e}(c@f/{dCoa;Gho}$w03_eNup6sR#sGN1q.P
#!encrypt#!149#!@t[iXx/?g4+yR"J+}rHArMftWxR2}7?"+b'Di! gDxIJ65wlWKm!^4xd`AqK#~nR{V6mF~G@dJp1XlS,3nmiVjMd~!_L#%Kwq#%}4q'QaUp<HRDm>:MJEV2\Aeu:pe*q.v-xT=B\5Xa#GX/g33g"
#!encrypt#!1#!
#!encrypt#!256#!
`VA^tq`vPXk%er;*f-k0XE^u>I44*yW"`VA^tq`vPXk%er;*f-k0XE^u>I44*yW"`VA^tq`v
"n}1UxG-,T;;~!:^,:rrgL[<H]Fwn%y~;4w+Ggq.ivF}pos_Di'F5s)bnqGmJW(M<n}E%A}(G4h;HR~'+qzy6<uPgIF"(R1JRxK|ZlYu#\<Y
^u>I44*yW"`VA^tq`vPXk%er;*f-k0XE^u>I44*yW"`VA^tq`vPXk%er;*f-k0XE^u>I44*y
#!encrypt#!10#!~(79q<QsYC#!encrypt#!9#!N+h$K}n>k#!encrypt#!2#!g
#!encrypt#!15#!=bk9_xSf |g/rL0#!encrypt#!7#!N+qk2\?#!encrypt#!3#!NoM#!encrypt#!2#!g
#!encrypt#!15#!=bk9_xSf |g/rL0#!encrypt#!20#!N+J]&Ko@d\YO{1Kl!ui!#!encrypt#!4#!N^fI#!encrypt#!2#!g
#!encrypt#!15#!=bk9_xSf |g/rL0#!encrypt#!8#!N+e](\+:#!encrypt#!3#!NoM#!encrypt#!2#!g
#!encrypt#!15#!=bk9_xSf |g/rL0#!encrypt#!7#!N+Y](~a#!encrypt#!9#!N+h$K}n>k#!encrypt#!2#!g
#!encrypt#!21#!+ZG.gbpd2AM3fk0+`.iz
#!encrypt#!24#!+ZG.G3Y99KMHrhuQV13Q-E3|#!encrypt#!3#!NoM#!encrypt#!2#!g
#!encrypt#!19#!+ZG."!Q94#i?$m,Qvo^#!encrypt#!3#!NEt#!encrypt#!2#!g
#!encrypt#!9#!+ZG.iNlDY#!encrypt#!9#!N+Jk7~oKr#!encrypt#!3#!NoM#!encrypt#!2#!g
#!encrypt#!9#!+ZG.iNlDY#!encrypt#!14#!N+J\("6eUjQ|zE#!encrypt#!3#!NoM#!encrypt#!2#!g
#!encrypt#!15#!+ZG.5Dp3Uaow~$[#!encrypt#!3#!NoM#!encrypt#!2#!g
#!encrypt#!31#!)xwzeo9YUr"3rkK+%ouQr230@T$LGn
#!encrypt#!38#!+ZG.;oYd2eM\gh13uU8vR44`<*_npri(hlh>y
#!encrypt#!14#!+ZG.;oYd2eM?RU#!encrypt#!3#!NGK#!encrypt#!22#!N+H_T}n:mh,oG[%*}uz<F;#!encrypt#!4#!NIK&#!encrypt#!2#!g
#!encrypt#!24#!+ZG.;Upf7'qOy?1Gz(#O&j;
#!encrypt#!14#!+ZG.;oYd2eMwH$#!encrypt#!6#!N+mkZ^#!encrypt#!2#!g
#!encrypt#!14#!Z(:(;4__E`FX~z#!encrypt#!5#!N+f$Y#!encrypt#!21#!N6'p#Z(yUa:l#5%/H7%<9#!encrypt#!9#!N+e](/n[%#!encrypt#!2#!g
#!encrypt#!11#!e$7.;ota\ed#!encrypt#!5#!N+f$Y#!encrypt#!5#!NIK&r#!encrypt#!2#!g
#!encrypt#!10#!Z(G=.4tf}q#!encrypt#!5#!N+f$Y#!encrypt#!104#!N6%1`}(=mpe^m1R53?~d;D~AG3KsGTP`uZ>mg=Q!W1T oQ'/l*Y{'O[uqR1WsrUECKJ.2(7=GpQ|p#K+ZXtE&ooes gK(:G@C74IYKAG#!encrypt#!7#!N+4IYKA#!encrypt#!2#!g
#!encrypt#!22#!)x3qCx{V # w~w!a`jj".
#!encrypt#!14#!)x3qCx{V #"XQ?#!encrypt#!91#!N6%1`}(=mpe^m1R53?~d;D~AG3KsGTP`uZ>mg=Q!W1T oQ'/l*Y{'O[uqR1WsrUECKJ.2(7=GpQ|p#K+ZXtE&ooXr%F#!encrypt#!2#!g
#!encrypt#!27#!{jwDD=lLU-icfF0Q[J@D-5|e(}
#!encrypt#!21#!+$x(_4_7o'FXQuDj>Xzz
#!encrypt#!11#!+$x(_4_sFeo#!encrypt#!94#!N6%1`}(=mpe^m1R53?~d;D~AG3KsGTP`uZ>mg=Q!W1T oQ'/l*Y{'O[uqR1WsrUECKJ.2(7=GpQ|p#K+ZXtE&oo4rJdqq/#!encrypt#!2#!g
#!encrypt#!235#!
`VA^tq`vPXk%er;*f-k0XE^u>I44*yW"`VA^tq`vPXk%er;*f-k0XE^u>I44*yW"`VA^tq`v
"n}1UxG-@d347)h%+t#kPqcc4PO%o\6JRl9Rw:M|<#?:~e:ROY:FY(!7O6=+[]S M$&"w:M|<#?Y4c(Y#Dr4}(,
VA^tq`vPXk%er;*f-k0XE^u>I44*yW"`VA^tq`vPXk%er;*f-k0XE^u>I44*yW"`VA^tq`vP
#!encrypt#!21#!+$x(_4_7o'FXQuDj>Xzz
[WARN]: LAYOUT_FORMAT at line 24 in file /opt/cadence-suite/sky130_release_0.0.4/Sky130_LVS/sky130.lvs.pvl is skipped. It is set in control file.
#!encrypt#!11#!+$x(_4_sFeo#!encrypt#!35#!N626T+[]S MGU`Zl}uM{r!Muhd|2M%}OdBQ#!encrypt#!2#!g
[WARN]: LAYOUT_PATH at line 28 in file /opt/cadence-suite/sky130_release_0.0.4/Sky130_LVS/sky130.lvs.pvl is skipped. It is set in control file.
#!encrypt#!45#!+$x(_4_s2EFX~zx$>vEZ#7QurPwJK<!"u}p+K%Df:$%j
[WARN] Cmd-line override: LAYOUT_PRIMARY "Barrel_Shifter";
#!encrypt#!14#!Z(:(;4__E`FX~z#!encrypt#!5#!N+Y$Y#!encrypt#!33#!N6J0xC)WUk`OTCKA>"3=/[[;zP<l=y6-U#!encrypt#!9#!N+e](/n[%#!encrypt#!2#!g
[WARN] REPORT_SUMMARY statement at line 36 in file /opt/cadence-suite/sky130_release_0.0.4/Sky130_LVS/sky130.lvs.pvl is ignored.
       summary file has been specified as /home/campus15/mmunoria/Group2_VLSI_EE5900/Barrel_Shifter/pegasus_lvs/Barrel_Shifter.sum
#!encrypt#!10#!Z(G=.4tf}q#!encrypt#!5#!N+Y$Y#!encrypt#!48#!N626T+[]S MGU`Zl}uM{r!Muhd|2M%}zhcn]#ZG>tU)xu<U$#!encrypt#!7#!N+4IYKA#!encrypt#!2#!g
[WARN] option -drc is skipped at line 40 in file /opt/cadence-suite/sky130_release_0.0.4/Sky130_LVS/sky130.lvs.pvl
#!encrypt#!11#!e$7.;ota\ed#!encrypt#!5#!N+f$Y#!encrypt#!7#!NIK&r|K#!encrypt#!2#!g
[WARN]: MAX_RESULTS -erc at line 44 in file /opt/cadence-suite/sky130_release_0.0.4/Sky130_LVS/sky130.lvs.pvl is skipped. It is set in control file.
#!encrypt#!10#!e$7.Xo/Y7f#!encrypt#!5#!N+Y$Y#!encrypt#!5#!NdKuQ#!encrypt#!2#!g
[WARN] option -drc is skipped at line 48 in file /opt/cadence-suite/sky130_release_0.0.4/Sky130_LVS/sky130.lvs.pvl
#!encrypt#!26#!{jwDD=lLU-icfF0Q[J@D-52!!
[WARN]: ABORT_ON_LAYOUT_ERROR at line 52 in file /opt/cadence-suite/sky130_release_0.0.4/Sky130_LVS/sky130.lvs.pvl is skipped. It is set in control file.
#!encrypt#!10#!~(79q<QsYC#!encrypt#!9#!N+h$K}n>k#!encrypt#!2#!g
[WARN]: TEXT_DEPTH at line 54 in file /opt/cadence-suite/sky130_release_0.0.4/Sky130_LVS/sky130.lvs.pvl is skipped. It is set in control file.
#!encrypt#!19#!+ZG.;o9dX>Jzr`,[I)2#!encrypt#!6#!N+mkZ^#!encrypt#!2#!g
#!encrypt#!9#!+$xq;=s!@#!encrypt#!5#!N)y+7#!encrypt#!5#!NIK&B#!encrypt#!2#!g
#!encrypt#!9#!+$xq;=R9##!encrypt#!3#!NY8#!encrypt#!10#!N+Yp$P*eyj#!encrypt#!3#!NfK#!encrypt#!5#!NIK&B#!encrypt#!2#!g
#!encrypt#!9#!+$xq;=s!@#!encrypt#!9#!N)y+7=*x+#!encrypt#!5#!NIK&a#!encrypt#!2#!g
#!encrypt#!9#!+$xq;=R9##!encrypt#!3#!NY8#!encrypt#!10#!N+E]d~*eyj#!encrypt#!3#!NfK#!encrypt#!5#!NIK&a#!encrypt#!2#!g
#!encrypt#!9#!+$xq;=s!@#!encrypt#!4#!N#4*#!encrypt#!5#!NIK&m#!encrypt#!2#!g
#!encrypt#!9#!+$xq;=R9##!encrypt#!3#!NY8#!encrypt#!10#!N+Yp$P*eyj#!encrypt#!3#!NdO#!encrypt#!5#!NIK&m#!encrypt#!2#!g
#!encrypt#!9#!+$xq;=s!@#!encrypt#!9#!No<]2/_#_#!encrypt#!5#!NIK&N#!encrypt#!2#!g
#!encrypt#!9#!+$xq;=R9##!encrypt#!3#!NYO#!encrypt#!10#!N+Yp$P*eyj#!encrypt#!3#!NfK#!encrypt#!5#!NIK&N#!encrypt#!2#!g
#!encrypt#!9#!+$xq;=s!@#!encrypt#!7#!N)mvO/6#!encrypt#!5#!NIK&L#!encrypt#!2#!g
#!encrypt#!9#!+$xq;=R9##!encrypt#!3#!NYO#!encrypt#!10#!N+Yp$P*eyj#!encrypt#!3#!NIu#!encrypt#!5#!NIK&L#!encrypt#!2#!g
#!encrypt#!9#!+$xq;=s!@#!encrypt#!5#!N{<X&#!encrypt#!5#!NIK&Q#!encrypt#!2#!g
#!encrypt#!9#!+$xq;=R9##!encrypt#!3#!NIA#!encrypt#!10#!N+Yp$P*eyj#!encrypt#!3#!NdO#!encrypt#!5#!NIK&Q#!encrypt#!2#!g
#!encrypt#!9#!+$xq;=s!@#!encrypt#!5#!N{<PO#!encrypt#!5#!NIK&|#!encrypt#!2#!g
#!encrypt#!9#!+$xq;=R9##!encrypt#!4#!NIt7#!encrypt#!10#!N+Yp$P*eyj#!encrypt#!3#!NfK#!encrypt#!5#!NIK&|#!encrypt#!2#!g
#!encrypt#!9#!+$xq;=s!@#!encrypt#!5#!NJgf##!encrypt#!5#!NIK&J#!encrypt#!2#!g
#!encrypt#!9#!+$xq;=R9##!encrypt#!3#!NIu#!encrypt#!10#!N+Yp$P*eyj#!encrypt#!3#!NfK#!encrypt#!5#!NIK&J#!encrypt#!2#!g
#!encrypt#!9#!+$xq;=s!@#!encrypt#!5#!NJgf(#!encrypt#!5#!NIK& #!encrypt#!2#!g
#!encrypt#!9#!+$xq;=R9##!encrypt#!3#!N.u#!encrypt#!10#!N+Yp$P*eyj#!encrypt#!3#!NdO#!encrypt#!5#!NIK& #!encrypt#!2#!g
#!encrypt#!9#!+$xq;=s!@#!encrypt#!6#!NPY#$}#!encrypt#!5#!NIKRr#!encrypt#!2#!g
#!encrypt#!9#!+$xq;=R9##!encrypt#!3#!NI&#!encrypt#!10#!N+Yp$P*eyj#!encrypt#!3#!NdO#!encrypt#!5#!NIKRr#!encrypt#!2#!g
#!encrypt#!9#!+$xq;=s!@#!encrypt#!4#!NJg_#!encrypt#!5#!NIKRB#!encrypt#!2#!g
#!encrypt#!9#!+$xq;=R9##!encrypt#!3#!N.8#!encrypt#!10#!N+Yp$P*eyj#!encrypt#!3#!NfK#!encrypt#!5#!NIKRB#!encrypt#!2#!g
#!encrypt#!9#!+$xq;=s!@#!encrypt#!5#!N#p#&#!encrypt#!5#!NIKRa#!encrypt#!2#!g
#!encrypt#!9#!+$xq;=R9##!encrypt#!3#!NwK#!encrypt#!10#!N+Yp$P*eyj#!encrypt#!3#!NfK#!encrypt#!5#!NIKRa#!encrypt#!2#!g
#!encrypt#!9#!+$xq;=s!@#!encrypt#!5#!NPgfZ#!encrypt#!5#!NIKRm#!encrypt#!2#!g
#!encrypt#!9#!+$xq;=R9##!encrypt#!4#!NIt?#!encrypt#!10#!N+Yp$P*eyj#!encrypt#!3#!NdO#!encrypt#!5#!NIKRm#!encrypt#!2#!g
#!encrypt#!9#!+$xq;=s!@#!encrypt#!8#!N{M~x=A5#!encrypt#!5#!NIKRN#!encrypt#!2#!g
#!encrypt#!9#!+$xq;=R9##!encrypt#!3#!NYI#!encrypt#!10#!N+Yp$P*eyj#!encrypt#!3#!NfK#!encrypt#!5#!NIKRN#!encrypt#!2#!g
#!encrypt#!9#!+$xq;=s!@#!encrypt#!9#!N{M~x=*x+#!encrypt#!5#!NIKRL#!encrypt#!2#!g
#!encrypt#!9#!+$xq;=R9##!encrypt#!3#!NYI#!encrypt#!10#!N+E]d~*eyj#!encrypt#!3#!NfK#!encrypt#!5#!NIKRL#!encrypt#!2#!g
#!encrypt#!9#!+$xq;=s!@#!encrypt#!6#!NJg#$}#!encrypt#!5#!NIKRQ#!encrypt#!2#!g
#!encrypt#!9#!+$xq;=R9##!encrypt#!4#!NIt?#!encrypt#!10#!N+Yp$P*eyj#!encrypt#!3#!NfK#!encrypt#!5#!NIKRQ#!encrypt#!2#!g
#!encrypt#!9#!+$xq;=s!@#!encrypt#!5#!NoJP&#!encrypt#!5#!NIKR|#!encrypt#!2#!g
#!encrypt#!9#!+$xq;=R9##!encrypt#!3#!N[b#!encrypt#!10#!N+Yp$P*eyj#!encrypt#!3#!NdO#!encrypt#!5#!NIKR|#!encrypt#!2#!g
#!encrypt#!9#!+$xq;=s!@#!encrypt#!5#!N{JP&#!encrypt#!5#!NIKRJ#!encrypt#!2#!g
#!encrypt#!9#!+$xq;=R9##!encrypt#!3#!N[O#!encrypt#!10#!N+Yp$P*eyj#!encrypt#!3#!NfK#!encrypt#!5#!NIKRJ#!encrypt#!2#!g
#!encrypt#!9#!+$xq;=s!@#!encrypt#!4#!N3h"#!encrypt#!5#!NIKR #!encrypt#!2#!g
#!encrypt#!9#!+$xq;=R9##!encrypt#!3#!NwI#!encrypt#!10#!N+Yp$P*eyj#!encrypt#!3#!NfK#!encrypt#!5#!NIKR #!encrypt#!2#!g
#!encrypt#!9#!+$xq;=s!@#!encrypt#!5#!NKe*&#!encrypt#!5#!NIKnr#!encrypt#!2#!g
#!encrypt#!9#!+$xq;=R9##!encrypt#!3#!N.A#!encrypt#!10#!N+Yp$P*eyj#!encrypt#!3#!NfK#!encrypt#!5#!NIKnr#!encrypt#!2#!g
#!encrypt#!9#!+$xq;=s!@#!encrypt#!4#!Noh;#!encrypt#!5#!NIKnB#!encrypt#!2#!g
#!encrypt#!9#!+$xq;=R9##!encrypt#!3#!N[8#!encrypt#!10#!N+Yp$P*eyj#!encrypt#!3#!NfK#!encrypt#!5#!NIKnB#!encrypt#!2#!g
#!encrypt#!9#!+$xq;=s!@#!encrypt#!7#!NPy;`%h#!encrypt#!5#!NIKna#!encrypt#!2#!g
#!encrypt#!9#!+$xq;=R9##!encrypt#!3#!NYI#!encrypt#!10#!N+Yp$P*eyj#!encrypt#!3#!NdO#!encrypt#!5#!NIKna#!encrypt#!2#!g
#!encrypt#!9#!+$xq;=s!@#!encrypt#!7#!NPyRqK?#!encrypt#!5#!NIKnm#!encrypt#!2#!g
#!encrypt#!9#!+$xq;=R9##!encrypt#!3#!NYo#!encrypt#!10#!N+Yp$P*eyj#!encrypt#!3#!NfK#!encrypt#!5#!NIKnm#!encrypt#!2#!g
#!encrypt#!9#!+$xq;=s!@#!encrypt#!9#!NPyRq~(x+#!encrypt#!5#!NIKnN#!encrypt#!2#!g
#!encrypt#!9#!+$xq;=R9##!encrypt#!3#!NYo#!encrypt#!10#!N+E]d~*eyj#!encrypt#!3#!NfK#!encrypt#!5#!NIKnN#!encrypt#!2#!g
#!encrypt#!9#!+$xq;=s!@#!encrypt#!5#!NQqkZ#!encrypt#!5#!NIKnL#!encrypt#!2#!g
#!encrypt#!9#!+$xq;=R9##!encrypt#!3#!NYo#!encrypt#!10#!N+Yp$P*eyj#!encrypt#!3#!NdO#!encrypt#!5#!NIKnL#!encrypt#!2#!g
#!encrypt#!9#!+$xq;=s!@#!encrypt#!8#!NQffB=A5#!encrypt#!5#!NIKnQ#!encrypt#!2#!g
#!encrypt#!9#!+$xq;=R9##!encrypt#!3#!NYu#!encrypt#!10#!N+Yp$P*eyj#!encrypt#!3#!NfK#!encrypt#!5#!NIKnQ#!encrypt#!2#!g
#!encrypt#!9#!+$xq;=s!@#!encrypt#!10#!NQffB=*\B/#!encrypt#!5#!NIKn|#!encrypt#!2#!g
#!encrypt#!9#!+$xq;=R9##!encrypt#!3#!NYu#!encrypt#!10#!N+E]d~*eyj#!encrypt#!3#!NfK#!encrypt#!5#!NIKn|#!encrypt#!2#!g
#!encrypt#!9#!+$xq;=s!@#!encrypt#!4#!Nkyp#!encrypt#!5#!NIKnJ#!encrypt#!2#!g
#!encrypt#!9#!+$xq;=R9##!encrypt#!3#!NYu#!encrypt#!10#!N+Yp$P*eyj#!encrypt#!3#!NdO#!encrypt#!5#!NIKnJ#!encrypt#!2#!g
#!encrypt#!9#!+$xq;=s!@#!encrypt#!8#!NQffa=A5#!encrypt#!5#!NIKn #!encrypt#!2#!g
#!encrypt#!9#!+$xq;=R9##!encrypt#!3#!NYA#!encrypt#!10#!N+Yp$P*eyj#!encrypt#!3#!NfK#!encrypt#!5#!NIKn #!encrypt#!2#!g
#!encrypt#!9#!+$xq;=s!@#!encrypt#!10#!NQffa=*\B/#!encrypt#!5#!NIKOr#!encrypt#!2#!g
#!encrypt#!9#!+$xq;=R9##!encrypt#!3#!NYA#!encrypt#!10#!N+E]d~*eyj#!encrypt#!3#!NfK#!encrypt#!5#!NIKOr#!encrypt#!2#!g
#!encrypt#!9#!+$xq;=s!@#!encrypt#!5#!Nkypa#!encrypt#!5#!NIKOB#!encrypt#!2#!g
#!encrypt#!9#!+$xq;=R9##!encrypt#!3#!NYA#!encrypt#!10#!N+Yp$P*eyj#!encrypt#!3#!NdO#!encrypt#!5#!NIKOB#!encrypt#!2#!g
#!encrypt#!9#!+$xq;=s!@#!encrypt#!8#!NQffm=A5#!encrypt#!5#!NIKOa#!encrypt#!2#!g
#!encrypt#!9#!+$xq;=R9##!encrypt#!3#!N.K#!encrypt#!10#!N+Yp$P*eyj#!encrypt#!3#!NfK#!encrypt#!5#!NIKOa#!encrypt#!2#!g
#!encrypt#!9#!+$xq;=s!@#!encrypt#!10#!NQffm=*\B/#!encrypt#!5#!NIKOm#!encrypt#!2#!g
#!encrypt#!9#!+$xq;=R9##!encrypt#!3#!N.K#!encrypt#!10#!N+E]d~*eyj#!encrypt#!3#!NfK#!encrypt#!5#!NIKOm#!encrypt#!2#!g
#!encrypt#!9#!+$xq;=s!@#!encrypt#!8#!Nkypm=A5#!encrypt#!5#!NIKON#!encrypt#!2#!g
#!encrypt#!9#!+$xq;=R9##!encrypt#!3#!N.K#!encrypt#!10#!N+Yp$P*eyj#!encrypt#!3#!NdO#!encrypt#!5#!NIKON#!encrypt#!2#!g
#!encrypt#!9#!+$xq;=s!@#!encrypt#!8#!NQffN=A5#!encrypt#!5#!NIKOL#!encrypt#!2#!g
#!encrypt#!9#!+$xq;=R9##!encrypt#!3#!N.&#!encrypt#!10#!N+Yp$P*eyj#!encrypt#!3#!NfK#!encrypt#!5#!NIKOL#!encrypt#!2#!g
#!encrypt#!9#!+$xq;=s!@#!encrypt#!10#!NQffN=*\B/#!encrypt#!5#!NIKOQ#!encrypt#!2#!g
#!encrypt#!9#!+$xq;=R9##!encrypt#!3#!N.&#!encrypt#!10#!N+E]d~*eyj#!encrypt#!3#!NfK#!encrypt#!5#!NIKOQ#!encrypt#!2#!g
#!encrypt#!9#!+$xq;=s!@#!encrypt#!5#!NkypN#!encrypt#!5#!NIKO|#!encrypt#!2#!g
#!encrypt#!9#!+$xq;=R9##!encrypt#!3#!N.&#!encrypt#!10#!N+Yp$P*eyj#!encrypt#!3#!NdO#!encrypt#!5#!NIKO|#!encrypt#!2#!g
#!encrypt#!9#!+$xq;=s!@#!encrypt#!8#!NQffL=A5#!encrypt#!5#!NIKOJ#!encrypt#!2#!g
#!encrypt#!9#!+$xq;=R9##!encrypt#!3#!N.t#!encrypt#!10#!N+Yp$P*eyj#!encrypt#!3#!NfK#!encrypt#!5#!NIKOJ#!encrypt#!2#!g
#!encrypt#!9#!+$xq;=s!@#!encrypt#!10#!NQffL=*\B/#!encrypt#!5#!NIKO #!encrypt#!2#!g
#!encrypt#!9#!+$xq;=R9##!encrypt#!3#!N.t#!encrypt#!10#!N+E]d~*eyj#!encrypt#!3#!NfK#!encrypt#!5#!NIKO #!encrypt#!2#!g
#!encrypt#!9#!+$xq;=s!@#!encrypt#!4#!N{4P#!encrypt#!5#!NIK7r#!encrypt#!2#!g
#!encrypt#!9#!+$xq;=R9##!encrypt#!3#!N.I#!encrypt#!10#!N+Yp$P*eyj#!encrypt#!3#!NfK#!encrypt#!5#!NIK7r#!encrypt#!2#!g
#!encrypt#!9#!+$xq;=s!@#!encrypt#!9#!N{4Pq~(x+#!encrypt#!5#!NIK7B#!encrypt#!2#!g
#!encrypt#!9#!+$xq;=R9##!encrypt#!3#!N.I#!encrypt#!10#!N+E]d~*eyj#!encrypt#!3#!NfK#!encrypt#!5#!NIK7B#!encrypt#!2#!g
#!encrypt#!9#!+$xq;=s!@#!encrypt#!4#!NoJ"#!encrypt#!5#!NIK7a#!encrypt#!2#!g
#!encrypt#!9#!+$xq;=R9##!encrypt#!3#!NY&#!encrypt#!10#!N+Yp$P*eyj#!encrypt#!3#!NfK#!encrypt#!5#!NIK7a#!encrypt#!2#!g
#!encrypt#!9#!+$xq;=s!@#!encrypt#!5#!Nc4*&#!encrypt#!5#!NIK7m#!encrypt#!2#!g
#!encrypt#!9#!+$xq;=R9##!encrypt#!3#!NwA#!encrypt#!10#!N+Yp$P*eyj#!encrypt#!3#!NdO#!encrypt#!5#!NIK7m#!encrypt#!2#!g
#!encrypt#!9#!+$xq;=s!@#!encrypt#!6#!Nc4*a}#!encrypt#!5#!NIK7N#!encrypt#!2#!g
#!encrypt#!9#!+$xq;=R9##!encrypt#!3#!N[o#!encrypt#!10#!N+Yp$P*eyj#!encrypt#!3#!NdO#!encrypt#!5#!NIK7N#!encrypt#!2#!g
#!encrypt#!9#!+$xq;=s!@#!encrypt#!5#!Nk,xK#!encrypt#!5#!NIK7L#!encrypt#!2#!g
#!encrypt#!9#!+$xq;=R9##!encrypt#!3#!N.O#!encrypt#!10#!N+Yp$P*eyj#!encrypt#!3#!Nf&#!encrypt#!5#!NIK7L#!encrypt#!2#!g
#!encrypt#!9#!+$xq;=s!@#!encrypt#!5#!NK,xK#!encrypt#!5#!NIK7Q#!encrypt#!2#!g
#!encrypt#!9#!+$xq;=R9##!encrypt#!3#!N.O#!encrypt#!10#!N+Yp$P*eyj#!encrypt#!3#!Nft#!encrypt#!5#!NIK7Q#!encrypt#!2#!g
#!encrypt#!9#!+$xq;=s!@#!encrypt#!4#!Noh##!encrypt#!5#!NIK7|#!encrypt#!2#!g
#!encrypt#!9#!+$xq;=R9##!encrypt#!3#!Nwt#!encrypt#!10#!N+Yp$P*eyj#!encrypt#!3#!NfK#!encrypt#!5#!NIK7|#!encrypt#!2#!g
#!encrypt#!9#!+$xq;=s!@#!encrypt#!9#!NamPVw*@=#!encrypt#!5#!NIK7J#!encrypt#!2#!g
#!encrypt#!9#!+$xq;=R9##!encrypt#!3#!Nwt#!encrypt#!10#!N+Yp$P*eyj#!encrypt#!3#!NfO#!encrypt#!5#!NIK7J#!encrypt#!2#!g
#!encrypt#!9#!+$xq;=s!@#!encrypt#!13#!Nc4*{wA:ZcMlX#!encrypt#!5#!NIK7 #!encrypt#!2#!g
#!encrypt#!9#!+$xq;=R9##!encrypt#!3#!Nwt#!encrypt#!10#!N+Yp$P*eyj#!encrypt#!3#!NYO#!encrypt#!5#!NIK7 #!encrypt#!2#!g
#!encrypt#!9#!+$xq;=s!@#!encrypt#!4#!N{m*#!encrypt#!5#!NIK?r#!encrypt#!2#!g
#!encrypt#!9#!+$xq;=R9##!encrypt#!3#!Nwt#!encrypt#!10#!N+Yp$P*eyj#!encrypt#!3#!NdO#!encrypt#!5#!NIK?r#!encrypt#!2#!g
#!encrypt#!9#!+$xq;=s!@#!encrypt#!10#!NM[mq"+C_j#!encrypt#!5#!NIK?B#!encrypt#!2#!g
#!encrypt#!9#!+$xq;=R9##!encrypt#!3#!NwO#!encrypt#!10#!N+Yp$P*eyj#!encrypt#!3#!NdO#!encrypt#!5#!NIK?B#!encrypt#!2#!g
#!encrypt#!9#!+$xq;=s!@#!encrypt#!4#!Noq"#!encrypt#!5#!NIK?a#!encrypt#!2#!g
#!encrypt#!9#!+$xq;=R9##!encrypt#!3#!N[t#!encrypt#!10#!N+Yp$P*eyj#!encrypt#!3#!NdO#!encrypt#!5#!NIK?a#!encrypt#!2#!g
#!encrypt#!9#!+$xq;=s!@#!encrypt#!10#!N{4P6^?:%c#!encrypt#!5#!NIK?m#!encrypt#!2#!g
#!encrypt#!9#!+$xq;=R9##!encrypt#!3#!Nw&#!encrypt#!10#!N+Yp$P*eyj#!encrypt#!3#!NfK#!encrypt#!5#!NIK?m#!encrypt#!2#!g
#!encrypt#!9#!+$xq;=s!@#!encrypt#!7#!N#4$p^*#!encrypt#!5#!NIK?N#!encrypt#!2#!g
#!encrypt#!9#!+$xq;=R9##!encrypt#!3#!N.I#!encrypt#!10#!N+Yp$P*eyj#!encrypt#!3#!NdO#!encrypt#!5#!NIK?N#!encrypt#!2#!g
#!encrypt#!9#!+$xq;=s!@#!encrypt#!10#!NOe]{KBQt_#!encrypt#!5#!NIK?L#!encrypt#!2#!g
#!encrypt#!9#!+$xq;=R9##!encrypt#!3#!Nw&#!encrypt#!10#!N+Yp$P*eyj#!encrypt#!2#!NI#!encrypt#!5#!NIK?L#!encrypt#!2#!g
#!encrypt#!9#!+$xq;=R9##!encrypt#!3#!Nw&#!encrypt#!10#!N+Yp$P*eyj#!encrypt#!2#!N.#!encrypt#!5#!NIK?L#!encrypt#!2#!g
#!encrypt#!9#!+$xq;=s!@#!encrypt#!10#!NOe]{KBQmj#!encrypt#!5#!NIK?Q#!encrypt#!2#!g
#!encrypt#!9#!+$xq;=R9##!encrypt#!3#!Nw&#!encrypt#!10#!N+Yp$P*eyj#!encrypt#!2#!Nf#!encrypt#!5#!NIK?Q#!encrypt#!2#!g
#!encrypt#!9#!+$xq;=s!@#!encrypt#!10#!NOe]{KBQ'j#!encrypt#!5#!NIK?|#!encrypt#!2#!g
#!encrypt#!9#!+$xq;=R9##!encrypt#!3#!Nw&#!encrypt#!10#!N+Yp$P*eyj#!encrypt#!2#!NE#!encrypt#!5#!NIK?|#!encrypt#!2#!g
#!encrypt#!9#!+$xq;=s!@#!encrypt#!10#!NOe]{KBQtS#!encrypt#!5#!NIK?J#!encrypt#!2#!g
#!encrypt#!9#!+$xq;=R9##!encrypt#!3#!Nw&#!encrypt#!10#!N+Yp$P*eyj#!encrypt#!2#!Nd#!encrypt#!5#!NIK?J#!encrypt#!2#!g
#!encrypt#!9#!+$xq;=s!@#!encrypt#!10#!NOe]{KBQtk#!encrypt#!5#!NIK? #!encrypt#!2#!g
#!encrypt#!9#!+$xq;=R9##!encrypt#!3#!Nw&#!encrypt#!10#!N+Yp$P*eyj#!encrypt#!2#!NY#!encrypt#!5#!NIK? #!encrypt#!2#!g
#!encrypt#!9#!+$xq;=s!@#!encrypt#!10#!NOe]{KBQtc#!encrypt#!5#!NIKjB#!encrypt#!2#!g
#!encrypt#!9#!+$xq;=R9##!encrypt#!3#!Nw&#!encrypt#!10#!N+Yp$P*eyj#!encrypt#!2#!Nw#!encrypt#!5#!NIKjB#!encrypt#!2#!g
#!encrypt#!9#!+$xq;=s!@#!encrypt#!10#!NOe]{KBQl/#!encrypt#!5#!NIKja#!encrypt#!2#!g
#!encrypt#!9#!+$xq;=R9##!encrypt#!3#!Nw&#!encrypt#!10#!N+Yp$P*eyj#!encrypt#!3#!NIK#!encrypt#!5#!NIKja#!encrypt#!2#!g
#!encrypt#!9#!+$xq;=s!@#!encrypt#!10#!NOe]{KBQx/#!encrypt#!5#!NIKjm#!encrypt#!2#!g
#!encrypt#!9#!+$xq;=R9##!encrypt#!3#!Nw&#!encrypt#!10#!N+Yp$P*eyj#!encrypt#!3#!NI&#!encrypt#!5#!NIKjm#!encrypt#!2#!g
#!encrypt#!9#!+$xq;=s!@#!encrypt#!10#!NOe]{KBQ'/#!encrypt#!5#!NIKjN#!encrypt#!2#!g
#!encrypt#!9#!+$xq;=R9##!encrypt#!3#!Nw&#!encrypt#!10#!N+Yp$P*eyj#!encrypt#!3#!NIt#!encrypt#!5#!NIKjN#!encrypt#!2#!g
#!encrypt#!9#!+$xq;=s!@#!encrypt#!10#!NOe]{KBQ{O#!encrypt#!5#!NIKjL#!encrypt#!2#!g
#!encrypt#!9#!+$xq;=R9##!encrypt#!3#!Nw&#!encrypt#!10#!N+Yp$P*eyj#!encrypt#!3#!NIb#!encrypt#!5#!NIKjL#!encrypt#!2#!g
#!encrypt#!9#!+$xq;=s!@#!encrypt#!10#!NOe]{KBQdm#!encrypt#!5#!NIKjQ#!encrypt#!2#!g
#!encrypt#!9#!+$xq;=R9##!encrypt#!3#!Nw&#!encrypt#!10#!N+Yp$P*eyj#!encrypt#!3#!NIO#!encrypt#!5#!NIKjQ#!encrypt#!2#!g
#!encrypt#!9#!+$xq;=s!@#!encrypt#!10#!NOe]{KBQ_J#!encrypt#!5#!NIKj|#!encrypt#!2#!g
#!encrypt#!9#!+$xq;=R9##!encrypt#!3#!Nw&#!encrypt#!10#!N+Yp$P*eyj#!encrypt#!3#!NI8#!encrypt#!5#!NIKj|#!encrypt#!2#!g
#!encrypt#!9#!+$xq;=s!@#!encrypt#!10#!NOe]{KBQPB#!encrypt#!5#!NIKjJ#!encrypt#!2#!g
#!encrypt#!9#!+$xq;=R9##!encrypt#!3#!Nw&#!encrypt#!10#!N+Yp$P*eyj#!encrypt#!3#!NIo#!encrypt#!5#!NIKjJ#!encrypt#!2#!g
#!encrypt#!9#!+$xq;=s!@#!encrypt#!10#!NOe]{KBQ>c#!encrypt#!5#!NIKj #!encrypt#!2#!g
#!encrypt#!9#!+$xq;=R9##!encrypt#!3#!Nw&#!encrypt#!10#!N+Yp$P*eyj#!encrypt#!3#!NIu#!encrypt#!5#!NIKj #!encrypt#!2#!g
#!encrypt#!9#!+$xq;=s!@#!encrypt#!10#!NOe]{KBQ%m#!encrypt#!5#!NIK%r#!encrypt#!2#!g
#!encrypt#!9#!+$xq;=R9##!encrypt#!3#!Nw&#!encrypt#!10#!N+Yp$P*eyj#!encrypt#!3#!NIA#!encrypt#!5#!NIK%r#!encrypt#!2#!g
#!encrypt#!9#!+$xq;=s!@#!encrypt#!10#!NOe]{KBQxj#!encrypt#!5#!NIK%B#!encrypt#!2#!g
#!encrypt#!9#!+$xq;=R9##!encrypt#!3#!Nw&#!encrypt#!10#!N+Yp$P*eyj#!encrypt#!3#!Nfb#!encrypt#!5#!NIK%B#!encrypt#!2#!g
#!encrypt#!9#!+$xq;=s!@#!encrypt#!10#!NOe]{KBQ=m#!encrypt#!5#!NIK%a#!encrypt#!2#!g
#!encrypt#!9#!+$xq;=R9##!encrypt#!3#!Nw&#!encrypt#!10#!N+Yp$P*eyj#!encrypt#!3#!NfO#!encrypt#!5#!NIK%a#!encrypt#!2#!g
#!encrypt#!9#!+$xq;=s!@#!encrypt#!10#!NOe]{KBQx.#!encrypt#!5#!NIK%m#!encrypt#!2#!g
#!encrypt#!9#!+$xq;=R9##!encrypt#!3#!Nw&#!encrypt#!10#!N+Yp$P*eyj#!encrypt#!3#!NGK#!encrypt#!5#!NIK%m#!encrypt#!2#!g
#!encrypt#!9#!+$xq;=s!@#!encrypt#!10#!NOe]{KBQmc#!encrypt#!5#!NIK%N#!encrypt#!2#!g
#!encrypt#!9#!+$xq;=R9##!encrypt#!3#!Nw&#!encrypt#!10#!N+Yp$P*eyj#!encrypt#!3#!NG&#!encrypt#!5#!NIK%N#!encrypt#!2#!g
#!encrypt#!9#!+$xq;=s!@#!encrypt#!10#!NOe]{KBQmm#!encrypt#!5#!NIK%L#!encrypt#!2#!g
#!encrypt#!9#!+$xq;=R9##!encrypt#!3#!Nw&#!encrypt#!10#!N+Yp$P*eyj#!encrypt#!3#!NGt#!encrypt#!5#!NIK%L#!encrypt#!2#!g
#!encrypt#!9#!+$xq;=s!@#!encrypt#!10#!NOe]{KBQt/#!encrypt#!5#!NIK%Q#!encrypt#!2#!g
#!encrypt#!9#!+$xq;=R9##!encrypt#!3#!Nw&#!encrypt#!10#!N+Yp$P*eyj#!encrypt#!3#!NGb#!encrypt#!5#!NIK%Q#!encrypt#!2#!g
#!encrypt#!9#!+$xq;=s!@#!encrypt#!10#!NOe]{KBQZw#!encrypt#!5#!NIK%|#!encrypt#!2#!g
#!encrypt#!9#!+$xq;=R9##!encrypt#!3#!Nw&#!encrypt#!10#!N+Yp$P*eyj#!encrypt#!3#!NGO#!encrypt#!5#!NIK%|#!encrypt#!2#!g
#!encrypt#!9#!+$xq;=s!@#!encrypt#!10#!NOe]{KBQ%.#!encrypt#!5#!NIK%J#!encrypt#!2#!g
#!encrypt#!9#!+$xq;=R9##!encrypt#!3#!Nw&#!encrypt#!10#!N+Yp$P*eyj#!encrypt#!3#!NGo#!encrypt#!5#!NIK%J#!encrypt#!2#!g
#!encrypt#!9#!+$xq;=s!@#!encrypt#!12#!NOe]{KBQ%.5 #!encrypt#!5#!NIK% #!encrypt#!2#!g
#!encrypt#!9#!+$xq;=R9##!encrypt#!3#!Nw&#!encrypt#!10#!N+Yp$P*eyj#!encrypt#!3#!NGu#!encrypt#!5#!NIK% #!encrypt#!2#!g
#!encrypt#!9#!+$xq;=s!@#!encrypt#!10#!NOe]{KBQdj#!encrypt#!5#!NIKcr#!encrypt#!2#!g
#!encrypt#!9#!+$xq;=R9##!encrypt#!3#!Nw&#!encrypt#!10#!N+Yp$P*eyj#!encrypt#!3#!NYK#!encrypt#!5#!NIKcr#!encrypt#!2#!g
#!encrypt#!9#!+$xq;=s!@#!encrypt#!10#!NOe]{KBQ._#!encrypt#!5#!NIKcB#!encrypt#!2#!g
#!encrypt#!9#!+$xq;=R9##!encrypt#!3#!Nw&#!encrypt#!10#!N+Yp$P*eyj#!encrypt#!3#!NYb#!encrypt#!5#!NIKcB#!encrypt#!2#!g
#!encrypt#!9#!+$xq;=s!@#!encrypt#!10#!NOe]{KBQtm#!encrypt#!5#!NIKca#!encrypt#!2#!g
#!encrypt#!9#!+$xq;=R9##!encrypt#!3#!Nw&#!encrypt#!10#!N+Yp$P*eyj#!encrypt#!3#!N.K#!encrypt#!5#!NIKca#!encrypt#!2#!g
#!encrypt#!9#!+$xq;=s!@#!encrypt#!10#!NOe]{KBQy\#!encrypt#!5#!NIKcm#!encrypt#!2#!g
#!encrypt#!9#!+$xq;=R9##!encrypt#!3#!Nw&#!encrypt#!10#!N+Yp$P*eyj#!encrypt#!3#!Nw&#!encrypt#!5#!NIKcm#!encrypt#!2#!g
#!encrypt#!9#!+$xq;=s!@#!encrypt#!10#!NOe]{KBQP/#!encrypt#!5#!NIKcN#!encrypt#!2#!g
#!encrypt#!9#!+$xq;=R9##!encrypt#!3#!Nw&#!encrypt#!10#!N+Yp$P*eyj#!encrypt#!3#!NwO#!encrypt#!5#!NIKcN#!encrypt#!2#!g
#!encrypt#!9#!+$xq;=s!@#!encrypt#!10#!NOe]{KBQ%/#!encrypt#!5#!NIKcL#!encrypt#!2#!g
#!encrypt#!9#!+$xq;=R9##!encrypt#!3#!Nw&#!encrypt#!10#!N+Yp$P*eyj#!encrypt#!4#!NIKR#!encrypt#!5#!NIKcL#!encrypt#!2#!g
#!encrypt#!9#!+$xq;=s!@#!encrypt#!11#!NOe]{KBQd<?#!encrypt#!5#!NIKcQ#!encrypt#!2#!g
#!encrypt#!9#!+$xq;=R9##!encrypt#!3#!Nw&#!encrypt#!10#!N+Yp$P*eyj#!encrypt#!4#!NIKc#!encrypt#!5#!NIKcQ#!encrypt#!2#!g
#!encrypt#!9#!+$xq;=s!@#!encrypt#!10#!NOe]{KBQ=j#!encrypt#!5#!NIKc|#!encrypt#!2#!g
#!encrypt#!9#!+$xq;=R9##!encrypt#!3#!Nw&#!encrypt#!10#!N+Yp$P*eyj#!encrypt#!4#!NIt?#!encrypt#!5#!NIKc|#!encrypt#!2#!g
#!encrypt#!9#!+$xq;=s!@#!encrypt#!4#!N4M"#!encrypt#!5#!NIKcJ#!encrypt#!2#!g
#!encrypt#!9#!+$xq;=R9##!encrypt#!3#!Nft#!encrypt#!10#!N+Yp$P*eyj#!encrypt#!3#!Nfb#!encrypt#!5#!NIKcJ#!encrypt#!2#!g
#!encrypt#!9#!+$xq;=s!@#!encrypt#!10#!N{M~x=yF+j#!encrypt#!5#!NIKc #!encrypt#!2#!g
#!encrypt#!9#!+$xq;=R9##!encrypt#!3#!NYI#!encrypt#!10#!N+Yp$P*eyj#!encrypt#!2#!N[#!encrypt#!5#!NIKc #!encrypt#!2#!g
#!encrypt#!9#!+$xq;=s!@#!encrypt#!11#!N{M~x=|@xj=#!encrypt#!5#!NIKur#!encrypt#!2#!g
#!encrypt#!9#!+$xq;=R9##!encrypt#!3#!NYI#!encrypt#!10#!N+E]d~*eyj#!encrypt#!3#!Nwb#!encrypt#!5#!NIKur#!encrypt#!2#!g
#!encrypt#!9#!+$xq;=s!@#!encrypt#!9#!N{M~x=+\t#!encrypt#!5#!NIKuB#!encrypt#!2#!g
#!encrypt#!9#!+$xq;=R9##!encrypt#!3#!NYI#!encrypt#!10#!N+Yp$P*eyj#!encrypt#!3#!NIb#!encrypt#!5#!NIKuB#!encrypt#!2#!g
#!encrypt#!9#!+$xq;=s!@#!encrypt#!9#!N)y+7=+\t#!encrypt#!5#!NIKua#!encrypt#!2#!g
#!encrypt#!9#!+$xq;=R9##!encrypt#!3#!NY8#!encrypt#!10#!N+Yp$P*eyj#!encrypt#!3#!NIb#!encrypt#!5#!NIKua#!encrypt#!2#!g
#!encrypt#!9#!+$xq;=s!@#!encrypt#!10#!N{<]2/_>%J#!encrypt#!5#!NIKum#!encrypt#!2#!g
#!encrypt#!9#!+$xq;=R9##!encrypt#!3#!NYO#!encrypt#!10#!N+Yp$P*eyj#!encrypt#!3#!NIb#!encrypt#!5#!NIKum#!encrypt#!2#!g
#!encrypt#!9#!+$xq;=s!@#!encrypt#!8#!NPyRqZ(o#!encrypt#!5#!NIKuN#!encrypt#!2#!g
#!encrypt#!9#!+$xq;=R9##!encrypt#!3#!NYo#!encrypt#!10#!N+Yp$P*eyj#!encrypt#!3#!NIb#!encrypt#!5#!NIKuN#!encrypt#!2#!g
#!encrypt#!9#!+$xq;=s!@#!encrypt#!8#!N)y+7=a #!encrypt#!5#!NIKuL#!encrypt#!2#!g
#!encrypt#!9#!+$xq;=R9##!encrypt#!3#!NY8#!encrypt#!10#!N+Yp$P*eyj#!encrypt#!2#!Nw#!encrypt#!5#!NIKuL#!encrypt#!2#!g
#!encrypt#!9#!+$xq;=s!@#!encrypt#!10#!NQffN=!Ctj#!encrypt#!5#!NIKuQ#!encrypt#!2#!g
#!encrypt#!9#!+$xq;=R9##!encrypt#!3#!N.&#!encrypt#!10#!N+Yp$P*eyj#!encrypt#!3#!NIo#!encrypt#!5#!NIKuQ#!encrypt#!2#!g
#!encrypt#!9#!+$xq;=s!@#!encrypt#!14#!NamPVw*@=#?|W-#!encrypt#!5#!NIKu|#!encrypt#!2#!g
#!encrypt#!9#!+$xq;=R9##!encrypt#!3#!Nwt#!encrypt#!10#!N+Yp$P*eyj#!encrypt#!3#!NfI#!encrypt#!5#!NIKu|#!encrypt#!2#!g
#!encrypt#!9#!+$xq;=s!@#!encrypt#!14#!NamPVw*@=#?|Wi#!encrypt#!5#!NIKuJ#!encrypt#!2#!g
#!encrypt#!9#!+$xq;=R9##!encrypt#!3#!Nwt#!encrypt#!10#!N+Yp$P*eyj#!encrypt#!3#!Nfo#!encrypt#!5#!NIKuJ#!encrypt#!2#!g
#!encrypt#!9#!+$xq;=s!@#!encrypt#!14#!NamPVw*@=#?|W=#!encrypt#!5#!NIKu #!encrypt#!2#!g
#!encrypt#!9#!+$xq;=R9##!encrypt#!3#!Nwt#!encrypt#!10#!N+Yp$P*eyj#!encrypt#!3#!Nfu#!encrypt#!5#!NIKu #!encrypt#!2#!g
#!encrypt#!9#!+$xq;=s!@#!encrypt#!10#!NPyRq>6@mL#!encrypt#!5#!NI&&r#!encrypt#!2#!g
#!encrypt#!9#!+$xq;=R9##!encrypt#!3#!NYo#!encrypt#!10#!N+Yp$P*eyj#!encrypt#!3#!NIK#!encrypt#!5#!NI&&r#!encrypt#!2#!g
#!encrypt#!9#!+$xq;=s!@#!encrypt#!11#!NQffB=uyZS}#!encrypt#!5#!NI&&B#!encrypt#!2#!g
#!encrypt#!9#!+$xq;=R9##!encrypt#!3#!NYu#!encrypt#!10#!N+Yp$P*eyj#!encrypt#!3#!NIK#!encrypt#!5#!NI&&B#!encrypt#!2#!g
#!encrypt#!9#!+$xq;=s!@#!encrypt#!11#!NQffa=uyZS}#!encrypt#!5#!NI&&a#!encrypt#!2#!g
#!encrypt#!9#!+$xq;=R9##!encrypt#!3#!NYA#!encrypt#!10#!N+Yp$P*eyj#!encrypt#!3#!NIK#!encrypt#!5#!NI&&a#!encrypt#!2#!g
#!encrypt#!9#!+$xq;=s!@#!encrypt#!11#!NQffm=uyZS}#!encrypt#!5#!NI&&m#!encrypt#!2#!g
#!encrypt#!9#!+$xq;=R9##!encrypt#!3#!N.K#!encrypt#!10#!N+Yp$P*eyj#!encrypt#!3#!NIK#!encrypt#!5#!NI&&m#!encrypt#!2#!g
#!encrypt#!9#!+$xq;=s!@#!encrypt#!11#!NQffN=uyZS}#!encrypt#!5#!NI&&N#!encrypt#!2#!g
#!encrypt#!9#!+$xq;=R9##!encrypt#!3#!N.&#!encrypt#!10#!N+Yp$P*eyj#!encrypt#!3#!NIK#!encrypt#!5#!NI&&N#!encrypt#!2#!g
#!encrypt#!9#!+$xq;=s!@#!encrypt#!11#!NQffL=uyZS}#!encrypt#!5#!NI&&L#!encrypt#!2#!g
#!encrypt#!9#!+$xq;=R9##!encrypt#!3#!N.t#!encrypt#!10#!N+Yp$P*eyj#!encrypt#!3#!NIK#!encrypt#!5#!NI&&L#!encrypt#!2#!g
#!encrypt#!9#!+$xq;=s!@#!encrypt#!8#!N{ebZg+e#!encrypt#!5#!NI&&Q#!encrypt#!2#!g
#!encrypt#!9#!+$xq;=R9##!encrypt#!4#!Nfb?#!encrypt#!10#!N+Yp$P*eyj#!encrypt#!2#!Nd#!encrypt#!5#!NI&&Q#!encrypt#!2#!g
#!encrypt#!9#!+$xq;=s!@#!encrypt#!9#!N)y+7=u5x#!encrypt#!5#!NI&&|#!encrypt#!2#!g
#!encrypt#!9#!+$xq;=R9##!encrypt#!3#!NY8#!encrypt#!10#!N+Yp$P*eyj#!encrypt#!2#!Nd#!encrypt#!5#!NI&&|#!encrypt#!2#!g
#!encrypt#!9#!+$xq;=s!@#!encrypt#!8#!N#4*q>?0#!encrypt#!5#!NI&&J#!encrypt#!2#!g
#!encrypt#!9#!+$xq;=R9##!encrypt#!3#!NY8#!encrypt#!10#!N+Yp$P*eyj#!encrypt#!3#!NYK#!encrypt#!5#!NI&&J#!encrypt#!2#!g
#!encrypt#!9#!+$xq;=s!@#!encrypt#!9#!NQqkZ=u5x#!encrypt#!5#!NI&& #!encrypt#!2#!g
#!encrypt#!9#!+$xq;=R9##!encrypt#!3#!NYo#!encrypt#!10#!N+Yp$P*eyj#!encrypt#!3#!NYK#!encrypt#!5#!NI&& #!encrypt#!2#!g
#!encrypt#!9#!+$xq;=s!@#!encrypt#!9#!N{M~x=u5x#!encrypt#!5#!NI&Rr#!encrypt#!2#!g
#!encrypt#!9#!+$xq;=R9##!encrypt#!3#!NYI#!encrypt#!10#!N+Yp$P*eyj#!encrypt#!2#!Nd#!encrypt#!5#!NI&Rr#!encrypt#!2#!g
#!encrypt#!9#!+$xq;=s!@#!encrypt#!8#!Nkypq>?0#!encrypt#!5#!NI&RB#!encrypt#!2#!g
#!encrypt#!9#!+$xq;=R9##!encrypt#!3#!NYu#!encrypt#!10#!N+Yp$P*eyj#!encrypt#!3#!NYK#!encrypt#!5#!NI&RB#!encrypt#!2#!g
#!encrypt#!9#!+$xq;=s!@#!encrypt#!9#!Nkypa=u5x#!encrypt#!5#!NI&Ra#!encrypt#!2#!g
#!encrypt#!9#!+$xq;=R9##!encrypt#!3#!NYA#!encrypt#!10#!N+Yp$P*eyj#!encrypt#!3#!NYK#!encrypt#!5#!NI&Ra#!encrypt#!2#!g
#!encrypt#!9#!+$xq;=s!@#!encrypt#!9#!Nkypm=u5x#!encrypt#!5#!NI&Rm#!encrypt#!2#!g
#!encrypt#!9#!+$xq;=R9##!encrypt#!3#!N.K#!encrypt#!10#!N+Yp$P*eyj#!encrypt#!3#!NYK#!encrypt#!5#!NI&Rm#!encrypt#!2#!g
#!encrypt#!9#!+$xq;=s!@#!encrypt#!9#!NkypN=u5x#!encrypt#!5#!NI&RN#!encrypt#!2#!g
#!encrypt#!9#!+$xq;=R9##!encrypt#!3#!N.&#!encrypt#!10#!N+Yp$P*eyj#!encrypt#!3#!NYK#!encrypt#!5#!NI&RN#!encrypt#!2#!g
#!encrypt#!9#!+$xq;=s!@#!encrypt#!10#!NPyRq/nm%_#!encrypt#!5#!NI&RL#!encrypt#!2#!g
#!encrypt#!9#!+$xq;=R9##!encrypt#!3#!NYo#!encrypt#!10#!N+E]d~*eyj#!encrypt#!2#!NG#!encrypt#!5#!NI&RL#!encrypt#!2#!g
#!encrypt#!9#!+$xq;=s!@#!encrypt#!11#!NQffB=6F^j=#!encrypt#!5#!NI&RQ#!encrypt#!2#!g
#!encrypt#!9#!+$xq;=R9##!encrypt#!3#!NYu#!encrypt#!10#!N+E]d~*eyj#!encrypt#!2#!NG#!encrypt#!5#!NI&RQ#!encrypt#!2#!g
#!encrypt#!9#!+$xq;=s!@#!encrypt#!11#!NQffa=6F^j=#!encrypt#!5#!NI&R|#!encrypt#!2#!g
#!encrypt#!9#!+$xq;=R9##!encrypt#!3#!NYA#!encrypt#!10#!N+E]d~*eyj#!encrypt#!2#!NG#!encrypt#!5#!NI&R|#!encrypt#!2#!g
#!encrypt#!9#!+$xq;=s!@#!encrypt#!11#!NQffm=6F^j=#!encrypt#!5#!NI&RJ#!encrypt#!2#!g
#!encrypt#!9#!+$xq;=R9##!encrypt#!3#!N.K#!encrypt#!10#!N+E]d~*eyj#!encrypt#!2#!NG#!encrypt#!5#!NI&RJ#!encrypt#!2#!g
#!encrypt#!9#!+$xq;=s!@#!encrypt#!11#!NQffN=6F^j=#!encrypt#!5#!NI&R #!encrypt#!2#!g
#!encrypt#!9#!+$xq;=R9##!encrypt#!3#!N.&#!encrypt#!10#!N+E]d~*eyj#!encrypt#!2#!NG#!encrypt#!5#!NI&R #!encrypt#!2#!g
#!encrypt#!9#!+$xq;=s!@#!encrypt#!11#!NQffL=6F^j=#!encrypt#!5#!NI&nr#!encrypt#!2#!g
#!encrypt#!9#!+$xq;=R9##!encrypt#!3#!N.t#!encrypt#!10#!N+E]d~*eyj#!encrypt#!2#!NG#!encrypt#!5#!NI&nr#!encrypt#!2#!g
#!encrypt#!9#!+$xq;=s!@#!encrypt#!11#!N{M~x=6F^j=#!encrypt#!5#!NI&nB#!encrypt#!2#!g
#!encrypt#!9#!+$xq;=R9##!encrypt#!3#!NYI#!encrypt#!10#!N+E]d~*eyj#!encrypt#!2#!NG#!encrypt#!5#!NI&nB#!encrypt#!2#!g
#!encrypt#!9#!+$xq;=s!@#!encrypt#!11#!N)y+7=6F^j=#!encrypt#!5#!NI&na#!encrypt#!2#!g
#!encrypt#!9#!+$xq;=R9##!encrypt#!3#!NY8#!encrypt#!10#!N+E]d~*eyj#!encrypt#!2#!NY#!encrypt#!5#!NI&na#!encrypt#!2#!g
#!encrypt#!9#!+$xq;=s!@#!encrypt#!9#!N{<]2/_#_#!encrypt#!5#!NI&nm#!encrypt#!2#!g
#!encrypt#!9#!+$xq;=R9##!encrypt#!3#!NYO#!encrypt#!10#!N+Yp$P*eyj#!encrypt#!3#!NGA#!encrypt#!5#!NI&nm#!encrypt#!2#!g
#!encrypt#!9#!+$xq;=s!@#!encrypt#!12#!N{<]2/_y1;,1#!encrypt#!5#!NI&nN#!encrypt#!2#!g
#!encrypt#!9#!+$xq;=R9##!encrypt#!3#!NYO#!encrypt#!10#!N+E]d~*eyj#!encrypt#!3#!NGA#!encrypt#!5#!NI&nN#!encrypt#!2#!g
#!encrypt#!9#!+$xq;=s!@#!encrypt#!15#!N{<]2/AoZ#=nbRh#!encrypt#!5#!NI&nL#!encrypt#!2#!g
#!encrypt#!9#!+$xq;=R9##!encrypt#!3#!NdO#!encrypt#!10#!N+Yp$P*eyj#!encrypt#!2#!NG#!encrypt#!5#!NI&nL#!encrypt#!2#!g
#!encrypt#!9#!+$xq;=s!@#!encrypt#!10#!N{4Pq/nm%_#!encrypt#!5#!NI&nQ#!encrypt#!2#!g
#!encrypt#!9#!+$xq;=R9##!encrypt#!3#!N.I#!encrypt#!10#!N+E]d~*eyj#!encrypt#!2#!NG#!encrypt#!5#!NI&nQ#!encrypt#!2#!g
#!encrypt#!9#!+$xq;=s!@#!encrypt#!10#!N#4*q/nm%_#!encrypt#!5#!NI&n|#!encrypt#!2#!g
#!encrypt#!9#!+$xq;=R9##!encrypt#!3#!NY8#!encrypt#!10#!N+E]d~*eyj#!encrypt#!2#!NG#!encrypt#!5#!NI&n|#!encrypt#!2#!g
#!encrypt#!9#!+$xq;=s!@#!encrypt#!12#!No<]2/_y1;,1#!encrypt#!5#!NI&nJ#!encrypt#!2#!g
#!encrypt#!9#!+$xq;=R9##!encrypt#!3#!NYO#!encrypt#!10#!N+E]d~*eyj#!encrypt#!2#!NG#!encrypt#!5#!NI&nJ#!encrypt#!2#!g
#!encrypt#!9#!+$xq;=s!@#!encrypt#!15#!NamPVw*@=#=nbRh#!encrypt#!5#!NI&n #!encrypt#!2#!g
#!encrypt#!9#!+$xq;=R9##!encrypt#!3#!Nwt#!encrypt#!10#!N+E]d~*eyj#!encrypt#!3#!Nf8#!encrypt#!5#!NI&n #!encrypt#!2#!g
#!encrypt#!9#!+$xq;=s!@#!encrypt#!5#!N#fw$#!encrypt#!5#!NI&Or#!encrypt#!2#!g
#!encrypt#!9#!+$xq;=R9##!encrypt#!3#!Nwb#!encrypt#!10#!N+E]d~*eyj#!encrypt#!3#!NdO#!encrypt#!5#!NI&Or#!encrypt#!2#!g
#!encrypt#!9#!+$xq;=s!@#!encrypt#!8#!NPyRq%(:#!encrypt#!5#!NI&OB#!encrypt#!2#!g
#!encrypt#!9#!+$xq;=R9##!encrypt#!3#!NYo#!encrypt#!10#!N+E]d~*eyj#!encrypt#!3#!Nfb#!encrypt#!5#!NI&OB#!encrypt#!2#!g
#!encrypt#!9#!+$xq;=s!@#!encrypt#!9#!NQffB=?\+#!encrypt#!5#!NI&Oa#!encrypt#!2#!g
#!encrypt#!9#!+$xq;=R9##!encrypt#!3#!NYu#!encrypt#!10#!N+E]d~*eyj#!encrypt#!3#!Nfb#!encrypt#!5#!NI&Oa#!encrypt#!2#!g
#!encrypt#!9#!+$xq;=s!@#!encrypt#!9#!NQffa=?\+#!encrypt#!5#!NI&Om#!encrypt#!2#!g
#!encrypt#!9#!+$xq;=R9##!encrypt#!3#!NYA#!encrypt#!10#!N+E]d~*eyj#!encrypt#!3#!Nfb#!encrypt#!5#!NI&Om#!encrypt#!2#!g
#!encrypt#!9#!+$xq;=s!@#!encrypt#!9#!NQffm=?\+#!encrypt#!5#!NI&ON#!encrypt#!2#!g
#!encrypt#!9#!+$xq;=R9##!encrypt#!3#!N.K#!encrypt#!10#!N+E]d~*eyj#!encrypt#!3#!Nfb#!encrypt#!5#!NI&ON#!encrypt#!2#!g
#!encrypt#!9#!+$xq;=s!@#!encrypt#!9#!NQffN=?\+#!encrypt#!5#!NI&OL#!encrypt#!2#!g
#!encrypt#!9#!+$xq;=R9##!encrypt#!3#!N.&#!encrypt#!10#!N+E]d~*eyj#!encrypt#!3#!Nfb#!encrypt#!5#!NI&OL#!encrypt#!2#!g
#!encrypt#!9#!+$xq;=s!@#!encrypt#!9#!NQffL=?\+#!encrypt#!5#!NI&OQ#!encrypt#!2#!g
#!encrypt#!9#!+$xq;=R9##!encrypt#!3#!N.t#!encrypt#!10#!N+E]d~*eyj#!encrypt#!3#!Nfb#!encrypt#!5#!NI&OQ#!encrypt#!2#!g
#!encrypt#!9#!+$xq;=s!@#!encrypt#!9#!N{M~x=?\+#!encrypt#!5#!NI&O|#!encrypt#!2#!g
#!encrypt#!9#!+$xq;=R9##!encrypt#!3#!NYI#!encrypt#!10#!N+E]d~*eyj#!encrypt#!3#!Nfb#!encrypt#!5#!NI&O|#!encrypt#!2#!g
#!encrypt#!9#!+$xq;=s!@#!encrypt#!9#!N)y+7=?\+#!encrypt#!5#!NI&OJ#!encrypt#!2#!g
#!encrypt#!9#!+$xq;=R9##!encrypt#!3#!NY8#!encrypt#!10#!N+E]d~*eyj#!encrypt#!3#!Nfb#!encrypt#!5#!NI&OJ#!encrypt#!2#!g
#!encrypt#!9#!+$xq;=s!@#!encrypt#!8#!NPyRq"A5#!encrypt#!5#!NI&O #!encrypt#!2#!g
#!encrypt#!9#!+$xq;=R9##!encrypt#!3#!NYo#!encrypt#!10#!N+E]d~*eyj#!encrypt#!2#!N;#!encrypt#!5#!NI&O #!encrypt#!2#!g
#!encrypt#!9#!+$xq;=R9##!encrypt#!3#!NYo#!encrypt#!10#!N+Yp$P*eyj#!encrypt#!3#!NII#!encrypt#!5#!NI&O #!encrypt#!2#!g
#!encrypt#!9#!+$xq;=R9##!encrypt#!3#!NYo#!encrypt#!10#!N+E]d~*eyj#!encrypt#!3#!NII#!encrypt#!5#!NI&O #!encrypt#!2#!g
#!encrypt#!9#!+$xq;=s!@#!encrypt#!9#!NQffB=M#_#!encrypt#!5#!NI&7B#!encrypt#!2#!g
#!encrypt#!9#!+$xq;=R9##!encrypt#!3#!NYu#!encrypt#!10#!N+E]d~*eyj#!encrypt#!2#!N;#!encrypt#!5#!NI&7B#!encrypt#!2#!g
#!encrypt#!9#!+$xq;=R9##!encrypt#!3#!NYu#!encrypt#!10#!N+Yp$P*eyj#!encrypt#!3#!NII#!encrypt#!5#!NI&7B#!encrypt#!2#!g
#!encrypt#!9#!+$xq;=R9##!encrypt#!3#!NYu#!encrypt#!10#!N+E]d~*eyj#!encrypt#!3#!NII#!encrypt#!5#!NI&7B#!encrypt#!2#!g
#!encrypt#!9#!+$xq;=s!@#!encrypt#!9#!NQffa=M#_#!encrypt#!5#!NI&7m#!encrypt#!2#!g
#!encrypt#!9#!+$xq;=R9##!encrypt#!3#!NYA#!encrypt#!10#!N+E]d~*eyj#!encrypt#!2#!N;#!encrypt#!5#!NI&7m#!encrypt#!2#!g
#!encrypt#!9#!+$xq;=R9##!encrypt#!3#!NYA#!encrypt#!10#!N+Yp$P*eyj#!encrypt#!3#!NII#!encrypt#!5#!NI&7m#!encrypt#!2#!g
#!encrypt#!9#!+$xq;=R9##!encrypt#!3#!NYA#!encrypt#!10#!N+E]d~*eyj#!encrypt#!3#!NII#!encrypt#!5#!NI&7m#!encrypt#!2#!g
#!encrypt#!9#!+$xq;=s!@#!encrypt#!9#!NQffm=M#_#!encrypt#!5#!NI&7L#!encrypt#!2#!g
#!encrypt#!9#!+$xq;=R9##!encrypt#!3#!N.K#!encrypt#!10#!N+E]d~*eyj#!encrypt#!2#!N;#!encrypt#!5#!NI&7L#!encrypt#!2#!g
#!encrypt#!9#!+$xq;=R9##!encrypt#!3#!N.K#!encrypt#!10#!N+Yp$P*eyj#!encrypt#!3#!NII#!encrypt#!5#!NI&7L#!encrypt#!2#!g
#!encrypt#!9#!+$xq;=R9##!encrypt#!3#!N.K#!encrypt#!10#!N+E]d~*eyj#!encrypt#!3#!NII#!encrypt#!5#!NI&7L#!encrypt#!2#!g
#!encrypt#!9#!+$xq;=s!@#!encrypt#!9#!NQffN=M#_#!encrypt#!5#!NI&7|#!encrypt#!2#!g
#!encrypt#!9#!+$xq;=R9##!encrypt#!3#!N.&#!encrypt#!10#!N+E]d~*eyj#!encrypt#!2#!N;#!encrypt#!5#!NI&7|#!encrypt#!2#!g
#!encrypt#!9#!+$xq;=R9##!encrypt#!3#!N.&#!encrypt#!10#!N+Yp$P*eyj#!encrypt#!3#!NII#!encrypt#!5#!NI&7|#!encrypt#!2#!g
#!encrypt#!9#!+$xq;=R9##!encrypt#!3#!N.&#!encrypt#!10#!N+E]d~*eyj#!encrypt#!3#!NII#!encrypt#!5#!NI&7|#!encrypt#!2#!g
#!encrypt#!9#!+$xq;=s!@#!encrypt#!9#!NQffL=M#_#!encrypt#!5#!NI&7 #!encrypt#!2#!g
#!encrypt#!9#!+$xq;=R9##!encrypt#!3#!N.t#!encrypt#!10#!N+E]d~*eyj#!encrypt#!2#!N;#!encrypt#!5#!NI&7 #!encrypt#!2#!g
#!encrypt#!9#!+$xq;=R9##!encrypt#!3#!N.t#!encrypt#!10#!N+Yp$P*eyj#!encrypt#!3#!NII#!encrypt#!5#!NI&7 #!encrypt#!2#!g
#!encrypt#!9#!+$xq;=R9##!encrypt#!3#!N.t#!encrypt#!10#!N+E]d~*eyj#!encrypt#!3#!NII#!encrypt#!5#!NI&7 #!encrypt#!2#!g
#!encrypt#!9#!+$xq;=s!@#!encrypt#!9#!N{M~x=M#_#!encrypt#!5#!NI&?a#!encrypt#!2#!g
#!encrypt#!9#!+$xq;=R9##!encrypt#!3#!NYI#!encrypt#!10#!N+E]d~*eyj#!encrypt#!2#!N;#!encrypt#!5#!NI&?a#!encrypt#!2#!g
#!encrypt#!9#!+$xq;=R9##!encrypt#!3#!NYI#!encrypt#!10#!N+E]d~*eyj#!encrypt#!3#!NII#!encrypt#!5#!NI&?a#!encrypt#!2#!g
#!encrypt#!9#!+$xq;=s!@#!encrypt#!9#!N)y+7=M#_#!encrypt#!5#!NI&?m#!encrypt#!2#!g
#!encrypt#!9#!+$xq;=R9##!encrypt#!3#!NY8#!encrypt#!10#!N+E]d~*eyj#!encrypt#!3#!NII#!encrypt#!5#!NI&?m#!encrypt#!2#!g
#!encrypt#!9#!+$xq;=s!@#!encrypt#!10#!No<]2/_lP.#!encrypt#!5#!NI&?N#!encrypt#!2#!g
#!encrypt#!9#!+$xq;=R9##!encrypt#!3#!NYO#!encrypt#!10#!N+Yp$P*eyj#!encrypt#!3#!NII#!encrypt#!5#!NI&?N#!encrypt#!2#!g
#!encrypt#!9#!+$xq;=R9##!encrypt#!3#!NYO#!encrypt#!10#!N+E]d~*eyj#!encrypt#!2#!N;#!encrypt#!5#!NI&?N#!encrypt#!2#!g
#!encrypt#!9#!+$xq;=s!@#!encrypt#!8#!N{4Pq"A5#!encrypt#!5#!NI&?L#!encrypt#!2#!g
#!encrypt#!9#!+$xq;=R9##!encrypt#!3#!N.I#!encrypt#!10#!N+E]d~*eyj#!encrypt#!2#!N;#!encrypt#!5#!NI&?L#!encrypt#!2#!g
#!encrypt#!9#!+$xq;=R9##!encrypt#!3#!N.I#!encrypt#!10#!N+Yp$P*eyj#!encrypt#!3#!NII#!encrypt#!5#!NI&?L#!encrypt#!2#!g
#!encrypt#!9#!+$xq;=R9##!encrypt#!3#!N.I#!encrypt#!10#!N+E]d~*eyj#!encrypt#!3#!NII#!encrypt#!5#!NI&?L#!encrypt#!2#!g
#!encrypt#!9#!+$xq;=s!@#!encrypt#!10#!N{<]2/_lP.#!encrypt#!5#!NI&?|#!encrypt#!2#!g
#!encrypt#!9#!+$xq;=R9##!encrypt#!4#!NItn#!encrypt#!10#!N+Yp$P*eyj#!encrypt#!3#!NII#!encrypt#!5#!NI&?|#!encrypt#!2#!g
#!encrypt#!9#!+$xq;=R9##!encrypt#!4#!NItn#!encrypt#!10#!N+E]d~*eyj#!encrypt#!3#!NII#!encrypt#!5#!NI&?|#!encrypt#!2#!g
#!encrypt#!9#!+$xq;=R9##!encrypt#!4#!NItn#!encrypt#!10#!N+E]d~*eyj#!encrypt#!2#!N;#!encrypt#!5#!NI&?|#!encrypt#!2#!g
#!encrypt#!9#!+$xq;=s!@#!encrypt#!9#!N{<]2/AoZ#!encrypt#!5#!NI&? #!encrypt#!2#!g
#!encrypt#!9#!+$xq;=R9##!encrypt#!3#!NdO#!encrypt#!10#!N+Yp$P*eyj#!encrypt#!3#!NII#!encrypt#!5#!NI&? #!encrypt#!2#!g
#!encrypt#!9#!+$xq;=R9##!encrypt#!3#!NdO#!encrypt#!10#!N+E]d~*eyj#!encrypt#!3#!NII#!encrypt#!5#!NI&? #!encrypt#!2#!g
#!encrypt#!9#!+$xq;=s!@#!encrypt#!9#!N)y+7=oC+#!encrypt#!5#!NI&%B#!encrypt#!2#!g
#!encrypt#!9#!+$xq;=R9##!encrypt#!3#!NY8#!encrypt#!10#!N+Yp$P*eyj#!encrypt#!3#!NIO#!encrypt#!5#!NI&%B#!encrypt#!2#!g
#!encrypt#!9#!+$xq;=s!@#!encrypt#!9#!N{M~x=oC+#!encrypt#!5#!NI&%a#!encrypt#!2#!g
#!encrypt#!9#!+$xq;=R9##!encrypt#!3#!NYI#!encrypt#!10#!N+Yp$P*eyj#!encrypt#!3#!NIO#!encrypt#!5#!NI&%a#!encrypt#!2#!g
#!encrypt#!9#!+$xq;=s!@#!encrypt#!8#!NPyRqwC:#!encrypt#!5#!NI&%m#!encrypt#!2#!g
#!encrypt#!9#!+$xq;=R9##!encrypt#!3#!NYo#!encrypt#!10#!N+Yp$P*eyj#!encrypt#!3#!NIO#!encrypt#!5#!NI&%m#!encrypt#!2#!g
#!encrypt#!9#!+$xq;=s!@#!encrypt#!9#!NQffB=oC+#!encrypt#!5#!NI&%N#!encrypt#!2#!g
#!encrypt#!9#!+$xq;=R9##!encrypt#!3#!NYu#!encrypt#!10#!N+Yp$P*eyj#!encrypt#!3#!NIO#!encrypt#!5#!NI&%N#!encrypt#!2#!g
#!encrypt#!9#!+$xq;=s!@#!encrypt#!9#!NQffa=oC+#!encrypt#!5#!NI&%L#!encrypt#!2#!g
#!encrypt#!9#!+$xq;=R9##!encrypt#!3#!NYA#!encrypt#!10#!N+Yp$P*eyj#!encrypt#!3#!NIO#!encrypt#!5#!NI&%L#!encrypt#!2#!g
#!encrypt#!9#!+$xq;=s!@#!encrypt#!9#!NQffm=oC+#!encrypt#!5#!NI&%Q#!encrypt#!2#!g
#!encrypt#!9#!+$xq;=R9##!encrypt#!3#!N.K#!encrypt#!10#!N+Yp$P*eyj#!encrypt#!3#!NIO#!encrypt#!5#!NI&%Q#!encrypt#!2#!g
#!encrypt#!9#!+$xq;=s!@#!encrypt#!9#!NQffN=oC+#!encrypt#!5#!NI&%|#!encrypt#!2#!g
#!encrypt#!9#!+$xq;=R9##!encrypt#!3#!N.&#!encrypt#!10#!N+Yp$P*eyj#!encrypt#!3#!NIO#!encrypt#!5#!NI&%|#!encrypt#!2#!g
#!encrypt#!9#!+$xq;=s!@#!encrypt#!9#!NQffL=oC+#!encrypt#!5#!NI&%J#!encrypt#!2#!g
#!encrypt#!9#!+$xq;=R9##!encrypt#!3#!N.t#!encrypt#!10#!N+Yp$P*eyj#!encrypt#!3#!NIO#!encrypt#!5#!NI&%J#!encrypt#!2#!g
#!encrypt#!9#!+$xq;=s!@#!encrypt#!10#!N{<]2/_[]/#!encrypt#!5#!NI&% #!encrypt#!2#!g
#!encrypt#!9#!+$xq;=R9##!encrypt#!3#!NYO#!encrypt#!10#!N+Yp$P*eyj#!encrypt#!3#!NIO#!encrypt#!5#!NI&% #!encrypt#!2#!g
#!encrypt#!9#!+$xq;=s!@#!encrypt#!11#!NQffL=M>Z;,#!encrypt#!5#!NI&cr#!encrypt#!2#!g
#!encrypt#!9#!+$xq;=R9##!encrypt#!3#!N.t#!encrypt#!10#!N+Yp$P*eyj#!encrypt#!3#!Nf8#!encrypt#!5#!NI&cr#!encrypt#!2#!g
#!encrypt#!9#!+$xq;=s!@#!encrypt#!11#!NQffN=M>Z;,#!encrypt#!5#!NI&cB#!encrypt#!2#!g
#!encrypt#!9#!+$xq;=R9##!encrypt#!3#!N.&#!encrypt#!10#!N+Yp$P*eyj#!encrypt#!3#!Nf8#!encrypt#!5#!NI&cB#!encrypt#!2#!g
#!encrypt#!9#!+$xq;=s!@#!encrypt#!11#!NQffm=M>Z;,#!encrypt#!5#!NI&ca#!encrypt#!2#!g
#!encrypt#!9#!+$xq;=R9##!encrypt#!3#!N.K#!encrypt#!10#!N+Yp$P*eyj#!encrypt#!3#!Nf8#!encrypt#!5#!NI&ca#!encrypt#!2#!g
#!encrypt#!9#!+$xq;=s!@#!encrypt#!11#!NQffa=M>Z;,#!encrypt#!5#!NI&cm#!encrypt#!2#!g
#!encrypt#!9#!+$xq;=R9##!encrypt#!3#!NYA#!encrypt#!10#!N+Yp$P*eyj#!encrypt#!3#!Nf8#!encrypt#!5#!NI&cm#!encrypt#!2#!g
#!encrypt#!9#!+$xq;=s!@#!encrypt#!11#!NQffB=M>Z;,#!encrypt#!5#!NI&cN#!encrypt#!2#!g
#!encrypt#!9#!+$xq;=R9##!encrypt#!3#!NYu#!encrypt#!10#!N+Yp$P*eyj#!encrypt#!3#!Nf8#!encrypt#!5#!NI&cN#!encrypt#!2#!g
#!encrypt#!9#!+$xq;=s!@#!encrypt#!10#!NPyRq"+@^j#!encrypt#!5#!NI&cL#!encrypt#!2#!g
#!encrypt#!9#!+$xq;=R9##!encrypt#!3#!NYo#!encrypt#!10#!N+Yp$P*eyj#!encrypt#!3#!Nf8#!encrypt#!5#!NI&cL#!encrypt#!2#!g
#!encrypt#!9#!+$xq;=s!@#!encrypt#!11#!N{M~x=M>Z;,#!encrypt#!5#!NI&cQ#!encrypt#!2#!g
#!encrypt#!9#!+$xq;=R9##!encrypt#!3#!NYI#!encrypt#!10#!N+Yp$P*eyj#!encrypt#!3#!Nf8#!encrypt#!5#!NI&cQ#!encrypt#!2#!g
#!encrypt#!9#!+$xq;=s!@#!encrypt#!11#!N{M~x=7KZc?#!encrypt#!5#!NI&c|#!encrypt#!2#!g
#!encrypt#!9#!+$xq;=R9##!encrypt#!3#!NYI#!encrypt#!10#!N+Yp$P*eyj#!encrypt#!3#!NI8#!encrypt#!5#!NI&c|#!encrypt#!2#!g
#!encrypt#!9#!+$xq;=s!@#!encrypt#!10#!NPyRqda@=/#!encrypt#!5#!NI&cJ#!encrypt#!2#!g
#!encrypt#!9#!+$xq;=R9##!encrypt#!3#!NYo#!encrypt#!10#!N+Yp$P*eyj#!encrypt#!3#!NI8#!encrypt#!5#!NI&cJ#!encrypt#!2#!g
#!encrypt#!9#!+$xq;=s!@#!encrypt#!11#!NQffB=7KZc?#!encrypt#!5#!NI&c #!encrypt#!2#!g
#!encrypt#!9#!+$xq;=R9##!encrypt#!3#!NYu#!encrypt#!10#!N+Yp$P*eyj#!encrypt#!3#!NI8#!encrypt#!5#!NI&c #!encrypt#!2#!g
#!encrypt#!9#!+$xq;=s!@#!encrypt#!11#!NQffa=7KZc?#!encrypt#!5#!NI&ur#!encrypt#!2#!g
#!encrypt#!9#!+$xq;=R9##!encrypt#!3#!NYA#!encrypt#!10#!N+Yp$P*eyj#!encrypt#!3#!NI8#!encrypt#!5#!NI&ur#!encrypt#!2#!g
#!encrypt#!9#!+$xq;=s!@#!encrypt#!11#!NQffm=7KZc?#!encrypt#!5#!NI&uB#!encrypt#!2#!g
#!encrypt#!9#!+$xq;=R9##!encrypt#!3#!N.K#!encrypt#!10#!N+Yp$P*eyj#!encrypt#!3#!NI8#!encrypt#!5#!NI&uB#!encrypt#!2#!g
#!encrypt#!9#!+$xq;=s!@#!encrypt#!11#!NQffN=7KZc?#!encrypt#!5#!NI&ua#!encrypt#!2#!g
#!encrypt#!9#!+$xq;=R9##!encrypt#!3#!N.&#!encrypt#!10#!N+Yp$P*eyj#!encrypt#!3#!NI8#!encrypt#!5#!NI&ua#!encrypt#!2#!g
#!encrypt#!9#!+$xq;=s!@#!encrypt#!11#!NQffL=7KZc?#!encrypt#!5#!NI&um#!encrypt#!2#!g
#!encrypt#!9#!+$xq;=R9##!encrypt#!3#!N.t#!encrypt#!10#!N+Yp$P*eyj#!encrypt#!3#!NI8#!encrypt#!5#!NI&um#!encrypt#!2#!g
#!encrypt#!9#!+$xq;=s!@#!encrypt#!8#!Ncm;&=|-#!encrypt#!5#!NI&uN#!encrypt#!2#!g
#!encrypt#!9#!+$xq;=R9##!encrypt#!3#!NIo#!encrypt#!10#!N+Yp$P*eyj#!encrypt#!2#!N;#!encrypt#!5#!NI&uN#!encrypt#!2#!g
#!encrypt#!9#!+$xq;=s!@#!encrypt#!8#!Nce*&=|-#!encrypt#!5#!NI&uL#!encrypt#!2#!g
#!encrypt#!9#!+$xq;=R9##!encrypt#!3#!N[I#!encrypt#!10#!N+Yp$P*eyj#!encrypt#!2#!N;#!encrypt#!5#!NI&uL#!encrypt#!2#!g
#!encrypt#!9#!+$xq;=s!@#!encrypt#!8#!NchP&=|-#!encrypt#!5#!NI&uQ#!encrypt#!2#!g
#!encrypt#!9#!+$xq;=R9##!encrypt#!3#!NEo#!encrypt#!10#!N+Yp$P*eyj#!encrypt#!2#!N;#!encrypt#!5#!NI&uQ#!encrypt#!2#!g
#!encrypt#!9#!+$xq;=s!@#!encrypt#!8#!NcmI&=|-#!encrypt#!5#!NI&u|#!encrypt#!2#!g
#!encrypt#!9#!+$xq;=R9##!encrypt#!3#!Nft#!encrypt#!10#!N+Yp$P*eyj#!encrypt#!2#!N;#!encrypt#!5#!NI&u|#!encrypt#!2#!g
#!encrypt#!9#!+$xq;=s!@#!encrypt#!8#!NcH"L=|-#!encrypt#!5#!NI&uJ#!encrypt#!2#!g
#!encrypt#!9#!+$xq;=R9##!encrypt#!3#!NGA#!encrypt#!10#!N+Yp$P*eyj#!encrypt#!2#!N;#!encrypt#!5#!NI&uJ#!encrypt#!2#!g
#!encrypt#!9#!+$xq;=s!@#!encrypt#!10#!Ncg_{}PflL#!encrypt#!5#!NI&u #!encrypt#!2#!g
#!encrypt#!9#!+$xq;=R9##!encrypt#!3#!NGu#!encrypt#!10#!N+Yp$P*eyj#!encrypt#!2#!N;#!encrypt#!5#!NI&u #!encrypt#!2#!g
#!encrypt#!9#!+$xq;=s!@#!encrypt#!8#!NcH"N=|-#!encrypt#!5#!NIt&r#!encrypt#!2#!g
#!encrypt#!9#!+$xq;=R9##!encrypt#!3#!NG&#!encrypt#!10#!N+Yp$P*eyj#!encrypt#!2#!N;#!encrypt#!5#!NIt&r#!encrypt#!2#!g
#!encrypt#!9#!+$xq;=s!@#!encrypt#!10#!Ncg_{})flL#!encrypt#!5#!NIt&B#!encrypt#!2#!g
#!encrypt#!9#!+$xq;=R9##!encrypt#!3#!NGK#!encrypt#!10#!N+Yp$P*eyj#!encrypt#!2#!N;#!encrypt#!5#!NIt&B#!encrypt#!2#!g
#!encrypt#!9#!+$xq;=s!@#!encrypt#!8#!NcH"m=|-#!encrypt#!5#!NIt&a#!encrypt#!2#!g
#!encrypt#!9#!+$xq;=R9##!encrypt#!3#!NEO#!encrypt#!10#!N+Yp$P*eyj#!encrypt#!2#!N;#!encrypt#!5#!NIt&a#!encrypt#!2#!g
#!encrypt#!9#!+$xq;=s!@#!encrypt#!10#!Ncg_{}dflL#!encrypt#!5#!NIt&m#!encrypt#!2#!g
#!encrypt#!9#!+$xq;=R9##!encrypt#!3#!NdO#!encrypt#!10#!N+Yp$P*eyj#!encrypt#!2#!N;#!encrypt#!5#!NIt&m#!encrypt#!2#!g
#!encrypt#!9#!+$xq;=s!@#!encrypt#!8#!NcH"a=|-#!encrypt#!5#!NIt&N#!encrypt#!2#!g
#!encrypt#!9#!+$xq;=R9##!encrypt#!3#!Nd&#!encrypt#!10#!N+Yp$P*eyj#!encrypt#!2#!N;#!encrypt#!5#!NIt&N#!encrypt#!2#!g
#!encrypt#!9#!+$xq;=s!@#!encrypt#!9#!Ncg_{}_%r#!encrypt#!5#!NIt&L#!encrypt#!2#!g
#!encrypt#!9#!+$xq;=R9##!encrypt#!3#!NdK#!encrypt#!10#!N+Yp$P*eyj#!encrypt#!2#!N;#!encrypt#!5#!NIt&L#!encrypt#!2#!g
#!encrypt#!9#!+$xq;=s!@#!encrypt#!8#!NcH"B=|-#!encrypt#!5#!NIt&Q#!encrypt#!2#!g
#!encrypt#!9#!+$xq;=R9##!encrypt#!3#!NEI#!encrypt#!10#!N+Yp$P*eyj#!encrypt#!2#!N;#!encrypt#!5#!NIt&Q#!encrypt#!2#!g
#!encrypt#!9#!+$xq;=s!@#!encrypt#!8#!NcE"B=|-#!encrypt#!5#!NIt&|#!encrypt#!2#!g
#!encrypt#!9#!+$xq;=R9##!encrypt#!3#!NE8#!encrypt#!10#!N+Yp$P*eyj#!encrypt#!2#!N;#!encrypt#!5#!NIt&|#!encrypt#!2#!g
#!encrypt#!9#!+$xq;=s!@#!encrypt#!9#!Nc-_B}_%r#!encrypt#!5#!NIt&J#!encrypt#!2#!g
#!encrypt#!9#!+$xq;=R9##!encrypt#!3#!NGI#!encrypt#!10#!N+Yp$P*eyj#!encrypt#!2#!N;#!encrypt#!5#!NIt&J#!encrypt#!2#!g
#!encrypt#!9#!+$xq;=s!@#!encrypt#!10#!Nc-_Y}hflL#!encrypt#!5#!NIt& #!encrypt#!2#!g
#!encrypt#!9#!+$xq;=R9##!encrypt#!3#!Ndb#!encrypt#!10#!N+Yp$P*eyj#!encrypt#!2#!N;#!encrypt#!5#!NIt& #!encrypt#!2#!g
#!encrypt#!9#!+$xq;=s!@#!encrypt#!9#!NchI<}_%r#!encrypt#!5#!NItRr#!encrypt#!2#!g
#!encrypt#!9#!+$xq;=R9##!encrypt#!3#!NEt#!encrypt#!10#!N+Yp$P*eyj#!encrypt#!2#!N;#!encrypt#!5#!NItRr#!encrypt#!2#!g
#!encrypt#!9#!+$xq;=s!@#!encrypt#!9#!NcmI<}_%r#!encrypt#!5#!NItRB#!encrypt#!2#!g
#!encrypt#!9#!+$xq;=R9##!encrypt#!3#!NEK#!encrypt#!10#!N+Yp$P*eyj#!encrypt#!2#!N;#!encrypt#!5#!NItRB#!encrypt#!2#!g
#!encrypt#!9#!+$xq;=s!@#!encrypt#!10#!Nc-PZ~|flL#!encrypt#!5#!NItRa#!encrypt#!2#!g
#!encrypt#!9#!+$xq;=R9##!encrypt#!3#!NI&#!encrypt#!10#!N+Yp$P*eyj#!encrypt#!2#!N;#!encrypt#!5#!NItRa#!encrypt#!2#!g
#!encrypt#!9#!+$xq;=s!@#!encrypt#!8#!Ncm*Y=|-#!encrypt#!5#!NItRm#!encrypt#!2#!g
#!encrypt#!9#!+$xq;=R9##!encrypt#!3#!NdA#!encrypt#!10#!N+Yp$P*eyj#!encrypt#!2#!N;#!encrypt#!5#!NItRm#!encrypt#!2#!g
#!encrypt#!9#!+$xq;=s!@#!encrypt#!10#!Nc,xZ~|flL#!encrypt#!5#!NItRN#!encrypt#!2#!g
#!encrypt#!9#!+$xq;=R9##!encrypt#!3#!NEA#!encrypt#!10#!N+Yp$P*eyj#!encrypt#!2#!N;#!encrypt#!5#!NItRN#!encrypt#!2#!g
#!encrypt#!9#!+$xq;=s!@#!encrypt#!8#!Ncmf&=|-#!encrypt#!5#!NItRL#!encrypt#!2#!g
#!encrypt#!9#!+$xq;=R9##!encrypt#!3#!Nfo#!encrypt#!10#!N+Yp$P*eyj#!encrypt#!2#!N;#!encrypt#!5#!NItRL#!encrypt#!2#!g
#!encrypt#!9#!+$xq;=s!@#!encrypt#!8#!NchR&=|-#!encrypt#!5#!NItRQ#!encrypt#!2#!g
#!encrypt#!9#!+$xq;=R9##!encrypt#!3#!Nfu#!encrypt#!10#!N+Yp$P*eyj#!encrypt#!2#!N;#!encrypt#!5#!NItRQ#!encrypt#!2#!g
#!encrypt#!9#!+$xq;=s!@#!encrypt#!9#!Nc-x`}_%r#!encrypt#!5#!NItR|#!encrypt#!2#!g
#!encrypt#!9#!+$xq;=R9##!encrypt#!3#!NdI#!encrypt#!10#!N+Yp$P*eyj#!encrypt#!2#!N;#!encrypt#!5#!NItR|#!encrypt#!2#!g
#!encrypt#!9#!+$xq;=s!@#!encrypt#!9#!NcM#`}_%r#!encrypt#!5#!NItRJ#!encrypt#!2#!g
#!encrypt#!9#!+$xq;=R9##!encrypt#!3#!Nwu#!encrypt#!10#!N+Yp$P*eyj#!encrypt#!2#!N;#!encrypt#!5#!NItRJ#!encrypt#!2#!g
#!encrypt#!9#!+$xq;=s!@#!encrypt#!9#!NcE\Z}_%r#!encrypt#!5#!NItR #!encrypt#!2#!g
#!encrypt#!9#!+$xq;=R9##!encrypt#!3#!NfK#!encrypt#!10#!N+Yp$P*eyj#!encrypt#!2#!N;#!encrypt#!5#!NItR #!encrypt#!2#!g
#!encrypt#!9#!+$xq;=s!@#!encrypt#!10#!Nc,x$Z|flL#!encrypt#!5#!NItnr#!encrypt#!2#!g
#!encrypt#!9#!+$xq;=R9##!encrypt#!3#!N[u#!encrypt#!10#!N+Yp$P*eyj#!encrypt#!2#!N;#!encrypt#!5#!NItnr#!encrypt#!2#!g
#!encrypt#!9#!+$xq;=s!@#!encrypt#!10#!Nc,x$"|flL#!encrypt#!5#!NItnB#!encrypt#!2#!g
#!encrypt#!9#!+$xq;=R9##!encrypt#!3#!N[o#!encrypt#!10#!N+Yp$P*eyj#!encrypt#!2#!N;#!encrypt#!5#!NItnB#!encrypt#!2#!g
#!encrypt#!9#!+$xq;=s!@#!encrypt#!10#!Nc-x$%|flL#!encrypt#!5#!NItna#!encrypt#!2#!g
#!encrypt#!9#!+$xq;=R9##!encrypt#!3#!Nf8#!encrypt#!10#!N+Yp$P*eyj#!encrypt#!2#!N;#!encrypt#!5#!NItna#!encrypt#!2#!g
#!encrypt#!9#!+$xq;=s!@#!encrypt#!8#!Ncmv&=|-#!encrypt#!5#!NItnm#!encrypt#!2#!g
#!encrypt#!9#!+$xq;=R9##!encrypt#!3#!Nf&#!encrypt#!10#!N+Yp$P*eyj#!encrypt#!2#!N;#!encrypt#!5#!NItnm#!encrypt#!2#!g
#!encrypt#!9#!+$xq;=s!@#!encrypt#!8#!NcY#&=|-#!encrypt#!5#!NItnN#!encrypt#!2#!g
#!encrypt#!9#!+$xq;=R9##!encrypt#!3#!Ndu#!encrypt#!10#!N+Yp$P*eyj#!encrypt#!2#!N;#!encrypt#!5#!NItnN#!encrypt#!2#!g
#!encrypt#!9#!+$xq;=s!@#!encrypt#!8#!Nclk&=|-#!encrypt#!5#!NItnL#!encrypt#!2#!g
#!encrypt#!9#!+$xq;=R9##!encrypt#!3#!Nfb#!encrypt#!10#!N+Yp$P*eyj#!encrypt#!2#!N;#!encrypt#!5#!NItnL#!encrypt#!2#!g
#!encrypt#!9#!+$xq;=s!@#!encrypt#!5#!Nclk&#!encrypt#!5#!NItnQ#!encrypt#!2#!g
#!encrypt#!9#!+$xq;=R9##!encrypt#!3#!Nft#!encrypt#!10#!N+Yp$P*eyj#!encrypt#!3#!NfK#!encrypt#!5#!NItnQ#!encrypt#!2#!g
#!encrypt#!9#!+$xq;=s!@#!encrypt#!7#!Nc-x$%|#!encrypt#!5#!NItn|#!encrypt#!2#!g
#!encrypt#!9#!+$xq;=R9##!encrypt#!3#!Nf8#!encrypt#!10#!N+Yp$P*eyj#!encrypt#!3#!NdO#!encrypt#!5#!NItn|#!encrypt#!2#!g
#!encrypt#!9#!+$xq;=s!@#!encrypt#!7#!Nc,x$"|#!encrypt#!5#!NItnJ#!encrypt#!2#!g
#!encrypt#!9#!+$xq;=R9##!encrypt#!3#!Nwu#!encrypt#!10#!N+Yp$P*eyj#!encrypt#!3#!NdO#!encrypt#!5#!NItnJ#!encrypt#!2#!g
#!encrypt#!9#!+$xq;=s!@#!encrypt#!6#!NcM#`}#!encrypt#!5#!NItn #!encrypt#!2#!g
#!encrypt#!9#!+$xq;=R9##!encrypt#!3#!Nwo#!encrypt#!10#!N+Yp$P*eyj#!encrypt#!3#!NdO#!encrypt#!5#!NItn #!encrypt#!2#!g
#!encrypt#!9#!+$xq;=s!@#!encrypt#!6#!Nc-x`}#!encrypt#!5#!NItOr#!encrypt#!2#!g
#!encrypt#!9#!+$xq;=R9##!encrypt#!3#!Nd8#!encrypt#!10#!N+Yp$P*eyj#!encrypt#!3#!NfK#!encrypt#!5#!NItOr#!encrypt#!2#!g
#!encrypt#!9#!+$xq;=s!@#!encrypt#!5#!Ncmf&#!encrypt#!5#!NItOB#!encrypt#!2#!g
#!encrypt#!9#!+$xq;=R9##!encrypt#!3#!NfI#!encrypt#!10#!N+Yp$P*eyj#!encrypt#!3#!NfK#!encrypt#!5#!NItOB#!encrypt#!2#!g
#!encrypt#!9#!+$xq;=s!@#!encrypt#!7#!Nc,xZ~|#!encrypt#!5#!NItOa#!encrypt#!2#!g
#!encrypt#!9#!+$xq;=R9##!encrypt#!3#!NEu#!encrypt#!10#!N+Yp$P*eyj#!encrypt#!3#!NfK#!encrypt#!5#!NItOa#!encrypt#!2#!g
#!encrypt#!9#!+$xq;=s!@#!encrypt#!5#!Ncm*Y#!encrypt#!5#!NItOm#!encrypt#!2#!g
#!encrypt#!9#!+$xq;=R9##!encrypt#!3#!NdO#!encrypt#!10#!N+Yp$P*eyj#!encrypt#!3#!NfK#!encrypt#!5#!NItOm#!encrypt#!2#!g
#!encrypt#!9#!+$xq;=s!@#!encrypt#!6#!NcmI<}#!encrypt#!5#!NItON#!encrypt#!2#!g
#!encrypt#!9#!+$xq;=R9##!encrypt#!3#!NfA#!encrypt#!10#!N+Yp$P*eyj#!encrypt#!3#!NfK#!encrypt#!5#!NItON#!encrypt#!2#!g
#!encrypt#!9#!+$xq;=s!@#!encrypt#!6#!NchI<}#!encrypt#!5#!NItOL#!encrypt#!2#!g
#!encrypt#!9#!+$xq;=R9##!encrypt#!3#!NE&#!encrypt#!10#!N+Yp$P*eyj#!encrypt#!3#!NfK#!encrypt#!5#!NItOL#!encrypt#!2#!g
#!encrypt#!9#!+$xq;=s!@#!encrypt#!6#!Nc-_B}#!encrypt#!5#!NItOQ#!encrypt#!2#!g
#!encrypt#!9#!+$xq;=R9##!encrypt#!4#!NI&?#!encrypt#!10#!N+Yp$P*eyj#!encrypt#!3#!NdO#!encrypt#!5#!NItOQ#!encrypt#!2#!g
#!encrypt#!9#!+$xq;=s!@#!encrypt#!7#!Ncg_{})#!encrypt#!5#!NItO|#!encrypt#!2#!g
#!encrypt#!9#!+$xq;=R9##!encrypt#!4#!NI&n#!encrypt#!10#!N+Yp$P*eyj#!encrypt#!3#!NfK#!encrypt#!5#!NItO|#!encrypt#!2#!g
#!encrypt#!9#!+$xq;=s!@#!encrypt#!7#!Ncg_{}P#!encrypt#!5#!NItOJ#!encrypt#!2#!g
#!encrypt#!9#!+$xq;=R9##!encrypt#!4#!NI&%#!encrypt#!10#!N+Yp$P*eyj#!encrypt#!3#!NfK#!encrypt#!5#!NItOJ#!encrypt#!2#!g
#!encrypt#!9#!+$xq;=s!@#!encrypt#!5#!Ncm;&#!encrypt#!5#!NItO #!encrypt#!2#!g
#!encrypt#!9#!+$xq;=R9##!encrypt#!3#!N[I#!encrypt#!10#!N+Yp$P*eyj#!encrypt#!3#!NdO#!encrypt#!5#!NItO #!encrypt#!2#!g
#!encrypt#!9#!+$xq;=s!@#!encrypt#!12#!Ncmf&=|-Up`o#!encrypt#!5#!NIt7r#!encrypt#!2#!g
#!encrypt#!9#!+$xq;=R9##!encrypt#!3#!NfI#!encrypt#!10#!N+Yp$P*eyj#!encrypt#!3#!Nf&#!encrypt#!5#!NIt7r#!encrypt#!2#!g
#!encrypt#!9#!+$xq;=s!@#!encrypt#!14#!Nc-x$%|flLMnUX#!encrypt#!5#!NIt7B#!encrypt#!2#!g
#!encrypt#!9#!+$xq;=R9##!encrypt#!3#!Nf8#!encrypt#!10#!N+Yp$P*eyj#!encrypt#!3#!Ndb#!encrypt#!5#!NIt7B#!encrypt#!2#!g
#!encrypt#!9#!+$xq;=s!@#!encrypt#!14#!Nc,x$"|flLMnUX#!encrypt#!5#!NIt7a#!encrypt#!2#!g
#!encrypt#!9#!+$xq;=R9##!encrypt#!3#!N[o#!encrypt#!10#!N+Yp$P*eyj#!encrypt#!3#!Ndb#!encrypt#!5#!NIt7a#!encrypt#!2#!g
#!encrypt#!9#!+$xq;=s!@#!encrypt#!13#!Nc-_B}_%r#)oU#!encrypt#!5#!NIt7m#!encrypt#!2#!g
#!encrypt#!9#!+$xq;=R9##!encrypt#!4#!NI&?#!encrypt#!10#!N+Yp$P*eyj#!encrypt#!3#!Ndb#!encrypt#!5#!NIt7m#!encrypt#!2#!g
#!encrypt#!9#!+$xq;=s!@#!encrypt#!14#!Nc-_Y}hflLMnUX#!encrypt#!5#!NIt7N#!encrypt#!2#!g
#!encrypt#!9#!+$xq;=R9##!encrypt#!4#!NIKj#!encrypt#!10#!N+Yp$P*eyj#!encrypt#!3#!Ndb#!encrypt#!5#!NIt7N#!encrypt#!2#!g
#!encrypt#!9#!+$xq;=s!@#!encrypt#!13#!NchI<}_%r#)oU#!encrypt#!5#!NIt7L#!encrypt#!2#!g
#!encrypt#!9#!+$xq;=R9##!encrypt#!3#!NE&#!encrypt#!10#!N+Yp$P*eyj#!encrypt#!3#!Nf&#!encrypt#!5#!NIt7L#!encrypt#!2#!g
#!encrypt#!9#!+$xq;=s!@#!encrypt#!13#!NcmI<}_%r#)oU#!encrypt#!5#!NIt7Q#!encrypt#!2#!g
#!encrypt#!9#!+$xq;=R9##!encrypt#!3#!NfA#!encrypt#!10#!N+Yp$P*eyj#!encrypt#!3#!Nf&#!encrypt#!5#!NIt7Q#!encrypt#!2#!g
#!encrypt#!9#!+$xq;=s!@#!encrypt#!12#!NchR&=|-Up`o#!encrypt#!5#!NIt7|#!encrypt#!2#!g
#!encrypt#!9#!+$xq;=R9##!encrypt#!3#!NEb#!encrypt#!10#!N+Yp$P*eyj#!encrypt#!3#!Ndb#!encrypt#!5#!NIt7|#!encrypt#!2#!g
#!encrypt#!9#!+$xq;=s!@#!encrypt#!12#!Nclk&=|-Up`o#!encrypt#!5#!NIt7J#!encrypt#!2#!g
#!encrypt#!9#!+$xq;=R9##!encrypt#!3#!Nft#!encrypt#!10#!N+Yp$P*eyj#!encrypt#!3#!Nf&#!encrypt#!5#!NIt7J#!encrypt#!2#!g
#!encrypt#!9#!+$xq;=s!@#!encrypt#!13#!Ncmf&=|-UmQJ6#!encrypt#!5#!NIt7 #!encrypt#!2#!g
#!encrypt#!9#!+$xq;=R9##!encrypt#!3#!NfI#!encrypt#!10#!N+Yp$P*eyj#!encrypt#!3#!Nft#!encrypt#!5#!NIt7 #!encrypt#!2#!g
#!encrypt#!9#!+$xq;=s!@#!encrypt#!15#!Nc-x$%|flLMo}aL#!encrypt#!5#!NIt?r#!encrypt#!2#!g
#!encrypt#!9#!+$xq;=R9##!encrypt#!3#!Nf8#!encrypt#!10#!N+Yp$P*eyj#!encrypt#!3#!Ndt#!encrypt#!5#!NIt?r#!encrypt#!2#!g
#!encrypt#!9#!+$xq;=s!@#!encrypt#!15#!Nc,x$"|flLMo}aL#!encrypt#!5#!NIt?B#!encrypt#!2#!g
#!encrypt#!9#!+$xq;=R9##!encrypt#!3#!N[o#!encrypt#!10#!N+Yp$P*eyj#!encrypt#!3#!Ndt#!encrypt#!5#!NIt?B#!encrypt#!2#!g
#!encrypt#!9#!+$xq;=s!@#!encrypt#!14#!Nc-_B}_%r#`|zY#!encrypt#!5#!NIt?a#!encrypt#!2#!g
#!encrypt#!9#!+$xq;=R9##!encrypt#!4#!NI&?#!encrypt#!10#!N+Yp$P*eyj#!encrypt#!3#!Ndt#!encrypt#!5#!NIt?a#!encrypt#!2#!g
#!encrypt#!9#!+$xq;=s!@#!encrypt#!15#!Nc-_Y}hflLMo}aL#!encrypt#!5#!NIt?m#!encrypt#!2#!g
#!encrypt#!9#!+$xq;=R9##!encrypt#!4#!NIKj#!encrypt#!10#!N+Yp$P*eyj#!encrypt#!3#!Ndt#!encrypt#!5#!NIt?m#!encrypt#!2#!g
#!encrypt#!9#!+$xq;=s!@#!encrypt#!14#!NchI<}_%r#`|zY#!encrypt#!5#!NIt?N#!encrypt#!2#!g
#!encrypt#!9#!+$xq;=R9##!encrypt#!3#!NE&#!encrypt#!10#!N+Yp$P*eyj#!encrypt#!3#!Nft#!encrypt#!5#!NIt?N#!encrypt#!2#!g
#!encrypt#!9#!+$xq;=s!@#!encrypt#!14#!NcmI<}_%r#`|zY#!encrypt#!5#!NIt?L#!encrypt#!2#!g
#!encrypt#!9#!+$xq;=R9##!encrypt#!3#!NfA#!encrypt#!10#!N+Yp$P*eyj#!encrypt#!3#!Nft#!encrypt#!5#!NIt?L#!encrypt#!2#!g
#!encrypt#!9#!+$xq;=s!@#!encrypt#!13#!NchR&=|-UmQJ6#!encrypt#!5#!NIt?Q#!encrypt#!2#!g
#!encrypt#!9#!+$xq;=R9##!encrypt#!3#!NEb#!encrypt#!10#!N+Yp$P*eyj#!encrypt#!3#!Ndt#!encrypt#!5#!NIt?Q#!encrypt#!2#!g
#!encrypt#!9#!+$xq;=s!@#!encrypt#!13#!Nclk&=|-UmQJ6#!encrypt#!5#!NIt?|#!encrypt#!2#!g
#!encrypt#!9#!+$xq;=R9##!encrypt#!3#!Nft#!encrypt#!10#!N+Yp$P*eyj#!encrypt#!3#!Nft#!encrypt#!5#!NIt?|#!encrypt#!2#!g
#!encrypt#!9#!+$xq;=s!@#!encrypt#!17#!NcH"N=LF'k=#GXd],#!encrypt#!5#!NIt?J#!encrypt#!2#!g
#!encrypt#!9#!+$xq;=R9##!encrypt#!4#!NI&n#!encrypt#!10#!N+Yp$P*eyj#!encrypt#!2#!Nd#!encrypt#!5#!NIt?J#!encrypt#!2#!g
#!encrypt#!9#!+$xq;=s!@#!encrypt#!17#!NcH"m=LF'k=#GXd],#!encrypt#!5#!NIt? #!encrypt#!2#!g
#!encrypt#!9#!+$xq;=R9##!encrypt#!4#!NIK%#!encrypt#!10#!N+Yp$P*eyj#!encrypt#!3#!NfO#!encrypt#!5#!NIt? #!encrypt#!2#!g
#!encrypt#!9#!+$xq;=s!@#!encrypt#!17#!NcH"a=LF'k=#GXd],#!encrypt#!5#!NItjr#!encrypt#!2#!g
#!encrypt#!9#!+$xq;=R9##!encrypt#!4#!NIK?#!encrypt#!10#!N+Yp$P*eyj#!encrypt#!3#!NGt#!encrypt#!5#!NItjr#!encrypt#!2#!g
#!encrypt#!9#!+$xq;=s!@#!encrypt#!17#!NcH"B=LF'k=#GXd],#!encrypt#!5#!NItjB#!encrypt#!2#!g
#!encrypt#!9#!+$xq;=R9##!encrypt#!3#!NYt#!encrypt#!10#!N+Yp$P*eyj#!encrypt#!3#!NfO#!encrypt#!5#!NItjB#!encrypt#!2#!g
#!encrypt#!9#!+$xq;=s!@#!encrypt#!17#!NchR&=LF'k=#GXd],#!encrypt#!5#!NItja#!encrypt#!2#!g
#!encrypt#!9#!+$xq;=R9##!encrypt#!3#!NEb#!encrypt#!10#!N+Yp$P*eyj#!encrypt#!3#!NfO#!encrypt#!5#!NItja#!encrypt#!2#!g
#!encrypt#!9#!+$xq;=s!@#!encrypt#!17#!Nclk&=LF'k=#GXd],#!encrypt#!5#!NItjm#!encrypt#!2#!g
#!encrypt#!9#!+$xq;=R9##!encrypt#!3#!Nft#!encrypt#!10#!N+Yp$P*eyj#!encrypt#!3#!NfO#!encrypt#!5#!NItjm#!encrypt#!2#!g
#!encrypt#!9#!+$xq;=s!@#!encrypt#!17#!NcH"L=LF'k=#GXd],#!encrypt#!5#!NItjN#!encrypt#!2#!g
#!encrypt#!9#!+$xq;=R9##!encrypt#!4#!NI&%#!encrypt#!10#!N+Yp$P*eyj#!encrypt#!2#!Nd#!encrypt#!5#!NItjN#!encrypt#!2#!g
#!encrypt#!9#!+$xq;=s!@#!encrypt#!9#!NQffB=+\t#!encrypt#!5#!NItjL#!encrypt#!2#!g
#!encrypt#!9#!+$xq;=R9##!encrypt#!3#!NYu#!encrypt#!10#!N+Yp$P*eyj#!encrypt#!3#!NIb#!encrypt#!5#!NItjL#!encrypt#!2#!g
#!encrypt#!9#!+$xq;=s!@#!encrypt#!9#!NQffa=+\t#!encrypt#!5#!NItjQ#!encrypt#!2#!g
#!encrypt#!9#!+$xq;=R9##!encrypt#!3#!NYA#!encrypt#!10#!N+Yp$P*eyj#!encrypt#!3#!NIb#!encrypt#!5#!NItjQ#!encrypt#!2#!g
#!encrypt#!9#!+$xq;=s!@#!encrypt#!9#!NQffm=+\t#!encrypt#!5#!NItj|#!encrypt#!2#!g
#!encrypt#!9#!+$xq;=R9##!encrypt#!3#!N.K#!encrypt#!10#!N+Yp$P*eyj#!encrypt#!3#!NIb#!encrypt#!5#!NItj|#!encrypt#!2#!g
#!encrypt#!9#!+$xq;=s!@#!encrypt#!9#!NQffN=+\t#!encrypt#!5#!NItjJ#!encrypt#!2#!g
#!encrypt#!9#!+$xq;=R9##!encrypt#!3#!N.&#!encrypt#!10#!N+Yp$P*eyj#!encrypt#!3#!NIb#!encrypt#!5#!NItjJ#!encrypt#!2#!g
#!encrypt#!9#!+$xq;=s!@#!encrypt#!9#!NQffL=+\t#!encrypt#!5#!NItj #!encrypt#!2#!g
#!encrypt#!9#!+$xq;=R9##!encrypt#!3#!N.t#!encrypt#!10#!N+Yp$P*eyj#!encrypt#!3#!NIb#!encrypt#!5#!NItj #!encrypt#!2#!g
#!encrypt#!4#!%8k9#!encrypt#!12#!N+E]d~_y1n,|#!encrypt#!9#!NQffB=M#_#!encrypt#!11#!NQffB=6F^j=#!encrypt#!11#!NQffa=6F^j=#!encrypt#!11#!NQffm=6F^j=#!encrypt#!11#!NQffN=6F^j=#!encrypt#!11#!NQffL=6F^j=#!encrypt#!10#!NPyRq/nm%_#!encrypt#!12#!No<]2/_y1;,1#!encrypt#!12#!N{<]2/_y1;,1#!encrypt#!2#!g
#!encrypt#!3#!68=#!encrypt#!12#!Nx,_(=(x+jYe#!encrypt#!6#!No<]2/#!encrypt#!13#!N+M\$"C:dpb#}#!encrypt#!13#!N{<]2/_[=j)ep#!encrypt#!2#!g
#!encrypt#!3#!68=#!encrypt#!8#!Nkypm=A5#!encrypt#!5#!Nc4*&#!encrypt#!13#!N+M\$"C:dpb#}#!encrypt#!5#!Nkypm#!encrypt#!2#!g
#!encrypt#!2#!k1#!encrypt#!9#!NQffL=M#_#!encrypt#!8#!NQffL=A5#!encrypt#!13#!N+M\$"C:dpb#}#!encrypt#!9#!NQffL=nyd#!encrypt#!2#!g
#!encrypt#!2#!k1#!encrypt#!9#!NQffN=M#_#!encrypt#!8#!NQffN=A5#!encrypt#!13#!N+M\$"C:dpb#}#!encrypt#!9#!NQffN=nyd#!encrypt#!2#!g
#!encrypt#!2#!k1#!encrypt#!9#!NQffm=M#_#!encrypt#!8#!NQffm=A5#!encrypt#!13#!N+M\$"C:dpb#}#!encrypt#!9#!NQffm=nyd#!encrypt#!2#!g
#!encrypt#!2#!k1#!encrypt#!9#!NQffa=M#_#!encrypt#!8#!NQffa=A5#!encrypt#!13#!N+M\$"C:dpb#}#!encrypt#!9#!NQffa=nyd#!encrypt#!2#!g
#!encrypt#!2#!k1#!encrypt#!9#!NQffB=M#_#!encrypt#!8#!NQffB=A5#!encrypt#!13#!N+M\$"C:dpb#}#!encrypt#!9#!NQffB=nyd#!encrypt#!2#!g
#!encrypt#!3#!68=#!encrypt#!9#!NQffL=nyd#!encrypt#!9#!NQffL=+\t#!encrypt#!13#!N+M\$"C:dpb#}#!encrypt#!5#!NQffL#!encrypt#!2#!g
#!encrypt#!3#!68=#!encrypt#!9#!NQffN=nyd#!encrypt#!9#!NQffN=+\t#!encrypt#!13#!N+M\$"C:dpb#}#!encrypt#!5#!NQffN#!encrypt#!2#!g
#!encrypt#!3#!68=#!encrypt#!9#!NQffm=nyd#!encrypt#!9#!NQffm=+\t#!encrypt#!13#!N+M\$"C:dpb#}#!encrypt#!5#!NQffm#!encrypt#!2#!g
#!encrypt#!3#!68=#!encrypt#!9#!NQffa=nyd#!encrypt#!9#!NQffa=+\t#!encrypt#!13#!N+M\$"C:dpb#}#!encrypt#!5#!NQffa#!encrypt#!2#!g
#!encrypt#!3#!68=#!encrypt#!9#!NQffB=nyd#!encrypt#!9#!NQffB=+\t#!encrypt#!13#!N+M\$"C:dpb#}#!encrypt#!5#!NQffB#!encrypt#!2#!g
#!encrypt#!2#!k1#!encrypt#!8#!NPyRq"A5#!encrypt#!7#!NPyRqK?#!encrypt#!13#!N+M\$"C:dpb#}#!encrypt#!4#!NPyR#!encrypt#!2#!g
#!encrypt#!2#!k1#!encrypt#!10#!No<]2/_lP.#!encrypt#!9#!No<]2/_#_#!encrypt#!13#!N+M\$"C:dpb#}#!encrypt#!6#!No<]2/#!encrypt#!2#!g
#!encrypt#!2#!k1#!encrypt#!10#!N{<]2/_lP.#!encrypt#!13#!N{<]2/_[=j)ep#!encrypt#!9#!N{<]2/_#_#!encrypt#!13#!N+M\$"C:dpb#}#!encrypt#!6#!N{<]2/#!encrypt#!2#!g
#!encrypt#!6#!{F=G61#!encrypt#!11#!NQffL=6F^j=#!encrypt#!5#!NQffL#!encrypt#!2#!g
#!encrypt#!6#!{F=G61#!encrypt#!11#!NQffN=6F^j=#!encrypt#!5#!NQffN#!encrypt#!2#!g
#!encrypt#!6#!{F=G61#!encrypt#!11#!NQffm=6F^j=#!encrypt#!5#!NQffm#!encrypt#!2#!g
#!encrypt#!6#!{F=G61#!encrypt#!11#!NQffa=6F^j=#!encrypt#!5#!NQffa#!encrypt#!2#!g
#!encrypt#!6#!{F=G61#!encrypt#!11#!NQffB=6F^j=#!encrypt#!5#!NQffB#!encrypt#!2#!g
#!encrypt#!6#!{F=G61#!encrypt#!9#!NQffB=M#_#!encrypt#!5#!NQffB#!encrypt#!2#!g
#!encrypt#!6#!{F=G61#!encrypt#!10#!NPyRq/nm%_#!encrypt#!4#!NPyR#!encrypt#!2#!g
#!encrypt#!6#!{F=G61#!encrypt#!12#!No<]2/_y1;,1#!encrypt#!6#!No<]2/#!encrypt#!2#!g
#!encrypt#!6#!{F=G61#!encrypt#!12#!N{<]2/_y1;,1#!encrypt#!6#!N{<]2/#!encrypt#!2#!g
#!encrypt#!6#!t([J6o#!encrypt#!2#!N1#!encrypt#!2#!Nn#!encrypt#!15#!N3fIq,(5%cG(GAR#!encrypt#!2#!Ng#!encrypt#!9#!NQffB=+\t#!encrypt#!5#!NQffB#!encrypt#!2#!Nn#!encrypt#!2#!N@#!encrypt#!2#!Ng#!encrypt#!5#!NQffB#!encrypt#!2#!Nn#!encrypt#!2#!Nt#!encrypt#!2#!Ng#!encrypt#!2#!g
#!encrypt#!6#!t([J6o#!encrypt#!2#!N1#!encrypt#!2#!Nn#!encrypt#!15#!N3fIq,(5%cG(GAm#!encrypt#!2#!Ng#!encrypt#!9#!NQffa=+\t#!encrypt#!5#!NQffa#!encrypt#!2#!Nn#!encrypt#!2#!N@#!encrypt#!2#!Ng#!encrypt#!5#!NQffa#!encrypt#!2#!Nn#!encrypt#!2#!Nt#!encrypt#!2#!Ng#!encrypt#!2#!g
#!encrypt#!6#!t([J6o#!encrypt#!2#!N1#!encrypt#!2#!Nn#!encrypt#!15#!N3fIq,(5%cG(GA;#!encrypt#!2#!Ng#!encrypt#!9#!NQffm=+\t#!encrypt#!5#!NQffm#!encrypt#!2#!Nn#!encrypt#!2#!N@#!encrypt#!2#!Ng#!encrypt#!5#!NQffm#!encrypt#!2#!Nn#!encrypt#!2#!Nt#!encrypt#!2#!Ng#!encrypt#!2#!g
#!encrypt#!6#!t([J6o#!encrypt#!2#!N1#!encrypt#!2#!Nn#!encrypt#!15#!N3fIq,(5%cG(GA$#!encrypt#!2#!Ng#!encrypt#!9#!NQffN=+\t#!encrypt#!5#!NQffN#!encrypt#!2#!Nn#!encrypt#!2#!N@#!encrypt#!2#!Ng#!encrypt#!5#!NQffN#!encrypt#!2#!Nn#!encrypt#!2#!Nt#!encrypt#!2#!Ng#!encrypt#!2#!g
#!encrypt#!6#!t([J6o#!encrypt#!2#!N1#!encrypt#!2#!Nn#!encrypt#!15#!N3fIq,(5%cG(GA`#!encrypt#!2#!Ng#!encrypt#!9#!NQffL=+\t#!encrypt#!5#!NQffL#!encrypt#!2#!Nn#!encrypt#!2#!N@#!encrypt#!2#!Ng#!encrypt#!5#!NQffL#!encrypt#!2#!Nn#!encrypt#!2#!Nt#!encrypt#!2#!Ng#!encrypt#!2#!g
#!encrypt#!6#!)(>q64#!encrypt#!9#!N+M\$dA0%#!encrypt#!4#!N{4P#!encrypt#!10#!NOe]{KBQ'/#!encrypt#!13#!N+M\$"C:dpb#}#!encrypt#!8#!N}M#<in0#!encrypt#!2#!g
#!encrypt#!6#!)(>q64#!encrypt#!7#!N+-p?^6#!encrypt#!10#!N6hk2L_#_g#!encrypt#!10#!N+E]d~?Flj#!encrypt#!13#!N6Y\&}[fy\=Rl#!encrypt#!11#!N+E]d~6FkjQ#!encrypt#!5#!N#fw$#!encrypt#!13#!N+M\$"C:dpb#}#!encrypt#!11#!N)p"&L_lZ_b#!encrypt#!2#!g
#!encrypt#!5#!58>q=#!encrypt#!10#!NOe]{KBQt_#!encrypt#!13#!N+M\$"C:dpb#}#!encrypt#!20#!Nx,_(=(x+jYeGYy:I?SZ#!encrypt#!2#!g
#!encrypt#!6#!@'=qe4#!encrypt#!13#!N+M\$"C:dpb#}#!encrypt#!20#!Nx,_(=(x+jYeGYy:I?S+#!encrypt#!2#!g
#!encrypt#!2#!k1#!encrypt#!20#!Nx,_(=(x+jYeGYy:I?SZ#!encrypt#!20#!Nx,_(=(x+jYeGYy:I?S+#!encrypt#!10#!NOe]{KBQt_#!encrypt#!13#!N+M\$"C:dpb#}#!encrypt#!12#!Nx,_(=(x+jYe#!encrypt#!2#!g
#!encrypt#!2#!k1#!encrypt#!5#!Nclk&#!encrypt#!8#!NchR&=|-#!encrypt#!8#!NcH"B=|-#!encrypt#!8#!NcH"a=|-#!encrypt#!13#!N+M\$"C:dpb#}#!encrypt#!19#!Nqy]Yc*fyYeO6|ZaQn<#!encrypt#!2#!g
#!encrypt#!3#!68=#!encrypt#!10#!NOe]{KBQx/#!encrypt#!19#!Nqy]Yc*fyYeO6|ZaQn<#!encrypt#!13#!N+M\$"C:dpb#}#!encrypt#!11#!Nqy]Yc*fyYe#!encrypt#!2#!g
#!encrypt#!10#!mb=tqGi3YC#!encrypt#!5#!NQffB#!encrypt#!4#!N+`f#!encrypt#!2#!NE#!encrypt#!13#!N+M\$"C:dpb#}#!encrypt#!10#!NJp/O=|\+v#!encrypt#!2#!g
#!encrypt#!10#!mb=tqGi3YC#!encrypt#!5#!NQffa#!encrypt#!4#!N+`f#!encrypt#!2#!NE#!encrypt#!13#!N+M\$"C:dpb#}#!encrypt#!10#!NJp/O=|\+D#!encrypt#!2#!g
#!encrypt#!10#!mb=tqGi3YC#!encrypt#!5#!NQffm#!encrypt#!4#!N+`f#!encrypt#!2#!NE#!encrypt#!13#!N+M\$"C:dpb#}#!encrypt#!10#!NJp/O=|\+8#!encrypt#!2#!g
#!encrypt#!10#!mb=tqGi3YC#!encrypt#!5#!NQffN#!encrypt#!4#!N+`f#!encrypt#!2#!NE#!encrypt#!13#!N+M\$"C:dpb#}#!encrypt#!10#!NJp/O=|\+y#!encrypt#!2#!g
#!encrypt#!10#!mb=tqGi3YC#!encrypt#!5#!NQffL#!encrypt#!4#!N+`f#!encrypt#!2#!NE#!encrypt#!13#!N+M\$"C:dpb#}#!encrypt#!10#!NJp/O=|\+T#!encrypt#!2#!g
#!encrypt#!10#!mb=tqGi3YC#!encrypt#!4#!N{4P#!encrypt#!4#!N+`f#!encrypt#!4#!NIK&#!encrypt#!13#!N+M\$"C:dpb#}#!encrypt#!8#!NJp/Oin0#!encrypt#!2#!g
#!encrypt#!3#!{t|#!encrypt#!6#!N{<]2/#!encrypt#!7#!N)mvO/6#!encrypt#!13#!N+M\$"C:dpb#}#!encrypt#!10#!NaJkq"L\d_#!encrypt#!2#!g
#!encrypt#!6#!)(>q64#!encrypt#!10#!N+y#$^+Fm/#!encrypt#!8#!N{M~x=A5#!encrypt#!9#!N{M~x=+\t#!encrypt#!13#!N+M\$"C:dpb#}#!encrypt#!19#!N{e]Y=+\tX;ezEK.!uE#!encrypt#!2#!g
#!encrypt#!3#!68=#!encrypt#!8#!N{M~x=A5#!encrypt#!19#!N{e]Y=+\tX;ezEK.!uE#!encrypt#!13#!N+M\$"C:dpb#}#!encrypt#!5#!N{M~x#!encrypt#!2#!g
#!encrypt#!3#!{t|#!encrypt#!5#!N{M~x#!encrypt#!5#!N)y+7#!encrypt#!13#!N+M\$"C:dpb#}#!encrypt#!5#!ND4fO#!encrypt#!2#!g
#!encrypt#!6#!)(>q64#!encrypt#!8#!N+y#TKB\#!encrypt#!5#!ND4fO#!encrypt#!5#!NPgfZ#!encrypt#!13#!N+M\$"C:dpb#}#!encrypt#!10#!NM[9e=yF+j#!encrypt#!2#!g
#!encrypt#!3#!{t|#!encrypt#!4#!N#4*#!encrypt#!5#!NoJP&#!encrypt#!13#!N+M\$"C:dpb#}#!encrypt#!7#!Noh.$PM#!encrypt#!2#!g
#!encrypt#!6#!)(>q64#!encrypt#!8#!N+y#TKB\#!encrypt#!6#!No<]2/#!encrypt#!10#!NOe]{KBQ%m#!encrypt#!13#!N+M\$"C:dpb#}#!encrypt#!10#!NlJPq%L\d_#!encrypt#!2#!g
#!encrypt#!6#!)(>q64#!encrypt#!7#!N+EkVwa#!encrypt#!7#!Noh.$PM#!encrypt#!10#!NlJPq%L\d_#!encrypt#!13#!N+M\$"C:dpb#}#!encrypt#!24#!NlJPq%L\d_Me{YKxYSS{^}2,#!encrypt#!2#!g
#!encrypt#!5#!58>q=#!encrypt#!10#!NlJPq%L\d_#!encrypt#!13#!N+M\$"C:dpb#}#!encrypt#!16#!NlJPq%L\d_MTz#%:#!encrypt#!2#!g
#!encrypt#!6#!)(>q64#!encrypt#!7#!N+EkVwa#!encrypt#!24#!NlJPq%L\d_Me{YKxYSS{^}2,#!encrypt#!16#!NlJPq%L\d_MTz#%:#!encrypt#!13#!N+M\$"C:dpb#}#!encrypt#!26#!NlJPq%L\d_Me{YKlW.j{FnD!:R#!encrypt#!2#!g
#!encrypt#!6#!)(>q64#!encrypt#!7#!N+EkVwa#!encrypt#!10#!NlJPq%L\d_#!encrypt#!26#!NlJPq%L\d_Me{YKlW.j{FnD!:R#!encrypt#!13#!N+M\$"C:dpb#}#!encrypt#!24#!NlJPq%L\d_Me{YKT9uY{^}2,#!encrypt#!2#!g
#!encrypt#!2#!k1#!encrypt#!26#!NlJPq%L\d_Me{YKlW.j{FnD!:R#!encrypt#!24#!NlJPq%L\d_Me{YKT9uY{^}2,#!encrypt#!13#!N+M\$"C:dpb#}#!encrypt#!23#!NlJPq%L\d_Me{YK.!7M4EwH#!encrypt#!2#!g
#!encrypt#!3#!G8k#!encrypt#!23#!NlJPq%L\d_Me{YK.!7M4EwH#!encrypt#!26#!NlJPq%L\d_Me{YKlW.j{FnD!:R#!encrypt#!13#!N+M\$"C:dpb#}#!encrypt#!18#!NlJPq%L\d_Me{YKx!3#!encrypt#!2#!g
#!encrypt#!6#!)(>q64#!encrypt#!10#!N+y#$^+Fm/#!encrypt#!5#!N+mk$#!encrypt#!24#!NlJPq%L\d_Me{YKT9uY{^}2,#!encrypt#!18#!NlJPq%L\d_Me{YKx!3#!encrypt#!13#!N+M\$"C:dpb#}#!encrypt#!14#!N(GLq%L\d_Me{Y#!encrypt#!2#!g
#!encrypt#!5#!58>q=#!encrypt#!5#!NoJP&#!encrypt#!13#!N+M\$"C:dpb#}#!encrypt#!10#!NoJP&1Gy%J#!encrypt#!2#!g
#!encrypt#!2#!k1#!encrypt#!4#!NoJ"#!encrypt#!8#!NcmI&=|-#!encrypt#!13#!N+M\$"C:dpb#}#!encrypt#!12#!NtG8q+(\y\Re#!encrypt#!2#!g
#!encrypt#!5#!58>q=#!encrypt#!5#!N{JP&#!encrypt#!13#!N+M\$"C:dpb#}#!encrypt#!10#!N{JP&1Gy%J#!encrypt#!2#!g
#!encrypt#!6#!)(>q64#!encrypt#!7#!N+EkVwa#!encrypt#!5#!N{Ep(#!encrypt#!10#!N{<]2/_>%J#!encrypt#!13#!N+M\$"C:dpb#}#!encrypt#!15#!N{<$Od_:%celXch#!encrypt#!2#!g
#!encrypt#!3#!{t|#!encrypt#!5#!N)y+7#!encrypt#!4#!N{m*#!encrypt#!13#!N+M\$"C:dpb#}#!encrypt#!14#!N{m*q^|#+/,|G-#!encrypt#!2#!g
#!encrypt#!3#!{t|#!encrypt#!14#!N{m*q^|#+/,|G-#!encrypt#!5#!N{JP&#!encrypt#!13#!N+M\$"C:dpb#}#!encrypt#!12#!N{m*q^|#+/,|#!encrypt#!2#!g
#!encrypt#!3#!68=#!encrypt#!10#!NOe]{KBQ'/#!encrypt#!10#!NOe]{KBQx/#!encrypt#!13#!N+M\$"C:dpb#}#!encrypt#!12#!NBq$K>(fdXY##!encrypt#!2#!g
#!encrypt#!3#!{t|#!encrypt#!19#!N{e]Y=+\tX;ezEK.!uE#!encrypt#!4#!NPyR#!encrypt#!13#!N+M\$"C:dpb#}#!encrypt#!19#!N{e]Y=+\tX;ezEK*9^~#!encrypt#!2#!g
#!encrypt#!3#!{t|#!encrypt#!19#!N{e]Y=+\tX;ezEK.!uE#!encrypt#!5#!N{JP&#!encrypt#!13#!N+M\$"C:dpb#}#!encrypt#!21#!N{e]Y=+\tX;ezEKw!KE{,#!encrypt#!2#!g
#!encrypt#!3#!{t|#!encrypt#!21#!N{e]Y=+\tX;ezEKw!KE{,#!encrypt#!4#!Noh;#!encrypt#!13#!N+M\$"C:dpb#}#!encrypt#!21#!N{e]Y=+\tX;ezEKw!KE{p#!encrypt#!2#!g
#!encrypt#!3#!68=#!encrypt#!21#!N{e]Y=+\tX;ezEKw!KE{p#!encrypt#!19#!N{e]Y=+\tX;ezEK*9^~#!encrypt#!13#!N+M\$"C:dpb#}#!encrypt#!21#!N{e]Y=+\tX;ezEKw!KE{##!encrypt#!2#!g
#!encrypt#!6#!)(>q64#!encrypt#!7#!N+EkVwa#!encrypt#!21#!N{e]Y=+\tX;ezEKw!KE{##!encrypt#!19#!N{e]Y=+\tX;ezEK*9^~#!encrypt#!4#!N+fQ#!encrypt#!2#!Nf#!encrypt#!13#!N+M\$"C:dpb#}#!encrypt#!19#!N{e]Y=+\tX;ezEKw!KE#!encrypt#!2#!g
#!encrypt#!11#!@qFqq.QH7%1#!encrypt#!17#!N+qkK%o#xjYeGaXAt#!encrypt#!19#!N{e]Y=+\tX;ezEKw!KE#!encrypt#!19#!N{e]Y=+\tX;ezEK*9^~#!encrypt#!13#!N+M\$"C:dpb#}#!encrypt#!20#!N{e]Y=+\tX;ezEKT0Kh_#!encrypt#!2#!g
#!encrypt#!11#!@qFqqBQLXeo#!encrypt#!20#!N{e]Y=+\tX;ezEKT0Kh_#!encrypt#!4#!N+fQ#!encrypt#!5#!N;2OL#!encrypt#!13#!N+M\$"C:dpb#}#!encrypt#!30#!N{e]Y=+\tX;ezEKT0Kh_r4i42P/iVh#!encrypt#!2#!g
#!encrypt#!11#!@qFqqBQLXeo#!encrypt#!20#!N{e]Y=+\tX;ezEKT0Kh_#!encrypt#!4#!N+fQ#!encrypt#!5#!N;2j #!encrypt#!13#!N+M\$"C:dpb#}#!encrypt#!30#!N{e]Y=+\tX;ezEKT0Kh_r4i42P/i{ #!encrypt#!2#!g
#!encrypt#!11#!@qFqqBQLXeo#!encrypt#!20#!N{e]Y=+\tX;ezEKT0Kh_#!encrypt#!4#!N+fQ#!encrypt#!5#!NI27B#!encrypt#!13#!N+M\$"C:dpb#}#!encrypt#!30#!N{e]Y=+\tX;ezEKT0Kh_r4i42P<it##!encrypt#!2#!g
#!encrypt#!11#!@qFqqBQLXeo#!encrypt#!20#!N{e]Y=+\tX;ezEKT0Kh_#!encrypt#!4#!N+fQ#!encrypt#!5#!Nf2cL#!encrypt#!13#!N+M\$"C:dpb#}#!encrypt#!30#!N{e]Y=+\tX;ezEKT0Kh_r4i42Pli<h#!encrypt#!2#!g
#!encrypt#!11#!@qFqqBQLXeo#!encrypt#!20#!N{e]Y=+\tX;ezEKT0Kh_#!encrypt#!4#!N+fQ#!encrypt#!5#!NG2%m#!encrypt#!13#!N+M\$"C:dpb#}#!encrypt#!30#!N{e]Y=+\tX;ezEKT0Kh_r4i42PSinS#!encrypt#!2#!g
#!encrypt#!6#!)(>q64#!encrypt#!11#!N+<_$f_\x:,#!encrypt#!19#!N{e]Y=+\tX;ezEKw!KE#!encrypt#!30#!N{e]Y=+\tX;ezEKT0Kh_r4i42P/iVh#!encrypt#!4#!N+fQ#!encrypt#!2#!Nf#!encrypt#!13#!N+M\$"C:dpb#}#!encrypt#!19#!N{e]Y=+\tX;ezEK>,=|#!encrypt#!2#!g
#!encrypt#!6#!)(>q64#!encrypt#!11#!N+<_$f_\x:,#!encrypt#!19#!N{e]Y=+\tX;ezEKw!KE#!encrypt#!30#!N{e]Y=+\tX;ezEKT0Kh_r4i42P/i{ #!encrypt#!4#!N+fQ#!encrypt#!2#!Nf#!encrypt#!13#!N+M\$"C:dpb#}#!encrypt#!19#!N{e]Y=+\tX;ezEK>,g0#!encrypt#!2#!g
#!encrypt#!6#!)(>q64#!encrypt#!11#!N+<_$f_\x:,#!encrypt#!19#!N{e]Y=+\tX;ezEKw!KE#!encrypt#!30#!N{e]Y=+\tX;ezEKT0Kh_r4i42P<it##!encrypt#!4#!N+fQ#!encrypt#!2#!Nf#!encrypt#!13#!N+M\$"C:dpb#}#!encrypt#!19#!N{e]Y=+\tX;ezEKJ,E<#!encrypt#!2#!g
#!encrypt#!6#!)(>q64#!encrypt#!11#!N+<_$f_\x:,#!encrypt#!19#!N{e]Y=+\tX;ezEKw!KE#!encrypt#!30#!N{e]Y=+\tX;ezEKT0Kh_r4i42Pli<h#!encrypt#!4#!N+fQ#!encrypt#!2#!Nf#!encrypt#!13#!N+M\$"C:dpb#}#!encrypt#!19#!N{e]Y=+\tX;ezEK=,/|#!encrypt#!2#!g
#!encrypt#!6#!)(>q64#!encrypt#!11#!N+<_$f_\x:,#!encrypt#!19#!N{e]Y=+\tX;ezEKw!KE#!encrypt#!30#!N{e]Y=+\tX;ezEKT0Kh_r4i42PSinS#!encrypt#!4#!N+fQ#!encrypt#!2#!Nf#!encrypt#!13#!N+M\$"C:dpb#}#!encrypt#!19#!N{e]Y=+\tX;ezEK5,i)#!encrypt#!2#!g
#!encrypt#!3#!{t|#!encrypt#!19#!N{e]Y=+\tX;ezEK>,=|#!encrypt#!4#!N3h"#!encrypt#!13#!N+M\$"C:dpb#}#!encrypt#!23#!N3fIqfAR.#BJGyLPA"ee^:k#!encrypt#!2#!g
#!encrypt#!3#!68=#!encrypt#!23#!N3fIqfAR.#BJGyLPA"ee^:k#!encrypt#!5#!NKe*&#!encrypt#!13#!N+M\$"C:dpb#}#!encrypt#!21#!N3fIqfAR.#BJGyLPA"ee^#!encrypt#!2#!g
#!encrypt#!3#!{t|#!encrypt#!19#!N{e]Y=+\tX;ezEK>,g0#!encrypt#!4#!N3h"#!encrypt#!13#!N+M\$"C:dpb#}#!encrypt#!23#!N3fIqfAR.#BJGyL,U"ee^:k#!encrypt#!2#!g
#!encrypt#!3#!68=#!encrypt#!23#!N3fIqfAR.#BJGyL,U"ee^:k#!encrypt#!5#!NKe*&#!encrypt#!13#!N+M\$"C:dpb#}#!encrypt#!21#!N3fIqfAR.#BJGyL,U"ee^#!encrypt#!2#!g
#!encrypt#!3#!{t|#!encrypt#!19#!N{e]Y=+\tX;ezEKJ,E<#!encrypt#!4#!N3h"#!encrypt#!13#!N+M\$"C:dpb#}#!encrypt#!23#!N3fIqfAR.#BJG-LO#"ee^:k#!encrypt#!2#!g
#!encrypt#!3#!68=#!encrypt#!23#!N3fIqfAR.#BJG-LO#"ee^:k#!encrypt#!5#!NKe*&#!encrypt#!13#!N+M\$"C:dpb#}#!encrypt#!21#!N3fIqfAR.#BJG-LO#"ee^#!encrypt#!2#!g
#!encrypt#!3#!{t|#!encrypt#!19#!N{e]Y=+\tX;ezEK=,/|#!encrypt#!4#!N3h"#!encrypt#!13#!N+M\$"C:dpb#}#!encrypt#!23#!N3fIqfAR.#BJGiL0A"ee^:k#!encrypt#!2#!g
#!encrypt#!3#!68=#!encrypt#!23#!N3fIqfAR.#BJGiL0A"ee^:k#!encrypt#!5#!NKe*&#!encrypt#!13#!N+M\$"C:dpb#}#!encrypt#!21#!N3fIqfAR.#BJGiL0A"ee^#!encrypt#!2#!g
#!encrypt#!3#!{t|#!encrypt#!19#!N{e]Y=+\tX;ezEK5,i)#!encrypt#!4#!N3h"#!encrypt#!13#!N+M\$"C:dpb#}#!encrypt#!23#!N3fIqfAR.#BJG*L~_"ee^:k#!encrypt#!2#!g
#!encrypt#!3#!68=#!encrypt#!23#!N3fIqfAR.#BJG*L~_"ee^:k#!encrypt#!5#!NKe*&#!encrypt#!13#!N+M\$"C:dpb#}#!encrypt#!21#!N3fIqfAR.#BJG*L~_"ee^#!encrypt#!2#!g
#!encrypt#!3#!{t|#!encrypt#!19#!N{e]Y=+\tX;ezEK>,=|#!encrypt#!5#!NKe*&#!encrypt#!13#!N+M\$"C:dpb#}#!encrypt#!22#!N3fIq[a#VhM^z`~._N3v&u#!encrypt#!2#!g
#!encrypt#!3#!{t|#!encrypt#!19#!N{e]Y=+\tX;ezEK>,g0#!encrypt#!5#!NKe*&#!encrypt#!13#!N+M\$"C:dpb#}#!encrypt#!22#!N3fIq[a#VhM^z`~.Sc3v&u#!encrypt#!2#!g
#!encrypt#!3#!{t|#!encrypt#!19#!N{e]Y=+\tX;ezEKJ,E<#!encrypt#!5#!NKe*&#!encrypt#!13#!N+M\$"C:dpb#}#!encrypt#!22#!N3fIq[a#VhM^z`R.mP3v&u#!encrypt#!2#!g
#!encrypt#!3#!{t|#!encrypt#!19#!N{e]Y=+\tX;ezEK=,/|#!encrypt#!5#!NKe*&#!encrypt#!13#!N+M\$"C:dpb#}#!encrypt#!22#!N3fIq[a#VhM^z`m.rN3v&u#!encrypt#!2#!g
#!encrypt#!3#!{t|#!encrypt#!19#!N{e]Y=+\tX;ezEK5,i)#!encrypt#!5#!NKe*&#!encrypt#!13#!N+M\$"C:dpb#}#!encrypt#!22#!N3fIq[a#VhM^z``.K=3v&u#!encrypt#!2#!g
#!encrypt#!7#!b8 zGh{#!encrypt#!4#!NPyR#!encrypt#!19#!N{e]Y=+\tX;ezEK*9^~#!encrypt#!4#!N+0g#!encrypt#!7#!NPy;`%h#!encrypt#!2#!g
#!encrypt#!3#!{t|#!encrypt#!5#!Nc4*&#!encrypt#!5#!NQffm#!encrypt#!13#!N+M\$"C:dpb#}#!encrypt#!13#!N}Mf$\|fy_)ep#!encrypt#!2#!g
#!encrypt#!3#!{t|#!encrypt#!5#!Nc4*&#!encrypt#!5#!NQffN#!encrypt#!13#!N+M\$"C:dpb#}#!encrypt#!10#!N#M*q"6F+j#!encrypt#!2#!g
#!encrypt#!6#!)(>q64#!encrypt#!9#!N+f#Y/Go%#!encrypt#!5#!Nc4*&#!encrypt#!8#!Nkypm=A5#!encrypt#!4#!N+`f#!encrypt#!2#!N;#!encrypt#!13#!N+M\$"C:dpb#}#!encrypt#!10#!Nc4*{wA:Zc#!encrypt#!2#!g
#!encrypt#!6#!)(>q64#!encrypt#!5#!N+q\$#!encrypt#!5#!N+mk$#!encrypt#!5#!Nc4*&#!encrypt#!8#!Nkypm=A5#!encrypt#!13#!N+M\$"C:dpb#}#!encrypt#!16#!N)p"&L_[1w)(E5./#!encrypt#!2#!g
#!encrypt#!7#!b8 zGh{#!encrypt#!5#!NQffm#!encrypt#!13#!N}Mf$\|fy_)ep#!encrypt#!2#!g
#!encrypt#!7#!b8 zGh{#!encrypt#!5#!NQffN#!encrypt#!10#!N#M*q"6F+j#!encrypt#!2#!g
#!encrypt#!2#!k1#!encrypt#!5#!N)y+7#!encrypt#!4#!N#4*#!encrypt#!5#!N{M~x#!encrypt#!10#!N{<]2/_>%J#!encrypt#!4#!N{4P#!encrypt#!5#!Nclk&#!encrypt#!8#!Nclk&=|-#!encrypt#!8#!NchR&=|-#!encrypt#!13#!N+M\$"C:dpb#}#!encrypt#!19#!N4M"9c|%k#}#pY.sYD<#!encrypt#!2#!g
#!encrypt#!3#!68=#!encrypt#!5#!ND4fO#!encrypt#!6#!No<]2/#!encrypt#!13#!N+M\$"C:dpb#}#!encrypt#!5#!Nol]$#!encrypt#!2#!g
#!encrypt#!3#!{t|#!encrypt#!5#!ND4fO#!encrypt#!6#!No<]2/#!encrypt#!13#!N+M\$"C:dpb#}#!encrypt#!5#!N{l]$#!encrypt#!2#!g
#!encrypt#!3#!68=#!encrypt#!5#!N)y+7#!encrypt#!6#!No<]2/#!encrypt#!13#!N+M\$"C:dpb#}#!encrypt#!10#!NoY_7?_Fd_#!encrypt#!2#!g
#!encrypt#!3#!68=#!encrypt#!10#!NoY_7?_Fd_#!encrypt#!9#!N)y+7=+\t#!encrypt#!13#!N+M\$"C:dpb#}#!encrypt#!6#!NoY_7?#!encrypt#!2#!g
#!encrypt#!6#!)(>q64#!encrypt#!7#!N+EkVwa#!encrypt#!6#!NoY_7?#!encrypt#!9#!N)y+7=+\t#!encrypt#!13#!N+M\$"C:dpb#}#!encrypt#!8#!Noh.$^+%#!encrypt#!2#!g
#!encrypt#!3#!{t|#!encrypt#!5#!N)y+7#!encrypt#!6#!No<]2/#!encrypt#!13#!N+M\$"C:dpb#}#!encrypt#!10#!N{Y_7?_Fd_#!encrypt#!2#!g
#!encrypt#!3#!68=#!encrypt#!10#!N{Y_7?_Fd_#!encrypt#!9#!N)y+7=+\t#!encrypt#!13#!N+M\$"C:dpb#}#!encrypt#!6#!N{Y_7?#!encrypt#!2#!g
#!encrypt#!6#!)(>q64#!encrypt#!7#!N+EkVwa#!encrypt#!6#!N{Y_7?#!encrypt#!9#!N)y+7=+\t#!encrypt#!13#!N+M\$"C:dpb#}#!encrypt#!8#!N{h.$^+%#!encrypt#!2#!g
#!encrypt#!6#!t([J6o#!encrypt#!2#!N1#!encrypt#!2#!Nn#!encrypt#!15#!N1}mqbQL7'JHGMq#!encrypt#!2#!Ng#!encrypt#!9#!N)y+7=+\t#!encrypt#!8#!Noh.$^+%#!encrypt#!2#!Nn#!encrypt#!2#!N@#!encrypt#!2#!Ng#!encrypt#!8#!Noh.$^+%#!encrypt#!2#!Nn#!encrypt#!2#!Nt#!encrypt#!2#!Ng#!encrypt#!2#!g
#!encrypt#!6#!t([J6o#!encrypt#!2#!N1#!encrypt#!2#!Nn#!encrypt#!15#!N1}mqbQL7'JHGvq#!encrypt#!2#!Ng#!encrypt#!9#!N)y+7=+\t#!encrypt#!8#!N{h.$^+%#!encrypt#!2#!Nn#!encrypt#!2#!N@#!encrypt#!2#!Ng#!encrypt#!8#!N{h.$^+%#!encrypt#!2#!Nn#!encrypt#!2#!Nt#!encrypt#!2#!Ng#!encrypt#!2#!g
#!encrypt#!3#!{t|#!encrypt#!4#!N#4*#!encrypt#!6#!No<]2/#!encrypt#!13#!N+M\$"C:dpb#}#!encrypt#!5#!NoEp(#!encrypt#!2#!g
#!encrypt#!3#!68=#!encrypt#!4#!N#4*#!encrypt#!6#!No<]2/#!encrypt#!13#!N+M\$"C:dpb#}#!encrypt#!5#!N{Ep(#!encrypt#!2#!g
#!encrypt#!3#!68=#!encrypt#!6#!N{Y_7?#!encrypt#!5#!N{l]$#!encrypt#!13#!N+M\$"C:dpb#}#!encrypt#!13#!N{GkVZo\}c)lX#!encrypt#!2#!g
#!encrypt#!3#!68=#!encrypt#!6#!NoY_7?#!encrypt#!5#!Nol]$#!encrypt#!13#!N+M\$"C:dpb#}#!encrypt#!13#!NoGkVZo\}c)lX#!encrypt#!2#!g
#!encrypt#!6#!)(>q64#!encrypt#!10#!N+y#$^+Fm/#!encrypt#!5#!N+mk$#!encrypt#!4#!N#4*#!encrypt#!5#!N)y+7#!encrypt#!13#!N+M\$"C:dpb#}#!encrypt#!13#!NaJk2P*\x#?n6#!encrypt#!2#!g
#!encrypt#!3#!68=#!encrypt#!6#!No<]2/#!encrypt#!4#!NJg_#!encrypt#!13#!N+M\$"C:dpb#}#!encrypt#!8#!NM[#H^6y#!encrypt#!2#!g
#!encrypt#!7#!b8 zGh{#!encrypt#!4#!NPyR#!encrypt#!13#!N{GkVZo\}c)lX#!encrypt#!4#!N+0g#!encrypt#!7#!NPy;`%h#!encrypt#!2#!g
#!encrypt#!7#!b8 zGh{#!encrypt#!4#!NPyR#!encrypt#!13#!NoGkVZo\}c)lX#!encrypt#!4#!N+0g#!encrypt#!7#!NPy;`%h#!encrypt#!2#!g
#!encrypt#!7#!b8 zGh{#!encrypt#!4#!NPyR#!encrypt#!8#!N{h.$^+%#!encrypt#!4#!N+0g#!encrypt#!7#!NPy;`%h#!encrypt#!2#!g
#!encrypt#!7#!b8 zGh{#!encrypt#!4#!NPyR#!encrypt#!8#!Noh.$^+%#!encrypt#!4#!N+0g#!encrypt#!7#!NPy;`%h#!encrypt#!2#!g
#!encrypt#!7#!b8 zGh{#!encrypt#!13#!N{GkVZo\}c)lX#!encrypt#!5#!NoEp(#!encrypt#!2#!g
#!encrypt#!7#!b8 zGh{#!encrypt#!13#!NoGkVZo\}c)lX#!encrypt#!5#!N{Ep(#!encrypt#!2#!g
#!encrypt#!7#!b8 zGh{#!encrypt#!4#!NPyR#!encrypt#!5#!N{Ep(#!encrypt#!4#!N+0g#!encrypt#!7#!NPy;`%h#!encrypt#!2#!g
#!encrypt#!7#!b8 zGh{#!encrypt#!4#!NPyR#!encrypt#!5#!NoEp(#!encrypt#!4#!N+0g#!encrypt#!7#!NPy;`%h#!encrypt#!2#!g
#!encrypt#!7#!b8 zGh{#!encrypt#!4#!NPyR#!encrypt#!13#!NaJk2P*\x#?n6#!encrypt#!4#!N+0g#!encrypt#!7#!NPy;`%h#!encrypt#!2#!g
#!encrypt#!8#!)xwzeo9Y#!encrypt#!5#!N{Ep(#!encrypt#!6#!N{<]2/#!encrypt#!2#!g
#!encrypt#!8#!)xwzeo9Y#!encrypt#!5#!NoEp(#!encrypt#!6#!No<]2/#!encrypt#!2#!g
#!encrypt#!7#!b8 zGh{#!encrypt#!4#!NPyR#!encrypt#!5#!N{M~x#!encrypt#!4#!N+0g#!encrypt#!12#!N{M~x=6#m\Y4#!encrypt#!2#!g
#!encrypt#!7#!b8 zGh{#!encrypt#!5#!N{M~x#!encrypt#!5#!N{l]$#!encrypt#!2#!g
#!encrypt#!7#!b8 zGh{#!encrypt#!5#!N{M~x#!encrypt#!5#!Nol]$#!encrypt#!2#!g
#!encrypt#!7#!b8 zGh{#!encrypt#!5#!ND4fO#!encrypt#!5#!N{M~x#!encrypt#!2#!g
#!encrypt#!7#!b8 zGh{#!encrypt#!4#!NPyR#!encrypt#!8#!Np[.(\6e#!encrypt#!4#!N+0g#!encrypt#!7#!NPy;`%h#!encrypt#!2#!g
#!encrypt#!7#!b8 zGh{#!encrypt#!4#!NPyR#!encrypt#!16#!Np[.T\C>mjMo}cUx#!encrypt#!4#!N+0g#!encrypt#!7#!NPy;`%h#!encrypt#!2#!g
#!encrypt#!7#!b8 zGh{#!encrypt#!5#!NQffB#!encrypt#!4#!NPyR#!encrypt#!4#!N+0g#!encrypt#!5#!NQqkZ#!encrypt#!2#!g
#!encrypt#!7#!b8 zGh{#!encrypt#!5#!NQffa#!encrypt#!5#!NQffB#!encrypt#!4#!N+0g#!encrypt#!4#!Nkyp#!encrypt#!2#!g
#!encrypt#!7#!b8 zGh{#!encrypt#!5#!NQffm#!encrypt#!5#!NQffa#!encrypt#!4#!N+0g#!encrypt#!5#!Nkypa#!encrypt#!2#!g
#!encrypt#!7#!b8 zGh{#!encrypt#!5#!NQffN#!encrypt#!5#!NQffm#!encrypt#!4#!N+0g#!encrypt#!5#!Nkypm#!encrypt#!2#!g
#!encrypt#!7#!b8 zGh{#!encrypt#!5#!NQffL#!encrypt#!5#!NQffN#!encrypt#!4#!N+0g#!encrypt#!5#!NkypN#!encrypt#!2#!g
#!encrypt#!7#!b8 zGh{#!encrypt#!7#!Np[.$PM#!encrypt#!9#!Np[.Z2(yd#!encrypt#!2#!g
#!encrypt#!2#!k1#!encrypt#!5#!N)y+7#!encrypt#!4#!N#4*#!encrypt#!13#!N+M\$"C:dpb#}#!encrypt#!20#!N{M~x=6#m\Y4GYy:I?SZ#!encrypt#!2#!g
#!encrypt#!3#!68=#!encrypt#!20#!N{M~x=6#m\Y4GYy:I?SZ#!encrypt#!5#!N{M~x#!encrypt#!13#!N+M\$"C:dpb#}#!encrypt#!20#!N{M~x=6#m\Y4GYy:I?S+#!encrypt#!2#!g
#!encrypt#!6#!)(>q64#!encrypt#!5#!N+q\$#!encrypt#!5#!N+mk$#!encrypt#!7#!NPy;`%h#!encrypt#!20#!N{M~x=6#m\Y4GYy:I?S+#!encrypt#!13#!N+M\$"C:dpb#}#!encrypt#!12#!N{M~x=6#m\Y4#!encrypt#!2#!g
#!encrypt#!3#!{t|#!encrypt#!4#!N#4*#!encrypt#!7#!NPy;`%h#!encrypt#!13#!N+M\$"C:dpb#}#!encrypt#!10#!N#4*q/A[Z.#!encrypt#!2#!g
#!encrypt#!3#!68=#!encrypt#!4#!N#4*#!encrypt#!5#!N{M~x#!encrypt#!13#!N+M\$"C:dpb#}#!encrypt#!12#!N#4*q%G:#\=R#!encrypt#!2#!g
#!encrypt#!6#!)(>q64#!encrypt#!8#!N+y#TKB\#!encrypt#!4#!N#4*#!encrypt#!6#!No<]2/#!encrypt#!13#!N+M\$"C:dpb#}#!encrypt#!10#!N#4*q%L\d_#!encrypt#!2#!g
#!encrypt#!3#!68=#!encrypt#!6#!No<]2/#!encrypt#!4#!NJg_#!encrypt#!13#!N+M\$"C:dpb#}#!encrypt#!20#!NZ4$qwaF_.,1GYy:I?SZ#!encrypt#!2#!g
#!encrypt#!3#!{t|#!encrypt#!5#!N{M~x#!encrypt#!4#!N#4*#!encrypt#!13#!N+M\$"C:dpb#}#!encrypt#!20#!NZ4$qwaF_.,1GYy:I?S+#!encrypt#!2#!g
#!encrypt#!3#!{t|#!encrypt#!20#!NZ4$qwaF_.,1GYy:I?S+#!encrypt#!20#!NZ4$qwaF_.,1GYy:I?SZ#!encrypt#!13#!N+M\$"C:dpb#}#!encrypt#!20#!NZ4$qwaF_.,1GYy:I?S##!encrypt#!2#!g
#!encrypt#!3#!68=#!encrypt#!20#!NZ4$qwaF_.,1GYy:I?S##!encrypt#!10#!NOe]{KBQmj#!encrypt#!13#!N+M\$"C:dpb#}#!encrypt#!12#!NZ4$qwaF_.,1#!encrypt#!2#!g
#!encrypt#!6#!)(>q64#!encrypt#!9#!N+M\$dA0%#!encrypt#!5#!N+mk$#!encrypt#!4#!N#4*#!encrypt#!12#!NZ4$qwaF_.,1#!encrypt#!13#!N+M\$"C:dpb#}#!encrypt#!9#!NZ4${w{Fy#!encrypt#!2#!g
#!encrypt#!3#!{t|#!encrypt#!8#!NchR&=|-#!encrypt#!4#!Npg_#!encrypt#!13#!N+M\$"C:dpb#}#!encrypt#!8#!NchR&=Iz#!encrypt#!2#!g
#!encrypt#!3#!{t|#!encrypt#!13#!NaJk2P*\x#?n6#!encrypt#!10#!NOe]{KBQ%.#!encrypt#!13#!N+M\$"C:dpb#}#!encrypt#!22#!N)f.Z)(:UmQnE[K.{7$<Dp#!encrypt#!2#!g
#!encrypt#!6#!)(>q64#!encrypt#!9#!N+M\$dA0%#!encrypt#!5#!N+mk$#!encrypt#!22#!N)f.Z)(:UmQnE[K.{7$<Dp#!encrypt#!6#!No<]2/#!encrypt#!13#!N+M\$"C:dpb#}#!encrypt#!14#!N)f.Z)(:UmQnE[#!encrypt#!2#!g
#!encrypt#!3#!{t|#!encrypt#!5#!N{M~x#!encrypt#!10#!NOe]{KBQ%.#!encrypt#!13#!N+M\$"C:dpb#}#!encrypt#!19#!N)faG4_R1/,O6|ZaQn<#!encrypt#!2#!g
#!encrypt#!6#!)(>q64#!encrypt#!9#!N+M\$dA0%#!encrypt#!19#!N)faG4_R1/,O6|ZaQn<#!encrypt#!5#!N{<PO#!encrypt#!13#!N+M\$"C:dpb#}#!encrypt#!11#!N)faG4_R1/,#!encrypt#!2#!g
#!encrypt#!3#!68=#!encrypt#!5#!N)y+7#!encrypt#!7#!N)mvO/6#!encrypt#!13#!N+M\$"C:dpb#}#!encrypt#!21#!N)f.Z)(:U:)ep`LR>O~^,#!encrypt#!2#!g
#!encrypt#!6#!)(>q64#!encrypt#!9#!N+M\$dA0%#!encrypt#!5#!N+mk$#!encrypt#!11#!N)faG4_R1/,#!encrypt#!21#!N)f.Z)(:U:)ep`LR>O~^,#!encrypt#!13#!N+M\$"C:dpb#}#!encrypt#!13#!N)f.Z)(:U:)ep#!encrypt#!2#!g
#!encrypt#!3#!{t|#!encrypt#!5#!N)y+7#!encrypt#!10#!NOe]{KBQ%.#!encrypt#!13#!N+M\$"C:dpb#}#!encrypt#!23#!N)f.Z)(:UJA.}C%Q,CM)xJk#!encrypt#!2#!g
#!encrypt#!6#!)(>q64#!encrypt#!9#!N+M\$dA0%#!encrypt#!5#!N+mk$#!encrypt#!23#!N)f.Z)(:UJA.}C%Q,CM)xJk#!encrypt#!13#!N)f.Z)(:U:)ep#!encrypt#!13#!N+M\$"C:dpb#}#!encrypt#!15#!N)f.Z)(:UJA.}C%#!encrypt#!2#!g
#!encrypt#!3#!{t|#!encrypt#!13#!NaJk2P*\x#?n6#!encrypt#!10#!NOe]{KBQ%.#!encrypt#!13#!N+M\$"C:dpb#}#!encrypt#!22#!N)f.()(:UmQnE[K.{7$<Dp#!encrypt#!2#!g
#!encrypt#!6#!)(>q64#!encrypt#!9#!N+M\$dA0%#!encrypt#!22#!N)f.()(:UmQnE[K.{7$<Dp#!encrypt#!6#!No<]2/#!encrypt#!13#!N+M\$"C:dpb#}#!encrypt#!14#!N)f.()(:UmQnE[#!encrypt#!2#!g
#!encrypt#!3#!{t|#!encrypt#!5#!N)y+7#!encrypt#!7#!N)mvO/6#!encrypt#!13#!N+M\$"C:dpb#}#!encrypt#!21#!N)f.()(:U:)ep`LR>O~^,#!encrypt#!2#!g
#!encrypt#!6#!)(>q64#!encrypt#!9#!N+M\$dA0%#!encrypt#!5#!N+mk$#!encrypt#!11#!N)faG4_R1/,#!encrypt#!21#!N)f.()(:U:)ep`LR>O~^,#!encrypt#!13#!N+M\$"C:dpb#}#!encrypt#!13#!N)f.()(:U:)ep#!encrypt#!2#!g
#!encrypt#!3#!{t|#!encrypt#!5#!N)y+7#!encrypt#!10#!NOe]{KBQ%.#!encrypt#!13#!N+M\$"C:dpb#}#!encrypt#!23#!N)f.()(:UJA.}C%Q,CM)xJk#!encrypt#!2#!g
#!encrypt#!6#!)(>q64#!encrypt#!9#!N+M\$dA0%#!encrypt#!5#!N+mk$#!encrypt#!23#!N)f.(?(:UJA.}C%Q,CM)xJk#!encrypt#!13#!N)f.()(:U:)ep#!encrypt#!13#!N+M\$"C:dpb#}#!encrypt#!15#!N)f.()(:UJA.}C%#!encrypt#!2#!g
#!encrypt#!3#!{t|#!encrypt#!5#!N)y+7#!encrypt#!4#!Npg_#!encrypt#!13#!N+M\$"C:dpb#}#!encrypt#!8#!Np[.9K!I#!encrypt#!2#!g
#!encrypt#!3#!{t|#!encrypt#!5#!N{M~x#!encrypt#!4#!Npg_#!encrypt#!13#!N+M\$"C:dpb#}#!encrypt#!8#!Np[.(\6e#!encrypt#!2#!g
#!encrypt#!6#!)(>q64#!encrypt#!8#!N+y#TKB\#!encrypt#!5#!ND4fO#!encrypt#!4#!NJg_#!encrypt#!13#!N+M\$"C:dpb#}#!encrypt#!8#!Np[.pP*\#!encrypt#!2#!g
#!encrypt#!3#!{t|#!encrypt#!4#!N#4*#!encrypt#!4#!Npg_#!encrypt#!13#!N+M\$"C:dpb#}#!encrypt#!7#!Np[.$PM#!encrypt#!2#!g
#!encrypt#!3#!68=#!encrypt#!8#!Np[.9K!I#!encrypt#!8#!Np[.(\6e#!encrypt#!13#!N+M\$"C:dpb#}#!encrypt#!16#!Np[.T\C>mjMo}cUx#!encrypt#!2#!g
#!encrypt#!6#!)(>q64#!encrypt#!7#!N+EkVwa#!encrypt#!8#!Np[.pP*\#!encrypt#!16#!Np[.T\C>mjMo}cUx#!encrypt#!13#!N+M\$"C:dpb#}#!encrypt#!12#!Np[.5o{fVp?##!encrypt#!2#!g
#!encrypt#!3#!{t|#!encrypt#!6#!No<]2/#!encrypt#!4#!NJg_#!encrypt#!13#!N+M\$"C:dpb#}#!encrypt#!17#!Np[.Z2(yd#BmT$G.##!encrypt#!2#!g
#!encrypt#!6#!)(>q64#!encrypt#!9#!N+M\$dA0%#!encrypt#!5#!N+mk$#!encrypt#!6#!No<]2/#!encrypt#!10#!NOe]{KBQ._#!encrypt#!13#!N+M\$"C:dpb#}#!encrypt#!17#!Np[.Z2(yd#BmT$G.O#!encrypt#!2#!g
#!encrypt#!2#!k1#!encrypt#!17#!Np[.Z2(yd#BmT$G.##!encrypt#!17#!Np[.Z2(yd#BmT$G.O#!encrypt#!13#!N+M\$"C:dpb#}#!encrypt#!9#!Np[.Z2(yd#!encrypt#!2#!g
#!encrypt#!3#!{t|#!encrypt#!5#!N)y+7#!encrypt#!4#!Npg_#!encrypt#!13#!N+M\$"C:dpb#}#!encrypt#!25#!NBEpY+_K5#=mGXUZC"S6KQY6I#!encrypt#!2#!g
#!encrypt#!3#!68=#!encrypt#!25#!NBEpY+_K5#=mGXUZC"S6KQY6I#!encrypt#!6#!No<]2/#!encrypt#!13#!N+M\$"C:dpb#}#!encrypt#!25#!NBEpY+_K5#=mGXUZC"S6KQY6;#!encrypt#!2#!g
#!encrypt#!3#!68=#!encrypt#!5#!N)y+7#!encrypt#!6#!No<]2/#!encrypt#!13#!N+M\$"C:dpb#}#!encrypt#!25#!NBEpY+_K5#=mGXUZC"S6KQY66#!encrypt#!2#!g
#!encrypt#!6#!)(>q64#!encrypt#!7#!N+EkVwa#!encrypt#!25#!NBEpY+_K5#=mGXUZC"S6KQY6;#!encrypt#!25#!NBEpY+_K5#=mGXUZC"S6KQY66#!encrypt#!13#!N+M\$"C:dpb#}#!encrypt#!17#!NBEpY+_K5#=mGXUZC#!encrypt#!2#!g
#!encrypt#!3#!{t|#!encrypt#!5#!N)y+7#!encrypt#!5#!NK,xK#!encrypt#!13#!N+M\$"C:dpb#}#!encrypt#!8#!NH32<K!I#!encrypt#!2#!g
#!encrypt#!6#!)(>q64#!encrypt#!9#!N+M\$dA0%#!encrypt#!5#!N+mk$#!encrypt#!5#!N{M~x#!encrypt#!5#!NK,xK#!encrypt#!13#!N+M\$"C:dpb#}#!encrypt#!8#!NH32S\6e#!encrypt#!2#!g
#!encrypt#!3#!{t|#!encrypt#!8#!NH32S\6e#!encrypt#!5#!N)y+7#!encrypt#!13#!N+M\$"C:dpb#}#!encrypt#!8#!NH32vP*\#!encrypt#!2#!g
#!encrypt#!3#!{t|#!encrypt#!5#!N)y+7#!encrypt#!5#!NK,xK#!encrypt#!13#!N+M\$"C:dpb#}#!encrypt#!23#!NH32=\C>mj*|{<XQ,CM)xJk#!encrypt#!2#!g
#!encrypt#!3#!68=#!encrypt#!23#!NH32=\C>mj*|{<XQ,CM)xJk#!encrypt#!5#!N{M~x#!encrypt#!13#!N+M\$"C:dpb#}#!encrypt#!23#!NH32=\C>mj*|{<XQ,CM)xJh#!encrypt#!2#!g
#!encrypt#!3#!68=#!encrypt#!23#!NH32=\C>mj*|{<XQ,CM)xJh#!encrypt#!9#!N)y+7=+\t#!encrypt#!13#!N+M\$"C:dpb#}#!encrypt#!15#!NH32=\C>mj*|{<X#!encrypt#!2#!g
#!encrypt#!3#!{t|#!encrypt#!5#!N)y+7#!encrypt#!5#!Nk,xK#!encrypt#!13#!N+M\$"C:dpb#}#!encrypt#!8#!NZ329K!I#!encrypt#!2#!g
#!encrypt#!6#!)(>q64#!encrypt#!9#!N+M\$dA0%#!encrypt#!5#!N+mk$#!encrypt#!5#!N{M~x#!encrypt#!5#!Nk,xK#!encrypt#!13#!N+M\$"C:dpb#}#!encrypt#!8#!NZ32S\6e#!encrypt#!2#!g
#!encrypt#!3#!{t|#!encrypt#!8#!NZ32S\6e#!encrypt#!5#!N)y+7#!encrypt#!13#!N+M\$"C:dpb#}#!encrypt#!8#!NZ32vP*\#!encrypt#!2#!g
#!encrypt#!3#!{t|#!encrypt#!5#!N)y+7#!encrypt#!4#!N#4*#!encrypt#!13#!N+M\$"C:dpb#}#!encrypt#!23#!NV32=\C>mj*|{<XQ,CM)xJk#!encrypt#!2#!g
#!encrypt#!3#!{t|#!encrypt#!23#!NV32=\C>mj*|{<XQ,CM)xJk#!encrypt#!5#!Nk,xK#!encrypt#!13#!N+M\$"C:dpb#}#!encrypt#!23#!NV32=\C>mj*|{<XQ,CM)xJh#!encrypt#!2#!g
#!encrypt#!3#!68=#!encrypt#!23#!NV32=\C>mj*|{<XQ,CM)xJh#!encrypt#!5#!N{M~x#!encrypt#!13#!N+M\$"C:dpb#}#!encrypt#!23#!NV32=\C>mj*|{<XQ,CM)xJ0#!encrypt#!2#!g
#!encrypt#!3#!68=#!encrypt#!23#!NV32=\C>mj*|{<XQ,CM)xJ0#!encrypt#!9#!N)y+7=+\t#!encrypt#!13#!N+M\$"C:dpb#}#!encrypt#!15#!NV32=\C>mj*|{<X#!encrypt#!2#!g
#!encrypt#!2#!k1#!encrypt#!5#!NQffB#!encrypt#!5#!NQffa#!encrypt#!5#!NQffm#!encrypt#!13#!N+M\$"C:dpb#}#!encrypt#!23#!NamPVw*@=#e#9chQ,CM)xJk#!encrypt#!2#!g
#!encrypt#!3#!{t|#!encrypt#!9#!NamPVw*@=#!encrypt#!23#!NamPVw*@=#e#9chQ,CM)xJk#!encrypt#!13#!N+M\$"C:dpb#}#!encrypt#!23#!NamPVw*@=#e#9chQ,CM)xJh#!encrypt#!2#!g
#!encrypt#!4#!)b$q#!encrypt#!23#!NamPVw*@=#e#9chQ,CM)xJh#!encrypt#!4#!N+0g#!encrypt#!3#!NIK#!encrypt#!13#!N+M\$"C:dpb#}#!encrypt#!15#!NamPVw*@=#e#9ch#!encrypt#!2#!g
#!encrypt#!3#!68=#!encrypt#!5#!Nol]$#!encrypt#!12#!Np[.5o{fVp?##!encrypt#!13#!N+M\$"C:dpb#}#!encrypt#!12#!Nol]$=?@=YMn#!encrypt#!2#!g
#!encrypt#!3#!68=#!encrypt#!12#!Nol]$=?@=YMn#!encrypt#!5#!NPgfZ#!encrypt#!13#!N+M\$"C:dpb#}#!encrypt#!10#!Nol]$=?@=Y#!encrypt#!2#!g
#!encrypt#!3#!{t|#!encrypt#!10#!Nol]$=?@=Y#!encrypt#!6#!NoY_7?#!encrypt#!13#!N+M\$"C:dpb#}#!encrypt#!14#!Nol]$=K]5^M|pC#!encrypt#!2#!g
#!encrypt#!6#!t([J6o#!encrypt#!3#!N~ #!encrypt#!2#!Nn#!encrypt#!10#!Nol]$=K]5^#!encrypt#!2#!Ng#!encrypt#!14#!Nol]$=K]5^M|pC#!encrypt#!5#!Nol]$#!encrypt#!2#!Nn#!encrypt#!2#!N&#!encrypt#!2#!Ng#!encrypt#!13#!NoGkVZo\}c)lX#!encrypt#!2#!Nn#!encrypt#!2#!NV#!encrypt#!2#!Ng#!encrypt#!13#!NoGkVZo\}c)lX#!encrypt#!2#!Nn#!encrypt#!2#!Nq#!encrypt#!2#!Ng#!encrypt#!6#!N{<]2/#!encrypt#!2#!Nn#!encrypt#!2#!Nj#!encrypt#!2#!Ng#!encrypt#!2#!g
#!encrypt#!3#!{t|#!encrypt#!5#!N{l]$#!encrypt#!5#!NJgf(#!encrypt#!13#!N+M\$"C:dpb#}#!encrypt#!8#!NJgf(?(:#!encrypt#!2#!g
#!encrypt#!3#!68=#!encrypt#!5#!N{l]$#!encrypt#!12#!Np[.5o{fVp?##!encrypt#!13#!N+M\$"C:dpb#}#!encrypt#!12#!N{l]$=?@=YMn#!encrypt#!2#!g
#!encrypt#!3#!68=#!encrypt#!12#!N{l]$=?@=YMn#!encrypt#!8#!NJgf(?(:#!encrypt#!13#!N+M\$"C:dpb#}#!encrypt#!12#!N{l]$=?@=YMD#!encrypt#!2#!g
#!encrypt#!3#!68=#!encrypt#!12#!N{l]$=?@=YMD#!encrypt#!5#!NPgfZ#!encrypt#!13#!N+M\$"C:dpb#}#!encrypt#!10#!N{l]$=?@=Y#!encrypt#!2#!g
#!encrypt#!3#!{t|#!encrypt#!10#!N{l]$=?@=Y#!encrypt#!6#!N{Y_7?#!encrypt#!13#!N+M\$"C:dpb#}#!encrypt#!14#!N{l]$=K]5^M|pC#!encrypt#!2#!g
#!encrypt#!6#!t([J6o#!encrypt#!3#!N~:#!encrypt#!2#!Nn#!encrypt#!10#!N{l]$=K]5^#!encrypt#!2#!Ng#!encrypt#!14#!N{l]$=K]5^M|pC#!encrypt#!5#!N{l]$#!encrypt#!2#!Nn#!encrypt#!2#!N&#!encrypt#!2#!Ng#!encrypt#!13#!N{GkVZo\}c)lX#!encrypt#!2#!Nn#!encrypt#!2#!NV#!encrypt#!2#!Ng#!encrypt#!13#!N{GkVZo\}c)lX#!encrypt#!2#!Nn#!encrypt#!2#!Nq#!encrypt#!2#!Ng#!encrypt#!6#!No<]2/#!encrypt#!2#!Nn#!encrypt#!2#!Nj#!encrypt#!2#!Ng#!encrypt#!2#!g
#!encrypt#!3#!{t|#!encrypt#!12#!N{l]$=?@=YMD#!encrypt#!5#!NPgfZ#!encrypt#!13#!N+M\$"C:dpb#}#!encrypt#!8#!NPgf(?(:#!encrypt#!2#!g
#!encrypt#!3#!{t|#!encrypt#!8#!NPgf(?(:#!encrypt#!6#!N{Y_7?#!encrypt#!13#!N+M\$"C:dpb#}#!encrypt#!17#!NPgf(?(:U smx`d n#!encrypt#!2#!g
#!encrypt#!6#!t([J6o#!encrypt#!3#!N~:#!encrypt#!2#!Nn#!encrypt#!14#!N{l]$=K]5^M1P5#!encrypt#!2#!Ng#!encrypt#!17#!NPgf(?(:U smx`d n#!encrypt#!8#!NPgf(?(:#!encrypt#!2#!Nn#!encrypt#!2#!N&#!encrypt#!2#!Ng#!encrypt#!13#!N{GkVZo\}c)lX#!encrypt#!2#!Nn#!encrypt#!2#!NV#!encrypt#!2#!Ng#!encrypt#!13#!N{GkVZo\}c)lX#!encrypt#!2#!Nn#!encrypt#!2#!Nq#!encrypt#!2#!Ng#!encrypt#!6#!No<]2/#!encrypt#!2#!Nn#!encrypt#!2#!Nj#!encrypt#!2#!Ng#!encrypt#!2#!g
#!encrypt#!3#!{t|#!encrypt#!12#!Nol]$=?@=YMn#!encrypt#!5#!NPgfZ#!encrypt#!13#!N+M\$"C:dpb#}#!encrypt#!8#!NPgfZ?(:#!encrypt#!2#!g
#!encrypt#!3#!{t|#!encrypt#!8#!NPgfZ?(:#!encrypt#!6#!NoY_7?#!encrypt#!13#!N+M\$"C:dpb#}#!encrypt#!17#!NPgfZ?(:U smx`d n#!encrypt#!2#!g
#!encrypt#!6#!t([J6o#!encrypt#!3#!N~ #!encrypt#!2#!Nn#!encrypt#!14#!Nol]$=K]5^M1P5#!encrypt#!2#!Ng#!encrypt#!17#!NPgfZ?(:U smx`d n#!encrypt#!8#!NPgfZ?(:#!encrypt#!2#!Nn#!encrypt#!2#!N&#!encrypt#!2#!Ng#!encrypt#!13#!NoGkVZo\}c)lX#!encrypt#!2#!Nn#!encrypt#!2#!NV#!encrypt#!2#!Ng#!encrypt#!13#!NoGkVZo\}c)lX#!encrypt#!2#!Nn#!encrypt#!2#!Nq#!encrypt#!2#!Ng#!encrypt#!6#!N{<]2/#!encrypt#!2#!Nn#!encrypt#!2#!Nj#!encrypt#!2#!Ng#!encrypt#!2#!g
#!encrypt#!3#!{t|#!encrypt#!8#!NJgf(?(:#!encrypt#!6#!N{Y_7?#!encrypt#!13#!N+M\$"C:dpb#}#!encrypt#!17#!NJgf(?(:U smx`d n#!encrypt#!2#!g
#!encrypt#!6#!t([J6o#!encrypt#!3#!N~:#!encrypt#!2#!Nn#!encrypt#!14#!N{l]$=K]5^MTP5#!encrypt#!2#!Ng#!encrypt#!17#!NJgf(?(:U smx`d n#!encrypt#!8#!NJgf(?(:#!encrypt#!2#!Nn#!encrypt#!2#!N&#!encrypt#!2#!Ng#!encrypt#!13#!N{GkVZo\}c)lX#!encrypt#!2#!Nn#!encrypt#!2#!NV#!encrypt#!2#!Ng#!encrypt#!13#!N{GkVZo\}c)lX#!encrypt#!2#!Nn#!encrypt#!2#!Nq#!encrypt#!2#!Ng#!encrypt#!6#!No<]2/#!encrypt#!2#!Nn#!encrypt#!2#!Nj#!encrypt#!2#!Ng#!encrypt#!2#!g
#!encrypt#!3#!{t|#!encrypt#!12#!Np[.7^*fVp?##!encrypt#!5#!NoJP&#!encrypt#!13#!N+M\$"C:dpb#}#!encrypt#!9#!Np[.Z"Gyk#!encrypt#!2#!g
#!encrypt#!11#!@qFqq.QH7%1#!encrypt#!17#!N+qkK%o#xjYeGaXAt#!encrypt#!9#!Np[.Z"Gyk#!encrypt#!16#!Np[.T\C>mjMo}cUx#!encrypt#!13#!N+M\$"C:dpb#}#!encrypt#!16#!Np[.Z,n:%#=#Xn#7#!encrypt#!2#!g
#!encrypt#!4#!2t=q#!encrypt#!16#!Np[.Z,n:%#=#Xn#7#!encrypt#!6#!N+-fp^#!encrypt#!4#!N;2?#!encrypt#!4#!N;2u#!encrypt#!8#!N+M\$"C:#!encrypt#!7#!N3f/K\?#!encrypt#!13#!N+M\$"C:dpb#}#!encrypt#!15#!Np[.Z,n:%#Pm/`'#!encrypt#!2#!g
#!encrypt#!3#!{t|#!encrypt#!15#!Np[.Z,n:%#Pm/`'#!encrypt#!5#!NPgfZ#!encrypt#!13#!N+M\$"C:dpb#}#!encrypt#!13#!Np[.Z,n:%#Pm/#!encrypt#!2#!g
#!encrypt#!4#!2t=q#!encrypt#!16#!Np[.Z,n:%#=#Xn#7#!encrypt#!6#!N+-fp^#!encrypt#!4#!N;2u#!encrypt#!3#!NI8#!encrypt#!8#!N+M\$"C:#!encrypt#!7#!N3f/K\?#!encrypt#!13#!N+M\$"C:dpb#}#!encrypt#!15#!Np[.Z,n:%#Cm``'#!encrypt#!2#!g
#!encrypt#!3#!{t|#!encrypt#!15#!Np[.Z,n:%#Cm``'#!encrypt#!5#!NPgfZ#!encrypt#!13#!N+M\$"C:dpb#}#!encrypt#!13#!Np[.Z,n:%#Cm`#!encrypt#!2#!g
#!encrypt#!3#!68=#!encrypt#!12#!Np[.5o{fVp?##!encrypt#!13#!Np[.Z,n:%#Cm`#!encrypt#!13#!N+M\$"C:dpb#}#!encrypt#!16#!Np[.pP*\UTV4`|Km#!encrypt#!2#!g
#!encrypt#!3#!68=#!encrypt#!16#!Np[.pP*\UTV4`|Km#!encrypt#!13#!Np[.Z,n:%#Pm/#!encrypt#!13#!N+M\$"C:dpb#}#!encrypt#!16#!Np[.pP*\UTV4`|Kw#!encrypt#!2#!g
#!encrypt#!3#!{t|#!encrypt#!16#!Np[.pP*\UTV4`|Kw#!encrypt#!5#!NoJP&#!encrypt#!13#!N+M\$"C:dpb#}#!encrypt#!15#!Np[.Z,n:%#Cm2yy#!encrypt#!2#!g
#!encrypt#!3#!{t|#!encrypt#!16#!Np[.pP*\UTV4`|Kw#!encrypt#!5#!N{JP&#!encrypt#!13#!N+M\$"C:dpb#}#!encrypt#!15#!Np[.(,n:%#Cm2yy#!encrypt#!2#!g
#!encrypt#!6#!t([J6o#!encrypt#!3#!N~ #!encrypt#!2#!Nn#!encrypt#!14#!Nol]$=Kw58MhP5#!encrypt#!2#!Ng#!encrypt#!13#!Np[.Z,n:%#Pm/#!encrypt#!12#!Np[.5o{fVp?##!encrypt#!2#!Nn#!encrypt#!2#!N&#!encrypt#!2#!Ng#!encrypt#!16#!Np[.T\C>mjMo}cUx#!encrypt#!2#!Nn#!encrypt#!2#!NV#!encrypt#!2#!Ng#!encrypt#!16#!Np[.T\C>mjMo}cUx#!encrypt#!2#!Nn#!encrypt#!2#!Nq#!encrypt#!2#!Ng#!encrypt#!6#!N{<]2/#!encrypt#!2#!Nn#!encrypt#!2#!Nj#!encrypt#!2#!Ng#!encrypt#!2#!g
#!encrypt#!6#!t([J6o#!encrypt#!3#!N~ #!encrypt#!2#!Nn#!encrypt#!14#!Nol]$=K}5 MhP5#!encrypt#!2#!Ng#!encrypt#!13#!Np[.Z,n:%#Cm`#!encrypt#!12#!Np[.5o{fVp?##!encrypt#!2#!Nn#!encrypt#!2#!N&#!encrypt#!2#!Ng#!encrypt#!16#!Np[.T\C>mjMo}cUx#!encrypt#!2#!Nn#!encrypt#!2#!NV#!encrypt#!2#!Ng#!encrypt#!16#!Np[.T\C>mjMo}cUx#!encrypt#!2#!Nn#!encrypt#!2#!Nq#!encrypt#!2#!Ng#!encrypt#!6#!N{<]2/#!encrypt#!2#!Nn#!encrypt#!2#!Nj#!encrypt#!2#!Ng#!encrypt#!2#!g
#!encrypt#!6#!t([J6o#!encrypt#!3#!N~ #!encrypt#!2#!Nn#!encrypt#!15#!Nol]$=y}5 `4`|`#!encrypt#!2#!Ng#!encrypt#!15#!Np[.Z,n:%#Cm2yy#!encrypt#!12#!Np[.5o{fVp?##!encrypt#!2#!Nn#!encrypt#!2#!N&#!encrypt#!2#!Ng#!encrypt#!16#!Np[.T\C>mjMo}cUx#!encrypt#!2#!Nn#!encrypt#!2#!NV#!encrypt#!2#!Ng#!encrypt#!16#!Np[.T\C>mjMo}cUx#!encrypt#!2#!Nn#!encrypt#!2#!Nq#!encrypt#!2#!Ng#!encrypt#!6#!N{<]2/#!encrypt#!2#!Nn#!encrypt#!2#!Nj#!encrypt#!2#!Ng#!encrypt#!2#!g
#!encrypt#!6#!t([J6o#!encrypt#!3#!N~:#!encrypt#!2#!Nn#!encrypt#!15#!N{l]$=y}5 `4`|`#!encrypt#!2#!Ng#!encrypt#!15#!Np[.(,n:%#Cm2yy#!encrypt#!12#!Np[.5o{fVp?##!encrypt#!2#!Nn#!encrypt#!2#!N&#!encrypt#!2#!Ng#!encrypt#!16#!Np[.T\C>mjMo}cUx#!encrypt#!2#!Nn#!encrypt#!2#!NV#!encrypt#!2#!Ng#!encrypt#!16#!Np[.T\C>mjMo}cUx#!encrypt#!2#!Nn#!encrypt#!2#!Nq#!encrypt#!2#!Ng#!encrypt#!6#!No<]2/#!encrypt#!2#!Nn#!encrypt#!2#!Nj#!encrypt#!2#!Ng#!encrypt#!2#!g
#!encrypt#!6#!t([J6o#!encrypt#!2#!N1#!encrypt#!2#!Nn#!encrypt#!17#!N3fIqfAR.#BJGyLPA#!encrypt#!2#!Ng#!encrypt#!21#!N3fIqfAR.#BJGyLPA"ee^#!encrypt#!19#!N{e]Y=+\tX;ezEK*9^~#!encrypt#!2#!Nn#!encrypt#!2#!N@#!encrypt#!2#!Ng#!encrypt#!19#!N{e]Y=+\tX;ezEK*9^~#!encrypt#!2#!Nn#!encrypt#!2#!Nt#!encrypt#!2#!Ng#!encrypt#!6#!N{<]2/#!encrypt#!2#!Nn#!encrypt#!2#!Nj#!encrypt#!2#!Ng#!encrypt#!9#!N+f~O}(5+#!encrypt#!2#!N1#!encrypt#!2#!N_#!encrypt#!2#!N
#!encrypt#!9#!N@k(So/Yi#!encrypt#!2#!N
#!encrypt#!2#!NP#!encrypt#!2#!N|#!encrypt#!2#!NA#!encrypt#!2#!N
#!encrypt#!2#!N
#!encrypt#!5#!NOe]{#!encrypt#!2#!NT#!encrypt#!5#!N$kqi#!encrypt#!2#!Nn#!encrypt#!21#!N3fIqfAR.#BJGyLPA"ee^#!encrypt#!2#!Ng#!encrypt#!2#!N
#!encrypt#!2#!NA#!encrypt#!2#!NT#!encrypt#!19#!N@}DgpQY7'MHfmYG-ew#!encrypt#!2#!Nn#!encrypt#!21#!N3fIqfAR.#BJGyLPA"ee^#!encrypt#!2#!N|#!encrypt#!19#!N{e]Y=+\tX;ezEK*9^~#!encrypt#!2#!Ng#!encrypt#!2#!Nv#!encrypt#!2#!Nf#!encrypt#!2#!N
#!encrypt#!2#!NP#!encrypt#!2#!NT#!encrypt#!5#!N$kqi#!encrypt#!2#!Nv#!encrypt#!2#!NA#!encrypt#!2#!N
#!encrypt#!2#!N9#!encrypt#!2#!g
#!encrypt#!6#!t([J6o#!encrypt#!2#!N1#!encrypt#!2#!Nn#!encrypt#!17#!N3fIqfAR.#BJGyL,U#!encrypt#!2#!Ng#!encrypt#!21#!N3fIqfAR.#BJGyL,U"ee^#!encrypt#!19#!N{e]Y=+\tX;ezEK*9^~#!encrypt#!2#!Nn#!encrypt#!2#!N@#!encrypt#!2#!Ng#!encrypt#!19#!N{e]Y=+\tX;ezEK*9^~#!encrypt#!2#!Nn#!encrypt#!2#!Nt#!encrypt#!2#!Ng#!encrypt#!6#!N{<]2/#!encrypt#!2#!Nn#!encrypt#!2#!Nj#!encrypt#!2#!Ng#!encrypt#!9#!N+f~O}(5+#!encrypt#!2#!N1#!encrypt#!2#!N_#!encrypt#!2#!N
#!encrypt#!9#!N@k(So/Yi#!encrypt#!2#!N
#!encrypt#!2#!NP#!encrypt#!2#!N|#!encrypt#!2#!NA#!encrypt#!2#!N
#!encrypt#!2#!N
#!encrypt#!5#!NOe]{#!encrypt#!2#!NT#!encrypt#!5#!N$kqi#!encrypt#!2#!Nn#!encrypt#!21#!N3fIqfAR.#BJGyL,U"ee^#!encrypt#!2#!Ng#!encrypt#!2#!N
#!encrypt#!2#!NA#!encrypt#!2#!NT#!encrypt#!19#!N@}DgpQY7'MHfmYG-ew#!encrypt#!2#!Nn#!encrypt#!21#!N3fIqfAR.#BJGyL,U"ee^#!encrypt#!2#!N|#!encrypt#!19#!N{e]Y=+\tX;ezEK*9^~#!encrypt#!2#!Ng#!encrypt#!2#!Nv#!encrypt#!2#!Nf#!encrypt#!2#!N
#!encrypt#!2#!NP#!encrypt#!2#!NT#!encrypt#!5#!N$kqi#!encrypt#!2#!Nv#!encrypt#!2#!NA#!encrypt#!2#!N
#!encrypt#!2#!N9#!encrypt#!2#!g
#!encrypt#!6#!t([J6o#!encrypt#!2#!N1#!encrypt#!2#!Nn#!encrypt#!17#!N3fIqfAR.#BJG-LO##!encrypt#!2#!Ng#!encrypt#!21#!N3fIqfAR.#BJG-LO#"ee^#!encrypt#!19#!N{e]Y=+\tX;ezEK*9^~#!encrypt#!2#!Nn#!encrypt#!2#!N@#!encrypt#!2#!Ng#!encrypt#!19#!N{e]Y=+\tX;ezEK*9^~#!encrypt#!2#!Nn#!encrypt#!2#!Nt#!encrypt#!2#!Ng#!encrypt#!6#!N{<]2/#!encrypt#!2#!Nn#!encrypt#!2#!Nj#!encrypt#!2#!Ng#!encrypt#!9#!N+f~O}(5+#!encrypt#!2#!N1#!encrypt#!2#!N_#!encrypt#!2#!N
#!encrypt#!9#!N@k(So/Yi#!encrypt#!2#!N
#!encrypt#!2#!NP#!encrypt#!2#!N|#!encrypt#!2#!NA#!encrypt#!2#!N
#!encrypt#!2#!N
#!encrypt#!5#!NOe]{#!encrypt#!2#!NT#!encrypt#!5#!N$kqi#!encrypt#!2#!Nn#!encrypt#!21#!N3fIqfAR.#BJG-LO#"ee^#!encrypt#!2#!Ng#!encrypt#!2#!N
#!encrypt#!2#!NA#!encrypt#!2#!NT#!encrypt#!19#!N@}DgpQY7'MHfmYG-ew#!encrypt#!2#!Nn#!encrypt#!21#!N3fIqfAR.#BJG-LO#"ee^#!encrypt#!2#!N|#!encrypt#!19#!N{e]Y=+\tX;ezEK*9^~#!encrypt#!2#!Ng#!encrypt#!2#!Nv#!encrypt#!2#!Nf#!encrypt#!2#!N
#!encrypt#!2#!NP#!encrypt#!2#!NT#!encrypt#!5#!N$kqi#!encrypt#!2#!Nv#!encrypt#!2#!NA#!encrypt#!2#!N
#!encrypt#!2#!N9#!encrypt#!2#!g
#!encrypt#!6#!t([J6o#!encrypt#!2#!N1#!encrypt#!2#!Nn#!encrypt#!17#!N3fIqfAR.#BJGiL0A#!encrypt#!2#!Ng#!encrypt#!21#!N3fIqfAR.#BJGiL0A"ee^#!encrypt#!19#!N{e]Y=+\tX;ezEK*9^~#!encrypt#!2#!Nn#!encrypt#!2#!N@#!encrypt#!2#!Ng#!encrypt#!19#!N{e]Y=+\tX;ezEK*9^~#!encrypt#!2#!Nn#!encrypt#!2#!Nt#!encrypt#!2#!Ng#!encrypt#!6#!N{<]2/#!encrypt#!2#!Nn#!encrypt#!2#!Nj#!encrypt#!2#!Ng#!encrypt#!9#!N+f~O}(5+#!encrypt#!2#!N1#!encrypt#!2#!N_#!encrypt#!2#!N
#!encrypt#!9#!N@k(So/Yi#!encrypt#!2#!N
#!encrypt#!2#!NP#!encrypt#!2#!N|#!encrypt#!2#!NA#!encrypt#!2#!N
#!encrypt#!2#!N
#!encrypt#!5#!NOe]{#!encrypt#!2#!NT#!encrypt#!5#!N$kqi#!encrypt#!2#!Nn#!encrypt#!21#!N3fIqfAR.#BJGiL0A"ee^#!encrypt#!2#!Ng#!encrypt#!2#!N
#!encrypt#!2#!NA#!encrypt#!2#!NT#!encrypt#!19#!N@}DgpQY7'MHfmYG-ew#!encrypt#!2#!Nn#!encrypt#!21#!N3fIqfAR.#BJGiL0A"ee^#!encrypt#!2#!N|#!encrypt#!19#!N{e]Y=+\tX;ezEK*9^~#!encrypt#!2#!Ng#!encrypt#!2#!Nv#!encrypt#!2#!Nf#!encrypt#!2#!N
#!encrypt#!2#!NP#!encrypt#!2#!NT#!encrypt#!5#!N$kqi#!encrypt#!2#!Nv#!encrypt#!2#!NA#!encrypt#!2#!N
#!encrypt#!2#!N9#!encrypt#!2#!g
#!encrypt#!6#!t([J6o#!encrypt#!2#!N1#!encrypt#!2#!Nn#!encrypt#!17#!N3fIqfAR.#BJG*L~_#!encrypt#!2#!Ng#!encrypt#!21#!N3fIqfAR.#BJG*L~_"ee^#!encrypt#!19#!N{e]Y=+\tX;ezEK*9^~#!encrypt#!2#!Nn#!encrypt#!2#!N@#!encrypt#!2#!Ng#!encrypt#!19#!N{e]Y=+\tX;ezEK*9^~#!encrypt#!2#!Nn#!encrypt#!2#!Nt#!encrypt#!2#!Ng#!encrypt#!6#!N{<]2/#!encrypt#!2#!Nn#!encrypt#!2#!Nj#!encrypt#!2#!Ng#!encrypt#!9#!N+f~O}(5+#!encrypt#!2#!N1#!encrypt#!2#!N_#!encrypt#!2#!N
#!encrypt#!9#!N@k(So/Yi#!encrypt#!2#!N
#!encrypt#!2#!NP#!encrypt#!2#!N|#!encrypt#!2#!NA#!encrypt#!2#!N
#!encrypt#!2#!N
#!encrypt#!5#!NOe]{#!encrypt#!2#!NT#!encrypt#!5#!N$kqi#!encrypt#!2#!Nn#!encrypt#!21#!N3fIqfAR.#BJG*L~_"ee^#!encrypt#!2#!Ng#!encrypt#!2#!N
#!encrypt#!2#!NA#!encrypt#!2#!NT#!encrypt#!19#!N@}DgpQY7'MHfmYG-ew#!encrypt#!2#!Nn#!encrypt#!21#!N3fIqfAR.#BJG*L~_"ee^#!encrypt#!2#!N|#!encrypt#!19#!N{e]Y=+\tX;ezEK*9^~#!encrypt#!2#!Ng#!encrypt#!2#!Nv#!encrypt#!2#!Nf#!encrypt#!2#!N
#!encrypt#!2#!NP#!encrypt#!2#!NT#!encrypt#!5#!N$kqi#!encrypt#!2#!Nv#!encrypt#!2#!NA#!encrypt#!2#!N
#!encrypt#!2#!N9#!encrypt#!2#!g
#!encrypt#!6#!t([J6o#!encrypt#!2#!N1#!encrypt#!2#!Nn#!encrypt#!18#!N3fIq[a#VhM^z`~._N#!encrypt#!2#!Ng#!encrypt#!22#!N3fIq[a#VhM^z`~._N3v&u#!encrypt#!19#!N{e]Y=+\tX;ezEK*9^~#!encrypt#!2#!Nn#!encrypt#!2#!N@#!encrypt#!2#!Ng#!encrypt#!19#!N{e]Y=+\tX;ezEK*9^~#!encrypt#!2#!Nn#!encrypt#!2#!Nt#!encrypt#!2#!Ng#!encrypt#!6#!N{<]2/#!encrypt#!2#!Nn#!encrypt#!2#!Nj#!encrypt#!2#!Ng#!encrypt#!9#!N+f~O}(5+#!encrypt#!2#!N1#!encrypt#!2#!N_#!encrypt#!2#!N
#!encrypt#!9#!N@k(So/Yi#!encrypt#!2#!N
#!encrypt#!2#!NP#!encrypt#!2#!N|#!encrypt#!2#!NA#!encrypt#!2#!N
#!encrypt#!2#!N
#!encrypt#!5#!NOe]{#!encrypt#!2#!NT#!encrypt#!5#!N$kqi#!encrypt#!2#!Nn#!encrypt#!22#!N3fIq[a#VhM^z`~._N3v&u#!encrypt#!2#!Ng#!encrypt#!2#!N
#!encrypt#!2#!NA#!encrypt#!2#!NT#!encrypt#!19#!N@}DgpQY7'MHfmYG-ew#!encrypt#!2#!Nn#!encrypt#!22#!N3fIq[a#VhM^z`~._N3v&u#!encrypt#!2#!N|#!encrypt#!19#!N{e]Y=+\tX;ezEK*9^~#!encrypt#!2#!Ng#!encrypt#!2#!Nv#!encrypt#!2#!Nf#!encrypt#!2#!N
#!encrypt#!2#!NP#!encrypt#!2#!NT#!encrypt#!5#!N$kqi#!encrypt#!2#!Nv#!encrypt#!2#!NA#!encrypt#!2#!N
#!encrypt#!2#!N9#!encrypt#!2#!g
#!encrypt#!6#!t([J6o#!encrypt#!2#!N1#!encrypt#!2#!Nn#!encrypt#!18#!N3fIq[a#VhM^z`~.Sc#!encrypt#!2#!Ng#!encrypt#!22#!N3fIq[a#VhM^z`~.Sc3v&u#!encrypt#!19#!N{e]Y=+\tX;ezEK*9^~#!encrypt#!2#!Nn#!encrypt#!2#!N@#!encrypt#!2#!Ng#!encrypt#!19#!N{e]Y=+\tX;ezEK*9^~#!encrypt#!2#!Nn#!encrypt#!2#!Nt#!encrypt#!2#!Ng#!encrypt#!6#!N{<]2/#!encrypt#!2#!Nn#!encrypt#!2#!Nj#!encrypt#!2#!Ng#!encrypt#!9#!N+f~O}(5+#!encrypt#!2#!N1#!encrypt#!2#!N_#!encrypt#!2#!N
#!encrypt#!9#!N@k(So/Yi#!encrypt#!2#!N
#!encrypt#!2#!NP#!encrypt#!2#!N|#!encrypt#!2#!NA#!encrypt#!2#!N
#!encrypt#!2#!N
#!encrypt#!5#!NOe]{#!encrypt#!2#!NT#!encrypt#!5#!N$kqi#!encrypt#!2#!Nn#!encrypt#!22#!N3fIq[a#VhM^z`~.Sc3v&u#!encrypt#!2#!Ng#!encrypt#!2#!N
#!encrypt#!2#!NA#!encrypt#!2#!NT#!encrypt#!19#!N@}DgpQY7'MHfmYG-ew#!encrypt#!2#!Nn#!encrypt#!22#!N3fIq[a#VhM^z`~.Sc3v&u#!encrypt#!2#!N|#!encrypt#!19#!N{e]Y=+\tX;ezEK*9^~#!encrypt#!2#!Ng#!encrypt#!2#!Nv#!encrypt#!2#!Nf#!encrypt#!2#!N
#!encrypt#!2#!NP#!encrypt#!2#!NT#!encrypt#!5#!N$kqi#!encrypt#!2#!Nv#!encrypt#!2#!NA#!encrypt#!2#!N
#!encrypt#!2#!N9#!encrypt#!2#!g
#!encrypt#!6#!t([J6o#!encrypt#!2#!N1#!encrypt#!2#!Nn#!encrypt#!18#!N3fIq[a#VhM^z`R.mP#!encrypt#!2#!Ng#!encrypt#!22#!N3fIq[a#VhM^z`R.mP3v&u#!encrypt#!19#!N{e]Y=+\tX;ezEK*9^~#!encrypt#!2#!Nn#!encrypt#!2#!N@#!encrypt#!2#!Ng#!encrypt#!19#!N{e]Y=+\tX;ezEK*9^~#!encrypt#!2#!Nn#!encrypt#!2#!Nt#!encrypt#!2#!Ng#!encrypt#!6#!N{<]2/#!encrypt#!2#!Nn#!encrypt#!2#!Nj#!encrypt#!2#!Ng#!encrypt#!9#!N+f~O}(5+#!encrypt#!2#!N1#!encrypt#!2#!N_#!encrypt#!2#!N
#!encrypt#!9#!N@k(So/Yi#!encrypt#!2#!N
#!encrypt#!2#!NP#!encrypt#!2#!N|#!encrypt#!2#!NA#!encrypt#!2#!N
#!encrypt#!2#!N
#!encrypt#!5#!NOe]{#!encrypt#!2#!NT#!encrypt#!5#!N$kqi#!encrypt#!2#!Nn#!encrypt#!22#!N3fIq[a#VhM^z`R.mP3v&u#!encrypt#!2#!Ng#!encrypt#!2#!N
#!encrypt#!2#!NA#!encrypt#!2#!NT#!encrypt#!19#!N@}DgpQY7'MHfmYG-ew#!encrypt#!2#!Nn#!encrypt#!22#!N3fIq[a#VhM^z`R.mP3v&u#!encrypt#!2#!N|#!encrypt#!19#!N{e]Y=+\tX;ezEK*9^~#!encrypt#!2#!Ng#!encrypt#!2#!Nv#!encrypt#!2#!Nf#!encrypt#!2#!N
#!encrypt#!2#!NP#!encrypt#!2#!NT#!encrypt#!5#!N$kqi#!encrypt#!2#!Nv#!encrypt#!2#!NA#!encrypt#!2#!N
#!encrypt#!2#!N9#!encrypt#!2#!g
#!encrypt#!6#!t([J6o#!encrypt#!2#!N1#!encrypt#!2#!Nn#!encrypt#!18#!N3fIq[a#VhM^z`m.rN#!encrypt#!2#!Ng#!encrypt#!22#!N3fIq[a#VhM^z`m.rN3v&u#!encrypt#!19#!N{e]Y=+\tX;ezEK*9^~#!encrypt#!2#!Nn#!encrypt#!2#!N@#!encrypt#!2#!Ng#!encrypt#!19#!N{e]Y=+\tX;ezEK*9^~#!encrypt#!2#!Nn#!encrypt#!2#!Nt#!encrypt#!2#!Ng#!encrypt#!6#!N{<]2/#!encrypt#!2#!Nn#!encrypt#!2#!Nj#!encrypt#!2#!Ng#!encrypt#!9#!N+f~O}(5+#!encrypt#!2#!N1#!encrypt#!2#!N_#!encrypt#!2#!N
#!encrypt#!9#!N@k(So/Yi#!encrypt#!2#!N
#!encrypt#!2#!NP#!encrypt#!2#!N|#!encrypt#!2#!NA#!encrypt#!2#!N
#!encrypt#!2#!N
#!encrypt#!5#!NOe]{#!encrypt#!2#!NT#!encrypt#!5#!N$kqi#!encrypt#!2#!Nn#!encrypt#!22#!N3fIq[a#VhM^z`m.rN3v&u#!encrypt#!2#!Ng#!encrypt#!2#!N
#!encrypt#!2#!NA#!encrypt#!2#!NT#!encrypt#!19#!N@}DgpQY7'MHfmYG-ew#!encrypt#!2#!Nn#!encrypt#!22#!N3fIq[a#VhM^z`m.rN3v&u#!encrypt#!2#!N|#!encrypt#!19#!N{e]Y=+\tX;ezEK*9^~#!encrypt#!2#!Ng#!encrypt#!2#!Nv#!encrypt#!2#!Nf#!encrypt#!2#!N
#!encrypt#!2#!NP#!encrypt#!2#!NT#!encrypt#!5#!N$kqi#!encrypt#!2#!Nv#!encrypt#!2#!NA#!encrypt#!2#!N
#!encrypt#!2#!N9#!encrypt#!2#!g
#!encrypt#!6#!t([J6o#!encrypt#!2#!N1#!encrypt#!2#!Nn#!encrypt#!18#!N3fIq[a#VhM^z``.K=#!encrypt#!2#!Ng#!encrypt#!22#!N3fIq[a#VhM^z``.K=3v&u#!encrypt#!19#!N{e]Y=+\tX;ezEK*9^~#!encrypt#!2#!Nn#!encrypt#!2#!N@#!encrypt#!2#!Ng#!encrypt#!19#!N{e]Y=+\tX;ezEK*9^~#!encrypt#!2#!Nn#!encrypt#!2#!Nt#!encrypt#!2#!Ng#!encrypt#!6#!N{<]2/#!encrypt#!2#!Nn#!encrypt#!2#!Nj#!encrypt#!2#!Ng#!encrypt#!9#!N+f~O}(5+#!encrypt#!2#!N1#!encrypt#!2#!N_#!encrypt#!2#!N
#!encrypt#!9#!N@k(So/Yi#!encrypt#!2#!N
#!encrypt#!2#!NP#!encrypt#!2#!N|#!encrypt#!2#!NA#!encrypt#!2#!N
#!encrypt#!2#!N
#!encrypt#!5#!NOe]{#!encrypt#!2#!NT#!encrypt#!5#!N$kqi#!encrypt#!2#!Nn#!encrypt#!22#!N3fIq[a#VhM^z``.K=3v&u#!encrypt#!2#!Ng#!encrypt#!2#!N
#!encrypt#!2#!NA#!encrypt#!2#!NT#!encrypt#!19#!N@}DgpQY7'MHfmYG-ew#!encrypt#!2#!Nn#!encrypt#!22#!N3fIq[a#VhM^z``.K=3v&u#!encrypt#!2#!N|#!encrypt#!19#!N{e]Y=+\tX;ezEK*9^~#!encrypt#!2#!Ng#!encrypt#!2#!Nv#!encrypt#!2#!Nf#!encrypt#!2#!N
#!encrypt#!2#!NP#!encrypt#!2#!NT#!encrypt#!5#!N$kqi#!encrypt#!2#!Nv#!encrypt#!2#!NA#!encrypt#!2#!N
#!encrypt#!2#!N9#!encrypt#!2#!g
#!encrypt#!5#!{tF`G#!encrypt#!10#!Nc4*{wA:Zc#!encrypt#!4#!N+fQ#!encrypt#!2#!N;#!encrypt#!13#!N+M\$"C:dpb#}#!encrypt#!10#!Nc4*q2A0+h#!encrypt#!2#!g
#!encrypt#!5#!{tF`G#!encrypt#!10#!Nc4*{wA:Zc#!encrypt#!4#!N+fQ#!encrypt#!3#!N[K#!encrypt#!13#!N+M\$"C:dpb#}#!encrypt#!11#!Nc4*q/(5V/:#!encrypt#!2#!g
#!encrypt#!6#!t([J6o#!encrypt#!2#!Nx#!encrypt#!2#!Nn#!encrypt#!17#!Nc4*q}A%UYPOGG':9#!encrypt#!2#!Ng#!encrypt#!10#!Nc4*{wA:Zc#!encrypt#!10#!N#M*q"6F+j#!encrypt#!2#!Nn#!encrypt#!5#!N@>==#!encrypt#!2#!Ng#!encrypt#!13#!N}Mf$\|fy_)ep#!encrypt#!2#!Nn#!encrypt#!6#!N~*z_.#!encrypt#!2#!Ng#!encrypt#!2#!N*#!encrypt#!10#!Nc4*q2A0+h#!encrypt#!2#!N #!encrypt#!2#!N*#!encrypt#!11#!Nc4*q/(5V/:#!encrypt#!2#!N #!encrypt#!9#!N+f~O}(5+#!encrypt#!2#!Nx#!encrypt#!2#!N_#!encrypt#!2#!N
#!encrypt#!9#!N@k(So/Yi#!encrypt#!2#!N
#!encrypt#!2#!NP#!encrypt#!2#!N|#!encrypt#!2#!NA#!encrypt#!2#!N
#!encrypt#!2#!N
#!encrypt#!2#!NP#!encrypt#!2#!NT#!encrypt#!19#!N@}DgpQY7'MHfmYG-ew#!encrypt#!2#!Nn#!encrypt#!10#!Nc4*{wA:Zc#!encrypt#!2#!N|#!encrypt#!11#!Nc4*q/(5V/:#!encrypt#!2#!Ng#!encrypt#!2#!N
#!encrypt#!2#!NA#!encrypt#!2#!NT#!encrypt#!19#!N@}DgpQY7'MHfmYG-ew#!encrypt#!2#!Nn#!encrypt#!10#!Nc4*{wA:Zc#!encrypt#!2#!N|#!encrypt#!10#!Nc4*q2A0+h#!encrypt#!2#!Ng#!encrypt#!2#!Nv#!encrypt#!2#!Nf#!encrypt#!2#!N
#!encrypt#!2#!N9#!encrypt#!2#!g
#!encrypt#!37#!+ZG.6<pf@-2LG0ga-d;A{lX,:PDY:F!aoPfF
#!encrypt#!19#!+ZG.;o9dX>Jzr`,[I)2#!encrypt#!6#!N+mkZ^#!encrypt#!2#!g
[WARN] LVS_RECOGNIZE_GATES at line 972 in file /opt/cadence-suite/sky130_release_0.0.4/Sky130_LVS/sky130.lvs.pvl is skipped. Pegasus only takes the first LVS_RECOGNIZE_GATES command.
#!encrypt#!10#!+ZG.;osa A#!encrypt#!4#!N^fI#!encrypt#!14#!N+hp#P6y%_M:z1#!encrypt#!2#!g
#!encrypt#!10#!+ZG.;osa A#!encrypt#!4#!N^fI#!encrypt#!12#!N+J]#K(oUYAx#!encrypt#!2#!g
#!encrypt#!18#!+ZG.vop!2EqO_qHM$)#!encrypt#!2#!Nx#!encrypt#!2#!Nn#!encrypt#!32#!Nc4*q(MlU 5^7l~O,g3<,fh`=_w!IrRz#!encrypt#!2#!Ng#!encrypt#!2#!N_#!encrypt#!5#!N@>==#!encrypt#!2#!NT#!encrypt#!3#!NxK#!encrypt#!6#!N~*z_.#!encrypt#!2#!NT#!encrypt#!3#!Nx&#!encrypt#!5#!Nj6`*#!encrypt#!2#!NT#!encrypt#!2#!Nj#!encrypt#!2#!N9#!encrypt#!8#!N+JkVZo\#!encrypt#!2#!g
#!encrypt#!18#!+ZG.vop!2EqO_qHM$)#!encrypt#!2#!Nx#!encrypt#!2#!Nn#!encrypt#!32#!Nc4*q(MlU #^7l~O,g3<,fh`=_w!IrRz#!encrypt#!2#!Ng#!encrypt#!2#!N_#!encrypt#!5#!N@>==#!encrypt#!2#!NT#!encrypt#!3#!NxK#!encrypt#!6#!N~*z_.#!encrypt#!2#!NT#!encrypt#!3#!Nx&#!encrypt#!5#!Nj6`*#!encrypt#!2#!NT#!encrypt#!2#!Nj#!encrypt#!2#!N9#!encrypt#!8#!N+JkVZo\#!encrypt#!2#!g
#!encrypt#!18#!+ZG.vop!2EqO_qHM$)#!encrypt#!2#!Nx#!encrypt#!2#!Nn#!encrypt#!34#!Nc4*q(MlU #^7l~O,g3<,fh(6Pw!IrRz I#!encrypt#!2#!Ng#!encrypt#!2#!N_#!encrypt#!5#!N@>==#!encrypt#!2#!NT#!encrypt#!3#!NxK#!encrypt#!6#!N~*z_.#!encrypt#!2#!NT#!encrypt#!3#!Nx&#!encrypt#!5#!Nj6`*#!encrypt#!2#!NT#!encrypt#!2#!Nj#!encrypt#!2#!N9#!encrypt#!8#!N+JkVZo\#!encrypt#!2#!g
#!encrypt#!18#!+ZG.vop!2EqO_qHM$)#!encrypt#!2#!Nx#!encrypt#!2#!Nn#!encrypt#!32#!Nc4*q(MlU _^hl~~,/3<,fh`=_w!IrRz#!encrypt#!2#!Ng#!encrypt#!2#!N_#!encrypt#!5#!N@>==#!encrypt#!2#!NT#!encrypt#!3#!NxK#!encrypt#!6#!N~*z_.#!encrypt#!2#!NT#!encrypt#!3#!Nx&#!encrypt#!5#!Nj6`*#!encrypt#!2#!NT#!encrypt#!2#!Nj#!encrypt#!2#!N9#!encrypt#!8#!N+JkVZo\#!encrypt#!2#!g
#!encrypt#!18#!+ZG.vop!2EqO_qHM$)#!encrypt#!2#!Nx#!encrypt#!2#!Nn#!encrypt#!34#!Nc4*q(MlU _^hl~~,/3<,fh(6Pw!IrRz I#!encrypt#!2#!Ng#!encrypt#!2#!N_#!encrypt#!5#!N@>==#!encrypt#!2#!NT#!encrypt#!3#!NxK#!encrypt#!6#!N~*z_.#!encrypt#!2#!NT#!encrypt#!3#!Nx&#!encrypt#!5#!Nj6`*#!encrypt#!2#!NT#!encrypt#!2#!Nj#!encrypt#!2#!N9#!encrypt#!8#!N+JkVZo\#!encrypt#!2#!g
#!encrypt#!18#!+ZG.vop!2EqO_qHM$)#!encrypt#!2#!Nx#!encrypt#!2#!Nn#!encrypt#!44#!Nc4*q(MlU _^hl~~,/3<,fh(6Pw!IrRz IH?q?6@1/ei#!encrypt#!2#!Ng#!encrypt#!2#!N_#!encrypt#!5#!N@>==#!encrypt#!2#!NT#!encrypt#!3#!NxK#!encrypt#!6#!N~*z_.#!encrypt#!2#!NT#!encrypt#!3#!Nx&#!encrypt#!5#!Nj6`*#!encrypt#!2#!NT#!encrypt#!2#!Nj#!encrypt#!2#!N9#!encrypt#!8#!N+JkVZo\#!encrypt#!2#!g
#!encrypt#!18#!+ZG.vop!2EqO_qHM$)#!encrypt#!2#!Nx#!encrypt#!2#!Nn#!encrypt#!36#!Nc4*q(MlUvs^wlRJ,i3",fk(;Pw!IrRz><HO#!encrypt#!2#!Ng#!encrypt#!2#!N_#!encrypt#!5#!N@>==#!encrypt#!2#!NT#!encrypt#!3#!NxK#!encrypt#!6#!N~*z_.#!encrypt#!2#!NT#!encrypt#!3#!Nx&#!encrypt#!5#!Nj6`*#!encrypt#!2#!NT#!encrypt#!2#!Nj#!encrypt#!2#!N9#!encrypt#!8#!N+JkVZo\#!encrypt#!2#!g
#!encrypt#!18#!+ZG.vop!2EqO_qHM$)#!encrypt#!2#!Nx#!encrypt#!2#!Nn#!encrypt#!36#!Nc4*q(MlUvs^wlRJ,i3",fk(;zm2_Ix? )H7#!encrypt#!2#!Ng#!encrypt#!2#!N_#!encrypt#!5#!N@>==#!encrypt#!2#!NT#!encrypt#!3#!NxK#!encrypt#!6#!N~*z_.#!encrypt#!2#!NT#!encrypt#!3#!Nx&#!encrypt#!5#!Nj6`*#!encrypt#!2#!NT#!encrypt#!2#!Nj#!encrypt#!2#!N9#!encrypt#!8#!N+JkVZo\#!encrypt#!2#!g
#!encrypt#!18#!+ZG.vop!2EqO_qHM$)#!encrypt#!2#!Nx#!encrypt#!2#!Nn#!encrypt#!38#!Nc4*q(MlUvs^wlRJ,i3",fk(;zm2_Ix? )hk&e#!encrypt#!2#!Ng#!encrypt#!2#!N_#!encrypt#!5#!N@>==#!encrypt#!2#!NT#!encrypt#!3#!NxK#!encrypt#!6#!N~*z_.#!encrypt#!2#!NT#!encrypt#!3#!Nx&#!encrypt#!5#!Nj6`*#!encrypt#!2#!NT#!encrypt#!2#!Nj#!encrypt#!2#!N9#!encrypt#!8#!N+JkVZo\#!encrypt#!2#!g
#!encrypt#!18#!+ZG.vop!2EqO_qHM$)#!encrypt#!2#!Nx#!encrypt#!2#!Nn#!encrypt#!38#!Nc4*q(MlUvs^wlRJ,i3",fk(;zm\tF!6ql-P&m#!encrypt#!2#!Ng#!encrypt#!2#!N_#!encrypt#!5#!N@>==#!encrypt#!2#!NT#!encrypt#!3#!NxK#!encrypt#!6#!N~*z_.#!encrypt#!2#!NT#!encrypt#!3#!Nx&#!encrypt#!5#!Nj6`*#!encrypt#!2#!NT#!encrypt#!2#!Nj#!encrypt#!2#!N9#!encrypt#!8#!N+JkVZo\#!encrypt#!2#!g
#!encrypt#!18#!+ZG.vop!2EqO_qHM$)#!encrypt#!2#!Nx#!encrypt#!2#!Nn#!encrypt#!40#!Nc4*q(MlUvs^wlRJ,i3",fk(;zm\tF!6ql-P(\|}#!encrypt#!2#!Ng#!encrypt#!2#!N_#!encrypt#!5#!N@>==#!encrypt#!2#!NT#!encrypt#!3#!NxK#!encrypt#!6#!N~*z_.#!encrypt#!2#!NT#!encrypt#!3#!Nx&#!encrypt#!5#!Nj6`*#!encrypt#!2#!NT#!encrypt#!2#!Nj#!encrypt#!2#!N9#!encrypt#!8#!N+JkVZo\#!encrypt#!2#!g
#!encrypt#!18#!+ZG.vop!2EqO_qHM$)#!encrypt#!2#!Nx#!encrypt#!2#!Nn#!encrypt#!32#!Nc4*q(MlUvs^wlRJ,i3<,fh`=_w!IrRz#!encrypt#!2#!Ng#!encrypt#!2#!N_#!encrypt#!5#!N@>==#!encrypt#!2#!NT#!encrypt#!3#!NxK#!encrypt#!6#!N~*z_.#!encrypt#!2#!NT#!encrypt#!3#!Nx&#!encrypt#!5#!Nj6`*#!encrypt#!2#!NT#!encrypt#!2#!Nj#!encrypt#!2#!N9#!encrypt#!8#!N+JkVZo\#!encrypt#!2#!g
#!encrypt#!18#!+ZG.vop!2EqO_qHM$)#!encrypt#!2#!Nx#!encrypt#!2#!Nn#!encrypt#!34#!Nc4*q(MlUvs^wlRJ,i3<,fh(6Pw!IrRz I#!encrypt#!2#!Ng#!encrypt#!2#!N_#!encrypt#!5#!N@>==#!encrypt#!2#!NT#!encrypt#!3#!NxK#!encrypt#!6#!N~*z_.#!encrypt#!2#!NT#!encrypt#!3#!Nx&#!encrypt#!5#!Nj6`*#!encrypt#!2#!NT#!encrypt#!2#!Nj#!encrypt#!2#!N9#!encrypt#!8#!N+JkVZo\#!encrypt#!2#!g
#!encrypt#!18#!+ZG.vop!2EqO_qHM$)#!encrypt#!2#!Nx#!encrypt#!2#!Nn#!encrypt#!38#!Nc4*q(MlUvs^wlRJ,i3<,fh(6zE2_Ix? )-R&m#!encrypt#!2#!Ng#!encrypt#!2#!N_#!encrypt#!5#!N@>==#!encrypt#!2#!NT#!encrypt#!3#!NxK#!encrypt#!6#!N~*z_.#!encrypt#!2#!NT#!encrypt#!3#!Nx&#!encrypt#!5#!Nj6`*#!encrypt#!2#!NT#!encrypt#!2#!Nj#!encrypt#!2#!N9#!encrypt#!8#!N+JkVZo\#!encrypt#!2#!g
#!encrypt#!18#!+ZG.vop!2EqO_qHM$)#!encrypt#!2#!Nx#!encrypt#!2#!Nn#!encrypt#!36#!Nc4*q(MlUvs^wlRJ,i3<,fh(6zE2_Ix? )H?#!encrypt#!2#!Ng#!encrypt#!2#!N_#!encrypt#!5#!N@>==#!encrypt#!2#!NT#!encrypt#!3#!NxK#!encrypt#!6#!N~*z_.#!encrypt#!2#!NT#!encrypt#!3#!Nx&#!encrypt#!5#!Nj6`*#!encrypt#!2#!NT#!encrypt#!2#!Nj#!encrypt#!2#!N9#!encrypt#!8#!N+JkVZo\#!encrypt#!2#!g
#!encrypt#!32#!+ZG.=1lDY#+`OmH[?);)rP3@#g$G:y0
#!encrypt#!18#!+ZG.61Qb4#"Afv1^Iy#!encrypt#!3#!N~:#!encrypt#!2#!NM#!encrypt#!2#!NP#!encrypt#!2#!g
#!encrypt#!18#!+ZG.61Qb4#"Afv1^Iy#!encrypt#!3#!N~:#!encrypt#!2#!N!#!encrypt#!2#!NA#!encrypt#!2#!g
#!encrypt#!18#!+ZG.61Qb4#"Afv1^Iy#!encrypt#!3#!N~ #!encrypt#!2#!NM#!encrypt#!2#!NP#!encrypt#!2#!g
#!encrypt#!18#!+ZG.61Qb4#"Afv1^Iy#!encrypt#!3#!N~ #!encrypt#!2#!N!#!encrypt#!2#!NA#!encrypt#!2#!g
#!encrypt#!18#!+ZG.61Qb4#"Afv1^Iy#!encrypt#!2#!N1#!encrypt#!2#!N!#!encrypt#!2#!N!#!encrypt#!2#!g
#!encrypt#!18#!+ZG.61Qb4#"Afv1^Iy#!encrypt#!2#!N1#!encrypt#!2#!NM#!encrypt#!2#!NM#!encrypt#!2#!g
#!encrypt#!18#!+ZG.61Qb4#"Afv1^Iy#!encrypt#!2#!Nx#!encrypt#!2#!NM#!encrypt#!2#!NM#!encrypt#!2#!g
#!encrypt#!18#!+ZG.61Qb4#"Afv1^Iy#!encrypt#!2#!Nx#!encrypt#!2#!N!#!encrypt#!2#!N!#!encrypt#!2#!g
#!encrypt#!13#!+ZG."Brb4#<w-#!encrypt#!6#!N+`$OL#!encrypt#!34#!N6qp(=Dly#Tv6{e>mny{xpY- dkYxg*od6#!encrypt#!2#!g
#!encrypt#!13#!+ZG."Brb4#<w-#!encrypt#!6#!N+`$OL#!encrypt#!34#!N6qp(=Dly#Ti6{e>mny{xpY- dkYxg*od6#!encrypt#!2#!g
#!encrypt#!13#!+ZG."Brb4#<w-#!encrypt#!6#!N+`$OL#!encrypt#!36#!N6qp(=Dly#Ti6{e>mny{xpY-ZugYxg*odP&>#!encrypt#!2#!g
#!encrypt#!13#!+ZG."Brb4#<w-#!encrypt#!6#!N+`$OL#!encrypt#!34#!N6qp(=Dly#Tg6}e>Knp{xpY- dkYxg*od6#!encrypt#!2#!g
#!encrypt#!13#!+ZG."Brb4#<w-#!encrypt#!6#!N+`$OL#!encrypt#!36#!N6qp(=Dly#Tg6}e>Knp{xpY-ZugYxg*odP&>#!encrypt#!2#!g
#!encrypt#!13#!+ZG."Brb4#<w-#!encrypt#!6#!N+`$OL#!encrypt#!46#!N6qp(=Dly#Tg6}e>Knp{xpY-ZugYxg*odP&"L=!yZp?:7:#!encrypt#!2#!g
#!encrypt#!13#!+ZG."Brb4#<w-#!encrypt#!6#!N+`$OL#!encrypt#!38#!N6qp(=Dly#s46*eJ#nB{3pY#ZwgYxg*od{M"m&#!encrypt#!2#!g
#!encrypt#!13#!+ZG."Brb4#<w-#!encrypt#!6#!N+`$OL#!encrypt#!38#!N6qp(=Dly#s46*eJ#nB{3pY#Zw7ZKyH0QPY"N&#!encrypt#!2#!g
#!encrypt#!13#!+ZG."Brb4#<w-#!encrypt#!6#!N+`$OL#!encrypt#!40#!N6qp(=Dly#s46*eJ#nB{3pY#Zw7ZKyH0QPY*`}PG#!encrypt#!2#!g
#!encrypt#!13#!+ZG."Brb4#<w-#!encrypt#!6#!N+`$OL#!encrypt#!40#!N6qp(=Dly#s46*eJ#nB{3pY#Zw7Z`3-<[af~<}VG#!encrypt#!2#!g
#!encrypt#!13#!+ZG."Brb4#<w-#!encrypt#!6#!N+`$OL#!encrypt#!42#!N6qp(=Dly#s46*eJ#nB{3pY#Zw7Z`3-<[af~<"G%Wg#!encrypt#!2#!g
#!encrypt#!13#!+ZG."Brb4#<w-#!encrypt#!6#!N+`$OL#!encrypt#!34#!N6qp(=Dly#s46*eJ#nB{xpY- dkYxg*od6#!encrypt#!2#!g
#!encrypt#!13#!+ZG."Brb4#<w-#!encrypt#!6#!N+`$OL#!encrypt#!36#!N6qp(=Dly#s46*eJ#nB{xpY-ZugYxg*odP&>#!encrypt#!2#!g
#!encrypt#!13#!+ZG."Brb4#<w-#!encrypt#!6#!N+`$OL#!encrypt#!40#!N6qp(=Dly#s46*eJ#nB{xpY-Zu7*KyH0QPY~B}VG#!encrypt#!2#!g
#!encrypt#!13#!+ZG."Brb4#<w-#!encrypt#!6#!N+`$OL#!encrypt#!38#!N6qp(=Dly#s46*eJ#nB{xpY-Zu7*KyH0QPY"L&#!encrypt#!2#!g
#!encrypt#!168#!
`VA^tq`vPXk%er;*f-k0XE^u>I44*yW"`VA^tq`vPXk%er;*f-k0XE^u>I44*yW"`VA^tq`v
aTpC^]q3#"FuH;(R$V=b
W"`VA^tq`vPXk%er;*f-k0XE^u>I44*yW"`VA^tq`vPXk%er;*f-k0XE^u>I44*yW"`VA^tq
#!encrypt#!1#!
#!encrypt#!1#!
#!encrypt#!1#!
#!encrypt#!168#!
`VA^tq`vPXk%er;*f-k0XE^u>I44*yW"`VA^tq`vPXk%er;*f-k0XE^u>I44*yW"`VA^tq`v
2^9<G&5Xci{EMN2J$V=b
W"`VA^tq`vPXk%er;*f-k0XE^u>I44*yW"`VA^tq`vPXk%er;*f-k0XE^u>I44*yW"`VA^tq
[WARN] Neither hcell nor -automatch option is specified.
#!encrypt#!156#!k{f${~A@_x@Brh1GI-XT/;tArR~tz&goqofiQC>gP.8GE#%33}SEeuI,2dTKky607l%I>Lhw(#Q#KR':9"D\?Y6\<;M$V[-s=V%I>Lhw(U=mT9LR\-z8{n/10J+h:N:?d%lk#V(x%SReE[D1`^m<vgH$hrd
#!encrypt#!154#!k{f${~A@_x@Brh1GI-X"V!HN.^O7><x!Q%IRJVA5gkG1puw],3_2VHH;5RGY]g:?cB;gB0Kf=j=#{1%QjDD\c".K|cmbK55BcB;gB0KQd<;+6|h307#!v;7d2%+Jprbry<eiO[([]/Gh>Hx/9?i6&5[1J
#!encrypt#!143#!k{f${~A@_x@w~fxmY-Y4;47l;e$:"4h0 lT6`"*=mp`#XC%Y>:zE&"tK|cmbK:*oQOJ]q|'WzyIB[oRPj" o'"tK|cmb=<_<,{g~wK7g_\?pTRh n3mL{[/R0R*K%T:0?D!i#^|@5j8l99
#!encrypt#!144#!k{f${~A@_x@/f$I3W3#"FnH$AwStI}gmqPfiF\M:aS)op[\ (7%4N4pd9B<Z,Fi? l4IO=KQ(U#<:W7J_b3/yqpd9B<Z,bR_C7hx2VAog.AeI1%A9jheU5w!s^+X:N6qqo`)wZ(%Z<,pE5V
#!encrypt#!151#!k{f${~A@_x@Lg$WQJq')t=7xq^b:"rgVVET_ZV!#dj8<zY#?nSje;uHG(&_7:e!dfIb&qZ(y%p;#GyV>HE_AB*k~VP>OXe!dfIb&4/DozwV1I<Z3]}h]K44e5r+P>MG@NlN]Yc*#_:>p}RG]{*#4NY
#!encrypt#!144#!k{f${~A@_x@X+8I3W3#"FnH$AuStI}gmqPfiF\M:aS)op[\ (7%4N4pd9B<Z,Fi? l4IO=KQ(U#<:W7J_b3/yqpd9B<Z,bR_C7hx2VAog.AeI1%A9jheU5w!s^+X:N6qqo`)wZ(%Z<,pE5V
#!encrypt#!155#!k{f${~A@_x@Brh1GI-X4;j[,2.$yp4R0?lTjNC%#_x4lKRx?!nhJ^}ie= +g_TxqQvJ0xC)WUc,1pcZ }b1u<<p%9B<Z,F/Z)vJ0xC)Wz_VxZYyA`XM];Dn$(RbK%&*zN4M$w^W\m~?lXn=3l*~T)47AqY
#!encrypt#!144#!k{f${~A@_x@X+8I3W3#"FnH$Ae.tI}gmqPfiF\M:aS)op[\ (7%4N4pd9B<Z,Fi? l4IO=KQ(U#<:W7J_b3/yqpd9B<Z,bR_C7hx2VAog.AeI1%A9jheU5w!s^+X:N6qqo`)wZ(%Z<,pE5V
#!encrypt#!155#!k{f${~A@_x@Brh1GI-X4;j[,2.$yp4R0?lTjNI%#_x4lKRx?!nhJ^}ie= +g_TxqQvJ0xC)WUc,1pcZ }b1u<<p%9B<Z,F/Z)vJ0xC)Wz_VxZYyA`XM];Dn$(RbK%&*zN4M$w^W\m~?lXn=3l*~T)47AqY
#!encrypt#!154#!k{f${~A@_x@Brh1GI-XEv1Xj.^O7><x!Q%I?rVA5gkG1puw],3_2VHH;5RGY]g:?cB;gB0Kf=j=#{1%QjDD\c".K|cmbK55BcB;gB0KQd<;+6|h307#!v;7d2%+Jprbry<eiO[([]/Gh>Hx/9?i6&5[1J
#!encrypt#!146#!k{f${~A@_x@Sfh1+i-8E{w[;2^)kM4x!N4y~OVT@y/I({X%xn*X8/Vne~JvGMSY"hl-]{d(f(UT+7+[NtP)ur\K%~JvGMSY( kJ}((6gPJ8hz5x:9um2N4i$&_1t:,*a(#y#p$%>%YAmpuU*H
#!encrypt#!154#!k{f${~A@_x@Brh1GI-XEv1Xj.^O7><x!Q%I?aVA5gkG1puw],3_2VHH;5RGY]g:?cB;gB0Kf=j=#{1%QjDD\c".K|cmbK55BcB;gB0KQd<;+6|h307#!v;7d2%+Jprbry<eiO[([]/Gh>Hx/9?i6&5[1J
#!encrypt#!154#!k{f${~A@_x@Brh1GI-XEv1Xj.^O7><x!Q%I?mVA5gkG1puw],3_2VHH;5RGY]g:?cB;gB0Kf=j=#{1%QjDD\c".K|cmbK55BcB;gB0KQd<;+6|h307#!v;7d2%+Jprbry<eiO[([]/Gh>Hx/9?i6&5[1J
#!encrypt#!143#!k{f${~A@_x@w~fxmY-Y4;47lPe$:"4h0 lT6`"*=mp`#XC%Y>:zE&"tK|cmbK:*oQOJ]q|'WzyIB[oRPj" o'"tK|cmb=<_<,{g~wK7g_\?pTRh n3mL{[/R0R*K%T:0?D!i#^|@5j8l99
#!encrypt#!144#!k{f${~A@_x@CfkI3W3#"FnH$A\StI}gmqPfiF\M:aS)op[\ (7%4N4pd9B<Z,Fi? l4IO=KQ(U#<:W7J_b3/yqpd9B<Z,bR_C7hx2VAog.AeI1%A9jheU5w!s^+X:N6qqo`)wZ(%Z<,pE5V
#!encrypt#!157#!k{f${~A@_x@Brh1GI-X4;;HRG qa>J:r am]wnVOgXYp#<h `Mi^N"XxrRtJ:@!.q#f6T+[]S M|p#%m>*3u<7oL~gvGMSY"+ZG6T+[]S p1P1V.{u#4K52!q^wKrr.qQ)T+`Z%\Bja.9<XC4-eexDAe0AqV
#!encrypt#!146#!k{f${~A@_x@Sfh1+i-8E{w[;2^)k<4x!N4y~OVT@y/I({X%xn*X8/Vne~JvGMSY"hl-]{d(f(UT+7+[NtP)ur\K%~JvGMSY( kJ}((6gPJ8hz5x:9um2N4i$&_1t:,*a(#y#p$%>%YAmpuU*H
#!encrypt#!143#!k{f${~A@_x@w~fxmY-Y4;47lP<$:"4h0 lT6`"*=mp`#XC%Y>:zE&"tK|cmbK:*oQOJ]q|'WzyIB[oRPj" o'"tK|cmb=<_<,{g~wK7g_\?pTRh n3mL{[/R0R*K%T:0?D!i#^|@5j8l99
#!encrypt#!146#!k{f${~A@_x@Sfh1+i-8E{w[;2^)lM4x!N4y~OVT@y/I({X%xn*X8/Vne~JvGMSY"hl-]{d(f(UT+7+[NtP)ur\K%~JvGMSY( kJ}((6gPJ8hz5x:9um2N4i$&_1t:,*a(#y#p$%>%YAmpuU*H
#!encrypt#!154#!k{f${~A@_x@Brh1GI-XEv1Xj.^O7><x!Q%IjmVA5gkG1puw],3_2VHH;5RGY]g:?cB;gB0Kf=j=#{1%QjDD\c".K|cmbK55BcB;gB0KQd<;+6|h307#!v;7d2%+Jprbry<eiO[([]/Gh>Hx/9?i6&5[1J
#!encrypt#!144#!k{f${~A@_x@X+8I3W3#"FnH$AVStI}gmqPfiF\M:aS)op[\ (7%4N4pd9B<Z,Fi? l4IO=KQ(U#<:W7J_b3/yqpd9B<Z,bR_C7hx2VAog.AeI1%A9jheU5w!s^+X:N6qqo`)wZ(%Z<,pE5V
#!encrypt#!144#!k{f${~A@_x@X+8I3W3#"FnH$AV)tI}gmqPfiF\M:aS)op[\ (7%4N4pd9B<Z,Fi? l4IO=KQ(U#<:W7J_b3/yqpd9B<Z,bR_C7hx2VAog.AeI1%A9jheU5w!s^+X:N6qqo`)wZ(%Z<,pE5V
#!encrypt#!144#!k{f${~A@_x@/f$I3W3#"FnH$AV.tI}gmqPfiF\M:aS)op[\ (7%4N4pd9B<Z,Fi? l4IO=KQ(U#<:W7J_b3/yqpd9B<Z,bR_C7hx2VAog.AeI1%A9jheU5w!s^+X:N6qqo`)wZ(%Z<,pE5V
#!encrypt#!152#!k{f${~A@_x@Brh1GI-X2/;^$Gr$hI}*r$ftiK%%IP_,poaL*3j8L&nXefJD:pr1<*^&Or=+\dj)xp`~@jD?J'^|#6SgTQZ1<*^&Ork6 tUBmKuU:`.iE{jHN2 qK\4hKh%fwOwC:P.E[IE%g!Cm]F;o
#!encrypt#!143#!k{f${~A@_x@w~fxmY-Y4;4776e$:"4h0 lT6`"*=mp`#XC%Y>:zE&"tK|cmbK:*oQOJ]q|'WzyIB[oRPj" o'"tK|cmb=<_<,{g~wK7g_\?pTRh n3mL{[/R0R*K%T:0?D!i#^|@5j8l99
#!encrypt#!144#!k{f${~A@_x@/f$I3W3#"FnH$X\.tI}gmqPfiF\M:aS)op[\ (7%4N4pd9B<Z,Fi? l4IO=KQ(U#<:W7J_b3/yqpd9B<Z,bR_C7hx2VAog.AeI1%A9jheU5w!s^+X:N6qqo`)wZ(%Z<,pE5V
#!encrypt#!144#!k{f${~A@_x@X+8I3W3#"FnH$X5.tI}gmqPfiF\M:aS)op[\ (7%4N4pd9B<Z,Fi? l4IO=KQ(U#<:W7J_b3/yqpd9B<Z,bR_C7hx2VAog.AeI1%A9jheU5w!s^+X:N6qqo`)wZ(%Z<,pE5V
#!encrypt#!144#!k{f${~A@_x@/f$I3W3#"FnH$X5"tI}gmqPfiF\M:aS)op[\ (7%4N4pd9B<Z,Fi? l4IO=KQ(U#<:W7J_b3/yqpd9B<Z,bR_C7hx2VAog.AeI1%A9jheU5w!s^+X:N6qqo`)wZ(%Z<,pE5V
#!encrypt#!155#!k{f${~A@_x@Brh1GI-X4;j[,2.$yp4R0?lT% |%#_x4lKRx?!nhJ^}ie= +g_TxqQvJ0xC)WUc,1pcZ }b1u<<p%9B<Z,F/Z)vJ0xC)Wz_VxZYyA`XM];Dn$(RbK%&*zN4M$w^W\m~?lXn=3l*~T)47AqY
#!encrypt#!144#!k{f${~A@_x@X+8I3W3#"FnH$X<mtI}gmqPfiF\M:aS)op[\ (7%4N4pd9B<Z,Fi? l4IO=KQ(U#<:W7J_b3/yqpd9B<Z,bR_C7hx2VAog.AeI1%A9jheU5w!s^+X:N6qqo`)wZ(%Z<,pE5V
#!encrypt#!144#!k{f${~A@_x@X+8I3W3#"FnH$X<EtI}gmqPfiF\M:aS)op[\ (7%4N4pd9B<Z,Fi? l4IO=KQ(U#<:W7J_b3/yqpd9B<Z,bR_C7hx2VAog.AeI1%A9jheU5w!s^+X:N6qqo`)wZ(%Z<,pE5V
#!encrypt#!144#!k{f${~A@_x@/f$I3W3#"FnH$X<StI}gmqPfiF\M:aS)op[\ (7%4N4pd9B<Z,Fi? l4IO=KQ(U#<:W7J_b3/yqpd9B<Z,bR_C7hx2VAog.AeI1%A9jheU5w!s^+X:N6qqo`)wZ(%Z<,pE5V
#!encrypt#!156#!k{f${~A@_x@Brh1GI-XT/;tArR~tz&goqofi|I]gP.8GE#%33}SEeuI,2dTKky607l%I>Lhw(#Q#KR':9"D\?Y6\<;M$V[-s=V%I>Lhw(U=mT9LR\-z8{n/10J+h:N:?d%lk#V(x%SReE[D1`^m<vgH$hrd
#!encrypt#!144#!k{f${~A@_x@X+8I3W3#"FnH$X<"tI}gmqPfiF\M:aS)op[\ (7%4N4pd9B<Z,Fi? l4IO=KQ(U#<:W7J_b3/yqpd9B<Z,bR_C7hx2VAog.AeI1%A9jheU5w!s^+X:N6qqo`)wZ(%Z<,pE5V
#!encrypt#!144#!k{f${~A@_x@X+8I3W3#"FnH$yS<tI}gmqPfiF\M:aS)op[\ (7%4N4pd9B<Z,Fi? l4IO=KQ(U#<:W7J_b3/yqpd9B<Z,bR_C7hx2VAog.AeI1%A9jheU5w!s^+X:N6qqo`)wZ(%Z<,pE5V
#!encrypt#!156#!k{f${~A@_x@Brh1GI-XT/;tArR~tz&goqofiJ|dgP.8GE#%33}SEeuI,2dTKky607l%I>Lhw(#Q#KR':9"D\?Y6\<;M$V[-s=V%I>Lhw(U=mT9LR\-z8{n/10J+h:N:?d%lk#V(x%SReE[D1`^m<vgH$hrd
#!encrypt#!144#!k{f${~A@_x@X+8I3W3#"FnH$ySEtI}gmqPfiF\M:aS)op[\ (7%4N4pd9B<Z,Fi? l4IO=KQ(U#<:W7J_b3/yqpd9B<Z,bR_C7hx2VAog.AeI1%A9jheU5w!s^+X:N6qqo`)wZ(%Z<,pE5V
#!encrypt#!156#!k{f${~A@_x@Brh1GI-XT/;tArR~tz&goqofiJ|VgP.8GE#%33}SEeuI,2dTKky607l%I>Lhw(#Q#KR':9"D\?Y6\<;M$V[-s=V%I>Lhw(U=mT9LR\-z8{n/10J+h:N:?d%lk#V(x%SReE[D1`^m<vgH$hrd
#!encrypt#!144#!k{f${~A@_x@/f$I3W3#"FnH$ySctI}gmqPfiF\M:aS)op[\ (7%4N4pd9B<Z,Fi? l4IO=KQ(U#<:W7J_b3/yqpd9B<Z,bR_C7hx2VAog.AeI1%A9jheU5w!s^+X:N6qqo`)wZ(%Z<,pE5V
#!encrypt#!156#!k{f${~A@_x@Brh1GI-XT/;tArR~tz&goqofiJ|<gP.8GE#%33}SEeuI,2dTKky607l%I>Lhw(#Q#KR':9"D\?Y6\<;M$V[-s=V%I>Lhw(U=mT9LR\-z8{n/10J+h:N:?d%lk#V(x%SReE[D1`^m<vgH$hrd
#!encrypt#!144#!k{f${~A@_x@X+8I3W3#"FnH$yc/tI}gmqPfiF\M:aS)op[\ (7%4N4pd9B<Z,Fi? l4IO=KQ(U#<:W7J_b3/yqpd9B<Z,bR_C7hx2VAog.AeI1%A9jheU5w!s^+X:N6qqo`)wZ(%Z<,pE5V
#!encrypt#!156#!k{f${~A@_x@Brh1GI-XT/;tArR~tz&goqofiJChgP.8GE#%33}SEeuI,2dTKky607l%I>Lhw(#Q#KR':9"D\?Y6\<;M$V[-s=V%I>Lhw(U=mT9LR\-z8{n/10J+h:N:?d%lk#V(x%SReE[D1`^m<vgH$hrd
#!encrypt#!156#!k{f${~A@_x@Brh1GI-XT/;tArR~tz&goqofiJCPgP.8GE#%33}SEeuI,2dTKky607l%I>Lhw(#Q#KR':9"D\?Y6\<;M$V[-s=V%I>Lhw(U=mT9LR\-z8{n/10J+h:N:?d%lk#V(x%SReE[D1`^m<vgH$hrd
#!encrypt#!144#!k{f${~A@_x@X+8I3W3#"FnH$yc)tI}gmqPfiF\M:aS)op[\ (7%4N4pd9B<Z,Fi? l4IO=KQ(U#<:W7J_b3/yqpd9B<Z,bR_C7hx2VAog.AeI1%A9jheU5w!s^+X:N6qqo`)wZ(%Z<,pE5V
#!encrypt#!156#!k{f${~A@_x@Brh1GI-XT/;tArR~tz&goqofiJC]gP.8GE#%33}SEeuI,2dTKky607l%I>Lhw(#Q#KR':9"D\?Y6\<;M$V[-s=V%I>Lhw(U=mT9LR\-z8{n/10J+h:N:?d%lk#V(x%SReE[D1`^m<vgH$hrd
#!encrypt#!156#!k{f${~A@_x@Brh1GI-XT/;tArR~tz&goqofiJuKgP.8GE#%33}SEeuI,2dTKky607l%I>Lhw(#Q#KR':9"D\?Y6\<;M$V[-s=V%I>Lhw(U=mT9LR\-z8{n/10J+h:N:?d%lk#V(x%SReE[D1`^m<vgH$hrd
#!encrypt#!144#!k{f${~A@_x@/f$I3W3#"FnH$yu"tI}gmqPfiF\M:aS)op[\ (7%4N4pd9B<Z,Fi? l4IO=KQ(U#<:W7J_b3/yqpd9B<Z,bR_C7hx2VAog.AeI1%A9jheU5w!s^+X:N6qqo`)wZ(%Z<,pE5V
#!encrypt#!154#!k{f${~A@_x@Brh1GI-XEv1Xj.^O7><x!Q%u7BVA5gkG1puw],3_2VHH;5RGY]g:?cB;gB0Kf=j=#{1%QjDD\c".K|cmbK55BcB;gB0KQd<;+6|h307#!v;7d2%+Jprbry<eiO[([]/Gh>Hx/9?i6&5[1J
#!encrypt#!144#!k{f${~A@_x@X+8I3W3#"FnH$yemtI}gmqPfiF\M:aS)op[\ (7%4N4pd9B<Z,Fi? l4IO=KQ(U#<:W7J_b3/yqpd9B<Z,bR_C7hx2VAog.AeI1%A9jheU5w!s^+X:N6qqo`)wZ(%Z<,pE5V
#!encrypt#!156#!k{f${~A@_x@Brh1GI-XT/;tArR~tz&goqofiJePgP.8GE#%33}SEeuI,2dTKky607l%I>Lhw(#Q#KR':9"D\?Y6\<;M$V[-s=V%I>Lhw(U=mT9LR\-z8{n/10J+h:N:?d%lk#V(x%SReE[D1`^m<vgH$hrd
#!encrypt#!144#!k{f${~A@_x@X+8I3W3#"FnH$yeStI}gmqPfiF\M:aS)op[\ (7%4N4pd9B<Z,Fi? l4IO=KQ(U#<:W7J_b3/yqpd9B<Z,bR_C7hx2VAog.AeI1%A9jheU5w!s^+X:N6qqo`)wZ(%Z<,pE5V
#!encrypt#!144#!k{f${~A@_x@/f$I3W3#"FnH$ye.tI}gmqPfiF\M:aS)op[\ (7%4N4pd9B<Z,Fi? l4IO=KQ(U#<:W7J_b3/yqpd9B<Z,bR_C7hx2VAog.AeI1%A9jheU5w!s^+X:N6qqo`)wZ(%Z<,pE5V
#!encrypt#!144#!k{f${~A@_x@/f$I3W3#"FnH$ye"tI}gmqPfiF\M:aS)op[\ (7%4N4pd9B<Z,Fi? l4IO=KQ(U#<:W7J_b3/yqpd9B<Z,bR_C7hx2VAog.AeI1%A9jheU5w!s^+X:N6qqo`)wZ(%Z<,pE5V
#!encrypt#!144#!k{f${~A@_x@X+8I3W3#"FnH$y\<tI}gmqPfiF\M:aS)op[\ (7%4N4pd9B<Z,Fi? l4IO=KQ(U#<:W7J_b3/yqpd9B<Z,bR_C7hx2VAog.AeI1%A9jheU5w!s^+X:N6qqo`)wZ(%Z<,pE5V
#!encrypt#!156#!k{f${~A@_x@Brh1GI-XT/;tArR~tz&goqofiJmdgP.8GE#%33}SEeuI,2dTKky607l%I>Lhw(#Q#KR':9"D\?Y6\<;M$V[-s=V%I>Lhw(U=mT9LR\-z8{n/10J+h:N:?d%lk#V(x%SReE[D1`^m<vgH$hrd
#!encrypt#!144#!k{f${~A@_x@X+8I3W3#"FnH$y\EtI}gmqPfiF\M:aS)op[\ (7%4N4pd9B<Z,Fi? l4IO=KQ(U#<:W7J_b3/yqpd9B<Z,bR_C7hx2VAog.AeI1%A9jheU5w!s^+X:N6qqo`)wZ(%Z<,pE5V
#!encrypt#!144#!k{f${~A@_x@X+8I3W3#"FnH$y\)tI}gmqPfiF\M:aS)op[\ (7%4N4pd9B<Z,Fi? l4IO=KQ(U#<:W7J_b3/yqpd9B<Z,bR_C7hx2VAog.AeI1%A9jheU5w!s^+X:N6qqo`)wZ(%Z<,pE5V
#!encrypt#!144#!k{f${~A@_x@X+8I3W3#"FnH$y\ctI}gmqPfiF\M:aS)op[\ (7%4N4pd9B<Z,Fi? l4IO=KQ(U#<:W7J_b3/yqpd9B<Z,bR_C7hx2VAog.AeI1%A9jheU5w!s^+X:N6qqo`)wZ(%Z<,pE5V
#!encrypt#!144#!k{f${~A@_x@/f$I3W3#"FnH$y\.tI}gmqPfiF\M:aS)op[\ (7%4N4pd9B<Z,Fi? l4IO=KQ(U#<:W7J_b3/yqpd9B<Z,bR_C7hx2VAog.AeI1%A9jheU5w!s^+X:N6qqo`)wZ(%Z<,pE5V
#!encrypt#!144#!k{f${~A@_x@/f$I3W3#"FnH$y\"tI}gmqPfiF\M:aS)op[\ (7%4N4pd9B<Z,Fi? l4IO=KQ(U#<:W7J_b3/yqpd9B<Z,bR_C7hx2VAog.AeI1%A9jheU5w!s^+X:N6qqo`)wZ(%Z<,pE5V
#!encrypt#!144#!k{f${~A@_x@X+8I3W3#"FnH$yVltI}gmqPfiF\M:aS)op[\ (7%4N4pd9B<Z,Fi? l4IO=KQ(U#<:W7J_b3/yqpd9B<Z,bR_C7hx2VAog.AeI1%A9jheU5w!s^+X:N6qqo`)wZ(%Z<,pE5V
#!encrypt#!145#!k{f${~A@_x@Bg21I`Sh]3V2e05)Z>g rya-]wqGl+ManURXl94MdF;H\(;M$V[-@QPfpT^_Wz pio"^E#=D{wm.\(;M$V[}oWB2*//%#txYJ9uZ \*gE&H7u%1$KUr..7am/WV+\l\V#I<#@
#!encrypt#!73#!~aH]8Vol]!T+2*w>HP|]{oHx:t/VVK1c,Euiwp(%ZcbuI4V=UMp\c7p#VY.{>4P?oC_Rrk<B
#!encrypt#!1#!
#!encrypt#!171#!
`VA^tq`vPXk%er;*f-k0XE^u>I44*yW"`VA^tq`vPXk%er;*f-k0XE^u>I44*yW"`VA^tq`v
&J{XUxG- $TDM10pO7z4}(,
VA^tq`vPXk%er;*f-k0XE^u>I44*yW"`VA^tq`vPXk%er;*f-k0XE^u>I44*yW"`VA^tq`vP
#!encrypt#!51#!%OeIK%yg\pb#}uTm,nz!W5PA:R$9z:i? XG1K?*\=U=:{Yx@HD
#!encrypt#!22#!
&|mgD%V_wReI":gQSeO

#!encrypt#!31#!tOE]8VtC_x*#uux~`P0IpeW-P^lb'h
#!encrypt#!104#!sqGJgV!#djOpot.g9Mg$xJMdI\{\`T Kha46vZGCyDM~d"iQ[)|%?7p5G11KrFf6q4E]#qM\Vp;.T`hR>M/$RoHN g\:D&*@,DYI4,"
#!encrypt#!17#!sqGJgV7#>jOph*pO
#!encrypt#!19#!sqGJgVD\=JGJX]x5Hb
#!encrypt#!39#!sqGJgV6#^c)|JuXmQ*>]~o/k?wgOcZQ"@(8ur|
#!encrypt#!34#!+OJfwpG0PkG#U]xJUp<l@<6$Iw{'#RY`;
#!encrypt#!34#!+OJfwxo[%J;#U]xJUpL1@k0$Iw{'#RY`;
#!encrypt#!40#!dOEpw>no%xRhE5x&]-%8&o7k=AqY>4grK%K}r|h
#!encrypt#!40#!>JWIKwnygJGNpu.Z`K8EV5Tx(R$r"g:rK%&]1|J
#!encrypt#!18#!FO`#K?A[1/GJX]xJ

#!encrypt#!42#! <4PK%ygmj=1IwRFO",{IM % ~)kMhqVRE8urV'Qz
#!encrypt#!42#! <4PK%ygmj=1IwRFO",{IM % ~)kMhqVRE8uBV'Qz
#!encrypt#!42#! <4PK%ygmj=1IwRFO",{IM % ~)kMhqVRE8uaV'Qz
#!encrypt#!42#! <4PK%ygmj=1IwRFO",{IM % ~)kMhqVRE8umV'Qz
#!encrypt#!42#! <4PK%ygmj=1I1:wISS{IM % ~)kMhqVRE8urV'Qz
#!encrypt#!44#! <4PK%ygmj=1IY.Atxi!;:J@@gg'{hkQVYOOLIhgzUp
#!encrypt#!44#! <4PK%ygmj=1I[E \u$$D:J@@gg'{hkQVYOOLIdgzUp
#!encrypt#!42#! <4PK%ygmj=1IhRF#",{IM % ~)kMhqVRE8uNV'Qz
#!encrypt#!45#! <4PK%ygmj=1IY/ Y"DZ)>Q>xWV2n%$p;EI7mmJwgUp+
#!encrypt#!45#! <4PK%ygmj=1I[/ Y"DZ)>Q>xWV2n%$p;EI7mmJvgUp+
#!encrypt#!21#! <4PK%ygmj=1IMna`D1\
#!encrypt#!45#! <4PK%ygmj=1I[/ Y"DZ)>Q>xWV2n%$p;EI7mmJ}gUp+
#!encrypt#!45#! <4PK%ygmj=1I[/ Y"DZ)>Q>xWV2n%$p;EI7mmJOgUp+
#!encrypt#!45#! <4PK%ygmj=1IY/ Y"DZ)>Q>xWV2n%$p;EI7mmJ$gUp+
#!encrypt#!45#! <4PK%ygmj=1IY/ Y"DZ)>Q>xWV2n%$p;EI7mmJBgUp+
#!encrypt#!22#! <4PK%ygmj=1IM!r|-1\<
#!encrypt#!21#! <4PK%ygmj=1IVYf`D1\
#!encrypt#!22#! <4PK%ygmj=1IVYf_-1\<
#!encrypt#!45#! <4PK%ygmj=1I[/ Y"DZ)>Q>xWV2n%$p;EI7mmJUgUp+
#!encrypt#!46#! <4PK%ygmj=1IY/ Y"DZ)>Q>xWV2n%$p;EI7mmJ](xp+Z
#!encrypt#!46#! <4PK%ygmj=1IY/ Y"DZ)>Q>xWV2n%$p;EI7mmJ]:xp+Z
#!encrypt#!46#! <4PK%ygmj=1I[/ Y"DZ)>Q>xWV2n%$p;EI7mmJ]Jxp+Z
#!encrypt#!21#! <4PK%ygmj=1IMn^`D1\
#!encrypt#!21#! <4PK%ygmj=1I0OO`D1\
#!encrypt#!35#! <4PK%ygmj=1I{KJ}Z.>rqXj2zO7INg(,7
#!encrypt#!32#! <4PK%ygmj=1IQ'/l*Y{'O[uqR1t=b}
#!encrypt#!75#!~aH]8Vol]!T+`yw>HPy]{oHx:t/V,R1c,EAiwp(%ZcbuIi~@mE_+?YgL~w<V{3gr>l40nuhQ?y
#!encrypt#!1#!
#!encrypt#!15#!
xf~2VtClY)|J]
#!encrypt#!77#!'+^-1s8A6F~]\&FY(4Xp6lxGf-Ggk@%>'+^-1s8A6F~]\&FY(4Xp6lxGf-Ggk@%>'+^-1s8A6F~]
#!encrypt#!8#!N%Ti6oSH#!encrypt#!1#!N#!encrypt#!1#!N#!encrypt#!1#!N#!encrypt#!1#!N#!encrypt#!1#!N#!encrypt#!1#!N#!encrypt#!1#!N#!encrypt#!1#!N#!encrypt#!1#!N#!encrypt#!1#!N#!encrypt#!1#!N#!encrypt#!1#!N#!encrypt#!1#!N#!encrypt#!1#!N#!encrypt#!1#!N#!encrypt#!1#!N#!encrypt#!1#!N#!encrypt#!1#!N#!encrypt#!1#!N#!encrypt#!1#!N#!encrypt#!1#!N#!encrypt#!1#!N#!encrypt#!1#!N#!encrypt#!1#!N#!encrypt#!60#!N%TigJtYF>qqIux3p)onsQl+0^$t>4/9w(>mwV%ggx8p|k1b`-#]{57$$7RB#!encrypt#!78#!
+^-1s8A6F~]\&FY(4Xp6lxGf-Ggk@%>'+^-1s8A6F~]\&FY(4Xp6lxGf-Ggk@%>'+^-1s8A6F~]\
#!encrypt#!24#!eILnqh_b}>dOF}`JA=yt#]Uy#!encrypt#!1#!N#!encrypt#!1#!N#!encrypt#!1#!N#!encrypt#!1#!N#!encrypt#!1#!N#!encrypt#!1#!N#!encrypt#!1#!N#!encrypt#!1#!N#!encrypt#!61#!N%TiwV%ggx8 Iux3`-#]{57~0^$t>4grN%T&wV%ggx8pIujJ`-#]{57$0c/*
#!encrypt#!24#!eILnqh_b}>dOF}`JA=yt#]U##!encrypt#!1#!N#!encrypt#!1#!N#!encrypt#!1#!N#!encrypt#!1#!N#!encrypt#!1#!N#!encrypt#!1#!N#!encrypt#!1#!N#!encrypt#!1#!N#!encrypt#!61#!N%TiwV%ggx8 Iux3`-#]{57~0^$t>4grN%T&wV%ggx8pIumt`-#]{57$0^c$
#!encrypt#!24#!eILnqh_b}>dOF}`JA=yt#]U-#!encrypt#!1#!N#!encrypt#!1#!N#!encrypt#!1#!N#!encrypt#!1#!N#!encrypt#!1#!N#!encrypt#!1#!N#!encrypt#!1#!N#!encrypt#!1#!N#!encrypt#!61#!N%TiwV%ggx8 Iux3`-#]{57~0^$t>4grN%T&wV%ggx8pIuxt`-#]{57$0^l'
#!encrypt#!24#!eILnqh_b}>dOF}`JA=yt#]U~#!encrypt#!1#!N#!encrypt#!1#!N#!encrypt#!1#!N#!encrypt#!1#!N#!encrypt#!1#!N#!encrypt#!1#!N#!encrypt#!1#!N#!encrypt#!1#!N#!encrypt#!61#!N%TiwV%ggx8 Iux3`-#]{57~0^$t>4grN%T&wV%ggx8pIux=`-#]{57$0^${
#!encrypt#!24#!CK09{"_b}>dOF}`JA=yt#]Uy#!encrypt#!1#!N#!encrypt#!1#!N#!encrypt#!1#!N#!encrypt#!1#!N#!encrypt#!1#!N#!encrypt#!1#!N#!encrypt#!1#!N#!encrypt#!1#!N#!encrypt#!61#!N%TiwV%ggx8 Iux3`-#]{57l0^$t>4grN%T&wV%ggx8pIux=`-#]{57$0^)*
#!encrypt#!26#!><-g6\?5U%*/:`j,AP|#a<0WDc#!encrypt#!1#!N#!encrypt#!1#!N#!encrypt#!1#!N#!encrypt#!1#!N#!encrypt#!1#!N#!encrypt#!1#!N#!encrypt#!61#!N%TiwV%ggx8 Iux3`-#]{57l0^$t>4grN%T&wV%ggx8pIux5`-#]{57$0cEb
#!encrypt#!26#!?Af~24nlU%*/:`j,AP|#a<0WDw#!encrypt#!1#!N#!encrypt#!1#!N#!encrypt#!1#!N#!encrypt#!1#!N#!encrypt#!1#!N#!encrypt#!1#!N#!encrypt#!61#!N%TiwV%ggx8 Iux3`-#]{5770^$t>4grN%T&wV%ggx8pIux=`-#]{57$0^)*
#!encrypt#!24#!+ILRqh_b}>dOF}`JA=yt#]UL#!encrypt#!1#!N#!encrypt#!1#!N#!encrypt#!1#!N#!encrypt#!1#!N#!encrypt#!1#!N#!encrypt#!1#!N#!encrypt#!1#!N#!encrypt#!1#!N#!encrypt#!61#!N%TiwV%ggx8 Iux3`-#]{57~0^$t>4grN%T&wV%ggx8pIux,`-#]{57$0w<#
#!encrypt#!27#!>4ffq|h )#qK+"K~SN<-#t6~P<m#!encrypt#!1#!N#!encrypt#!1#!N#!encrypt#!1#!N#!encrypt#!1#!N#!encrypt#!1#!N#!encrypt#!61#!N%TiwV%ggx8 Iux3`-#]{5kL0^$t>4grN%T&wV%ggx8pIuxJ`-#]{57$0^S#
#!encrypt#!27#!?4ffq|h )#qK+"K~SN<-#t6~P<E#!encrypt#!1#!N#!encrypt#!1#!N#!encrypt#!1#!N#!encrypt#!1#!N#!encrypt#!1#!N#!encrypt#!61#!N%TiwV%ggx8 Iux3`-#]{5k~0^$t>4grN%T&wV%ggx8pIuxJ`-#]{57$0^S#
#!encrypt#!3#!68=#!encrypt#!1#!N#!encrypt#!1#!N#!encrypt#!1#!N#!encrypt#!1#!N#!encrypt#!1#!N#!encrypt#!1#!N#!encrypt#!1#!N#!encrypt#!1#!N#!encrypt#!1#!N#!encrypt#!1#!N#!encrypt#!1#!N#!encrypt#!1#!N#!encrypt#!1#!N#!encrypt#!1#!N#!encrypt#!1#!N#!encrypt#!1#!N#!encrypt#!1#!N#!encrypt#!1#!N#!encrypt#!1#!N#!encrypt#!1#!N#!encrypt#!1#!N#!encrypt#!1#!N#!encrypt#!1#!N#!encrypt#!1#!N#!encrypt#!1#!N#!encrypt#!1#!N#!encrypt#!1#!N#!encrypt#!1#!N#!encrypt#!1#!N#!encrypt#!61#!N%TiwV%ggx8_Iux3`-#]{5hy0^$t>4grN%T&wV%ggx8pIux,`-#]{57$0^S#
#!encrypt#!27#!?4ffq|h )#qK+"K~SN<-#t6~P<S#!encrypt#!1#!N#!encrypt#!1#!N#!encrypt#!1#!N#!encrypt#!1#!N#!encrypt#!1#!N#!encrypt#!61#!N%TiwV%ggx8 Iux3`-#]{5k70^$t>4grN%T&wV%ggx8pIuxJ`-#]{57$0^m#
#!encrypt#!27#!?4ffq|h )#qK+"K~SN<-#t6~P<)#!encrypt#!1#!N#!encrypt#!1#!N#!encrypt#!1#!N#!encrypt#!1#!N#!encrypt#!1#!N#!encrypt#!61#!N%TiwV%ggx8 Iux3`-#]{5k#0^$t>4grN%T&wV%ggx8pIuxJ`-#]{57$0^m#
#!encrypt#!27#!>4ffq|h )#qK+"K~SN<-#t6~P<c#!encrypt#!1#!N#!encrypt#!1#!N#!encrypt#!1#!N#!encrypt#!1#!N#!encrypt#!1#!N#!encrypt#!61#!N%TiwV%ggx8 Iux3`-#]{5kL0^$t>4grN%T&wV%ggx8pIuxJ`-#]{57$0^m#
#!encrypt#!27#!>4ffq|h )#qK+"K~SN<-#t6~P<.#!encrypt#!1#!N#!encrypt#!1#!N#!encrypt#!1#!N#!encrypt#!1#!N#!encrypt#!1#!N#!encrypt#!61#!N%TiwV%ggx8 Iux3`-#]{5kU0^$t>4grN%T&wV%ggx8pIuxJ`-#]{57$0^m#
#!encrypt#!4#!6$ L#!encrypt#!1#!N#!encrypt#!1#!N#!encrypt#!1#!N#!encrypt#!1#!N#!encrypt#!1#!N#!encrypt#!1#!N#!encrypt#!1#!N#!encrypt#!1#!N#!encrypt#!1#!N#!encrypt#!1#!N#!encrypt#!1#!N#!encrypt#!1#!N#!encrypt#!1#!N#!encrypt#!1#!N#!encrypt#!1#!N#!encrypt#!1#!N#!encrypt#!1#!N#!encrypt#!1#!N#!encrypt#!1#!N#!encrypt#!1#!N#!encrypt#!1#!N#!encrypt#!1#!N#!encrypt#!1#!N#!encrypt#!1#!N#!encrypt#!1#!N#!encrypt#!1#!N#!encrypt#!1#!N#!encrypt#!1#!N#!encrypt#!61#!N%TiwV%ggx8aIux3`-#]{50#0^$t>4grN%T&wV%ggx8pIuxJ`-#]{57$0^m#
#!encrypt#!3#!{t|#!encrypt#!1#!N#!encrypt#!1#!N#!encrypt#!1#!N#!encrypt#!1#!N#!encrypt#!1#!N#!encrypt#!1#!N#!encrypt#!1#!N#!encrypt#!1#!N#!encrypt#!1#!N#!encrypt#!1#!N#!encrypt#!1#!N#!encrypt#!1#!N#!encrypt#!1#!N#!encrypt#!1#!N#!encrypt#!1#!N#!encrypt#!1#!N#!encrypt#!1#!N#!encrypt#!1#!N#!encrypt#!1#!N#!encrypt#!1#!N#!encrypt#!1#!N#!encrypt#!1#!N#!encrypt#!1#!N#!encrypt#!1#!N#!encrypt#!1#!N#!encrypt#!1#!N#!encrypt#!1#!N#!encrypt#!1#!N#!encrypt#!1#!N#!encrypt#!61#!N%TiwV%ggx8vIux3`-#]{5k#0^$t>4grN%T&wV%ggx8pIux=`-#]{57$0^m#
#!encrypt#!4#!{t|O#!encrypt#!1#!N#!encrypt#!1#!N#!encrypt#!1#!N#!encrypt#!1#!N#!encrypt#!1#!N#!encrypt#!1#!N#!encrypt#!1#!N#!encrypt#!1#!N#!encrypt#!1#!N#!encrypt#!1#!N#!encrypt#!1#!N#!encrypt#!1#!N#!encrypt#!1#!N#!encrypt#!1#!N#!encrypt#!1#!N#!encrypt#!1#!N#!encrypt#!1#!N#!encrypt#!1#!N#!encrypt#!1#!N#!encrypt#!1#!N#!encrypt#!1#!N#!encrypt#!1#!N#!encrypt#!1#!N#!encrypt#!1#!N#!encrypt#!1#!N#!encrypt#!1#!N#!encrypt#!1#!N#!encrypt#!1#!N#!encrypt#!61#!N%TiwV%ggx8vIux3`-#]{5kL0^$t>4grN%TjwV%ggx8pIuxO`-#]{57$0^<l
#!encrypt#!27#!?4ffq|h )#qK+"K~SN<-#t6~P<"#!encrypt#!1#!N#!encrypt#!1#!N#!encrypt#!1#!N#!encrypt#!1#!N#!encrypt#!1#!N#!encrypt#!61#!N%TiwV%ggx8 Iux3`-#]{5k#0^$t>4grN%T&wV%ggx8pIuxJ`-#]{57$0^<#
#!encrypt#!28#!>4ffq|h )#qK+"K~SN<-#t6~P<<b#!encrypt#!1#!N#!encrypt#!1#!N#!encrypt#!1#!N#!encrypt#!1#!N#!encrypt#!61#!N%TiwV%ggx8 Iux3`-#]{5k-0^$t>4grN%T&wV%ggx8pIuxJ`-#]{57$0^<#
#!encrypt#!28#!>4ffq|h )#qK+"K~SN<-#t6~P<<$#!encrypt#!1#!N#!encrypt#!1#!N#!encrypt#!1#!N#!encrypt#!1#!N#!encrypt#!61#!N%TiwV%ggx8 Iux3`-#]{5k-0^$t>4grN%T&wV%ggx8pIuxJ`-#]{57$0^<#
#!encrypt#!28#!?4ffq|h )#qK+"K~SN<-#t6~P<<##!encrypt#!1#!N#!encrypt#!1#!N#!encrypt#!1#!N#!encrypt#!1#!N#!encrypt#!61#!N%TiwV%ggx8 Iux3`-#]{5k~0^$t>4grN%T&wV%ggx8pIuxJ`-#]{57$0^<#
#!encrypt#!3#!68k#!encrypt#!1#!N#!encrypt#!1#!N#!encrypt#!1#!N#!encrypt#!1#!N#!encrypt#!1#!N#!encrypt#!1#!N#!encrypt#!1#!N#!encrypt#!1#!N#!encrypt#!1#!N#!encrypt#!1#!N#!encrypt#!1#!N#!encrypt#!1#!N#!encrypt#!1#!N#!encrypt#!1#!N#!encrypt#!1#!N#!encrypt#!1#!N#!encrypt#!1#!N#!encrypt#!1#!N#!encrypt#!1#!N#!encrypt#!1#!N#!encrypt#!1#!N#!encrypt#!1#!N#!encrypt#!1#!N#!encrypt#!1#!N#!encrypt#!1#!N#!encrypt#!1#!N#!encrypt#!1#!N#!encrypt#!1#!N#!encrypt#!1#!N#!encrypt#!61#!N%TiwV%ggx8aIux3`-#]{5hM0^$t>4grN%T&wV%ggx8pIuxP`-#]{57$0^<#
#!encrypt#!3#!k1O#!encrypt#!1#!N#!encrypt#!1#!N#!encrypt#!1#!N#!encrypt#!1#!N#!encrypt#!1#!N#!encrypt#!1#!N#!encrypt#!1#!N#!encrypt#!1#!N#!encrypt#!1#!N#!encrypt#!1#!N#!encrypt#!1#!N#!encrypt#!1#!N#!encrypt#!1#!N#!encrypt#!1#!N#!encrypt#!1#!N#!encrypt#!1#!N#!encrypt#!1#!N#!encrypt#!1#!N#!encrypt#!1#!N#!encrypt#!1#!N#!encrypt#!1#!N#!encrypt#!1#!N#!encrypt#!1#!N#!encrypt#!1#!N#!encrypt#!1#!N#!encrypt#!1#!N#!encrypt#!1#!N#!encrypt#!1#!N#!encrypt#!1#!N#!encrypt#!61#!N%TiwV%ggxs Iux3`-#]{50~0^$t>4grN%T&wV%ggx8pIuxJ`-#]{57$0^$*
#!encrypt#!17#!RX&.CUjfhS:#Wc#&n#!encrypt#!1#!N#!encrypt#!1#!N#!encrypt#!1#!N#!encrypt#!1#!N#!encrypt#!1#!N#!encrypt#!1#!N#!encrypt#!1#!N#!encrypt#!1#!N#!encrypt#!1#!N#!encrypt#!1#!N#!encrypt#!1#!N#!encrypt#!1#!N#!encrypt#!1#!N#!encrypt#!1#!N#!encrypt#!1#!N#!encrypt#!61#!N%TiwV%ggxP%Iux3`-#]{5UL0^$t>4grN%TuwV%ggx8pIuxO`-#]{57$0^$*
#!encrypt#!14#!wOe$O/__.X4epE#!encrypt#!1#!N#!encrypt#!1#!N#!encrypt#!1#!N#!encrypt#!1#!N#!encrypt#!1#!N#!encrypt#!1#!N#!encrypt#!1#!N#!encrypt#!1#!N#!encrypt#!1#!N#!encrypt#!1#!N#!encrypt#!1#!N#!encrypt#!1#!N#!encrypt#!1#!N#!encrypt#!1#!N#!encrypt#!1#!N#!encrypt#!1#!N#!encrypt#!1#!N#!encrypt#!1#!N#!encrypt#!61#!N%TiwV%ggx_vIux3`-#]{5UW0^$t>4grN%&nwV%ggx8pIuxJ`-#]{57$0^$$
#!encrypt#!77#!'+^-1s8A6F~]\&FY(4Xp6lxGf-Ggk@%>'+^-1s8A6F~]\&FY(4Xp6lxGf-Ggk@%>'+^-1s8A6F~]
#!encrypt#!63#!~8=G.V9!\-8ZIipB`-fc'Q<'BL$R>#$4g%TMGRR!Y'\pYu$tSh#]w%v a^:t'.
#!encrypt#!16#!
M4gOZ%_]Yen}o2
#!encrypt#!77#!'+^-1s8A6F~]\&FY(4Xp6lxGf-Ggk@%>'+^-1s8A6F~]\&FY(4Xp6lxGf-Ggk@%>'+^-1s8A6F~]
#!encrypt#!9#!N%Ti.x !2#!encrypt#!1#!N#!encrypt#!1#!N#!encrypt#!1#!N#!encrypt#!1#!N#!encrypt#!1#!N#!encrypt#!1#!N#!encrypt#!1#!N#!encrypt#!1#!N#!encrypt#!1#!N#!encrypt#!1#!N#!encrypt#!1#!N#!encrypt#!1#!N#!encrypt#!1#!N#!encrypt#!1#!N#!encrypt#!1#!N#!encrypt#!1#!N#!encrypt#!1#!N#!encrypt#!1#!N#!encrypt#!1#!N#!encrypt#!1#!N#!encrypt#!1#!N#!encrypt#!1#!N#!encrypt#!1#!N#!encrypt#!1#!N#!encrypt#!46#!N%Tig<%ggx8pI?gr`-#]{5}DB^$t>4grN-:zwV%ggx8\QL#!encrypt#!78#!
+^-1s8A6F~]\&FY(4Xp6lxGf-Ggk@%>'+^-1s8A6F~]\&FY(4Xp6lxGf-Ggk@%>'+^-1s8A6F~]\
#!encrypt#!4#!dal+#!encrypt#!1#!N#!encrypt#!1#!N#!encrypt#!1#!N#!encrypt#!1#!N#!encrypt#!1#!N#!encrypt#!1#!N#!encrypt#!1#!N#!encrypt#!1#!N#!encrypt#!1#!N#!encrypt#!1#!N#!encrypt#!1#!N#!encrypt#!1#!N#!encrypt#!1#!N#!encrypt#!1#!N#!encrypt#!1#!N#!encrypt#!1#!N#!encrypt#!1#!N#!encrypt#!1#!N#!encrypt#!1#!N#!encrypt#!1#!N#!encrypt#!1#!N#!encrypt#!1#!N#!encrypt#!1#!N#!encrypt#!1#!N#!encrypt#!1#!N#!encrypt#!1#!N#!encrypt#!1#!N#!encrypt#!1#!N#!encrypt#!1#!N#!encrypt#!46#!N%&&rC%ggx8pIu;>`-#]{57$0S$t>4grNwO&wV%ggx8pIy#!encrypt#!1#!
#!encrypt#!3#!7Oh#!encrypt#!1#!N#!encrypt#!1#!N#!encrypt#!1#!N#!encrypt#!1#!N#!encrypt#!1#!N#!encrypt#!1#!N#!encrypt#!1#!N#!encrypt#!1#!N#!encrypt#!1#!N#!encrypt#!1#!N#!encrypt#!1#!N#!encrypt#!1#!N#!encrypt#!1#!N#!encrypt#!1#!N#!encrypt#!1#!N#!encrypt#!1#!N#!encrypt#!1#!N#!encrypt#!1#!N#!encrypt#!1#!N#!encrypt#!1#!N#!encrypt#!1#!N#!encrypt#!1#!N#!encrypt#!1#!N#!encrypt#!1#!N#!encrypt#!1#!N#!encrypt#!1#!N#!encrypt#!1#!N#!encrypt#!1#!N#!encrypt#!1#!N#!encrypt#!1#!N#!encrypt#!46#!N%&&r0%ggx8pIuxO`-#]{57$0S$t>4grNIAnwV%ggx8pIy#!encrypt#!1#!
#!encrypt#!8#!?Af~2=A5#!encrypt#!1#!N#!encrypt#!1#!N#!encrypt#!1#!N#!encrypt#!1#!N#!encrypt#!1#!N#!encrypt#!1#!N#!encrypt#!1#!N#!encrypt#!1#!N#!encrypt#!1#!N#!encrypt#!1#!N#!encrypt#!1#!N#!encrypt#!1#!N#!encrypt#!1#!N#!encrypt#!1#!N#!encrypt#!1#!N#!encrypt#!1#!N#!encrypt#!1#!N#!encrypt#!1#!N#!encrypt#!1#!N#!encrypt#!1#!N#!encrypt#!1#!N#!encrypt#!1#!N#!encrypt#!1#!N#!encrypt#!1#!N#!encrypt#!1#!N#!encrypt#!46#!N%&&re%ggx8pIuR5`-#]{57$0S$t>4grNEI7wV%ggx8pIy#!encrypt#!1#!
#!encrypt#!4#![kE*#!encrypt#!1#!N#!encrypt#!1#!N#!encrypt#!1#!N#!encrypt#!1#!N#!encrypt#!1#!N#!encrypt#!1#!N#!encrypt#!1#!N#!encrypt#!1#!N#!encrypt#!1#!N#!encrypt#!1#!N#!encrypt#!1#!N#!encrypt#!1#!N#!encrypt#!1#!N#!encrypt#!1#!N#!encrypt#!1#!N#!encrypt#!1#!N#!encrypt#!1#!N#!encrypt#!1#!N#!encrypt#!1#!N#!encrypt#!1#!N#!encrypt#!1#!N#!encrypt#!1#!N#!encrypt#!1#!N#!encrypt#!1#!N#!encrypt#!1#!N#!encrypt#!1#!N#!encrypt#!1#!N#!encrypt#!1#!N#!encrypt#!1#!N#!encrypt#!46#!N%&&rI%ggx8pIux>`-#]{57$0S$t>4grN%T&wV%ggx8pIy#!encrypt#!1#!
#!encrypt#!3#![ky#!encrypt#!1#!N#!encrypt#!1#!N#!encrypt#!1#!N#!encrypt#!1#!N#!encrypt#!1#!N#!encrypt#!1#!N#!encrypt#!1#!N#!encrypt#!1#!N#!encrypt#!1#!N#!encrypt#!1#!N#!encrypt#!1#!N#!encrypt#!1#!N#!encrypt#!1#!N#!encrypt#!1#!N#!encrypt#!1#!N#!encrypt#!1#!N#!encrypt#!1#!N#!encrypt#!1#!N#!encrypt#!1#!N#!encrypt#!1#!N#!encrypt#!1#!N#!encrypt#!1#!N#!encrypt#!1#!N#!encrypt#!1#!N#!encrypt#!1#!N#!encrypt#!1#!N#!encrypt#!1#!N#!encrypt#!1#!N#!encrypt#!1#!N#!encrypt#!1#!N#!encrypt#!46#!N%&&BC%ggx8pIux>`-#]{57$0S$t>4grN%T&wV%ggx8pIy#!encrypt#!1#!
#!encrypt#!4#! kE##!encrypt#!1#!N#!encrypt#!1#!N#!encrypt#!1#!N#!encrypt#!1#!N#!encrypt#!1#!N#!encrypt#!1#!N#!encrypt#!1#!N#!encrypt#!1#!N#!encrypt#!1#!N#!encrypt#!1#!N#!encrypt#!1#!N#!encrypt#!1#!N#!encrypt#!1#!N#!encrypt#!1#!N#!encrypt#!1#!N#!encrypt#!1#!N#!encrypt#!1#!N#!encrypt#!1#!N#!encrypt#!1#!N#!encrypt#!1#!N#!encrypt#!1#!N#!encrypt#!1#!N#!encrypt#!1#!N#!encrypt#!1#!N#!encrypt#!1#!N#!encrypt#!1#!N#!encrypt#!1#!N#!encrypt#!1#!N#!encrypt#!1#!N#!encrypt#!46#!N%&&B0%ggx8pIux>`-#]{57$0S$t>4grN%T&wV%ggx8pIy#!encrypt#!1#!
#!encrypt#!7#!><-gqK?#!encrypt#!1#!N#!encrypt#!1#!N#!encrypt#!1#!N#!encrypt#!1#!N#!encrypt#!1#!N#!encrypt#!1#!N#!encrypt#!1#!N#!encrypt#!1#!N#!encrypt#!1#!N#!encrypt#!1#!N#!encrypt#!1#!N#!encrypt#!1#!N#!encrypt#!1#!N#!encrypt#!1#!N#!encrypt#!1#!N#!encrypt#!1#!N#!encrypt#!1#!N#!encrypt#!1#!N#!encrypt#!1#!N#!encrypt#!1#!N#!encrypt#!1#!N#!encrypt#!1#!N#!encrypt#!1#!N#!encrypt#!1#!N#!encrypt#!1#!N#!encrypt#!1#!N#!encrypt#!46#!N%&&Be%ggx8pIupO`-#]{57$0S$t>4gr0w8jwV%ggx8pIy#!encrypt#!1#!
#!encrypt#!4#!?BY"#!encrypt#!1#!N#!encrypt#!1#!N#!encrypt#!1#!N#!encrypt#!1#!N#!encrypt#!1#!N#!encrypt#!1#!N#!encrypt#!1#!N#!encrypt#!1#!N#!encrypt#!1#!N#!encrypt#!1#!N#!encrypt#!1#!N#!encrypt#!1#!N#!encrypt#!1#!N#!encrypt#!1#!N#!encrypt#!1#!N#!encrypt#!1#!N#!encrypt#!1#!N#!encrypt#!1#!N#!encrypt#!1#!N#!encrypt#!1#!N#!encrypt#!1#!N#!encrypt#!1#!N#!encrypt#!1#!N#!encrypt#!1#!N#!encrypt#!1#!N#!encrypt#!1#!N#!encrypt#!1#!N#!encrypt#!1#!N#!encrypt#!1#!N#!encrypt#!46#!N%&&B`%ggx8pIuxt`-#]{57$0S$t>4grNfO7wV%ggx8pIy#!encrypt#!1#!
#!encrypt#!4#!>BY"#!encrypt#!1#!N#!encrypt#!1#!N#!encrypt#!1#!N#!encrypt#!1#!N#!encrypt#!1#!N#!encrypt#!1#!N#!encrypt#!1#!N#!encrypt#!1#!N#!encrypt#!1#!N#!encrypt#!1#!N#!encrypt#!1#!N#!encrypt#!1#!N#!encrypt#!1#!N#!encrypt#!1#!N#!encrypt#!1#!N#!encrypt#!1#!N#!encrypt#!1#!N#!encrypt#!1#!N#!encrypt#!1#!N#!encrypt#!1#!N#!encrypt#!1#!N#!encrypt#!1#!N#!encrypt#!1#!N#!encrypt#!1#!N#!encrypt#!1#!N#!encrypt#!1#!N#!encrypt#!1#!N#!encrypt#!1#!N#!encrypt#!1#!N#!encrypt#!46#!N%&&BX%ggx8pIux~`-#]{57$0S$t>4grNfbjwV%ggx8pIy#!encrypt#!1#!
#!encrypt#!3#!h{H#!encrypt#!1#!N#!encrypt#!1#!N#!encrypt#!1#!N#!encrypt#!1#!N#!encrypt#!1#!N#!encrypt#!1#!N#!encrypt#!1#!N#!encrypt#!1#!N#!encrypt#!1#!N#!encrypt#!1#!N#!encrypt#!1#!N#!encrypt#!1#!N#!encrypt#!1#!N#!encrypt#!1#!N#!encrypt#!1#!N#!encrypt#!1#!N#!encrypt#!1#!N#!encrypt#!1#!N#!encrypt#!1#!N#!encrypt#!1#!N#!encrypt#!1#!N#!encrypt#!1#!N#!encrypt#!1#!N#!encrypt#!1#!N#!encrypt#!1#!N#!encrypt#!1#!N#!encrypt#!1#!N#!encrypt#!1#!N#!encrypt#!1#!N#!encrypt#!1#!N#!encrypt#!46#!N%&&BI%ggx8pIux>`-#]{57$0S$t>4grN%T&wV%ggx8pIy#!encrypt#!1#!
#!encrypt#!4#!(3h"#!encrypt#!1#!N#!encrypt#!1#!N#!encrypt#!1#!N#!encrypt#!1#!N#!encrypt#!1#!N#!encrypt#!1#!N#!encrypt#!1#!N#!encrypt#!1#!N#!encrypt#!1#!N#!encrypt#!1#!N#!encrypt#!1#!N#!encrypt#!1#!N#!encrypt#!1#!N#!encrypt#!1#!N#!encrypt#!1#!N#!encrypt#!1#!N#!encrypt#!1#!N#!encrypt#!1#!N#!encrypt#!1#!N#!encrypt#!1#!N#!encrypt#!1#!N#!encrypt#!1#!N#!encrypt#!1#!N#!encrypt#!1#!N#!encrypt#!1#!N#!encrypt#!1#!N#!encrypt#!1#!N#!encrypt#!1#!N#!encrypt#!1#!N#!encrypt#!46#!N%&&a|%ggx8pIux>`-#]{57$0S$t>4grN%T&wV%ggx8pIy#!encrypt#!1#!
#!encrypt#!3#!?{q#!encrypt#!1#!N#!encrypt#!1#!N#!encrypt#!1#!N#!encrypt#!1#!N#!encrypt#!1#!N#!encrypt#!1#!N#!encrypt#!1#!N#!encrypt#!1#!N#!encrypt#!1#!N#!encrypt#!1#!N#!encrypt#!1#!N#!encrypt#!1#!N#!encrypt#!1#!N#!encrypt#!1#!N#!encrypt#!1#!N#!encrypt#!1#!N#!encrypt#!1#!N#!encrypt#!1#!N#!encrypt#!1#!N#!encrypt#!1#!N#!encrypt#!1#!N#!encrypt#!1#!N#!encrypt#!1#!N#!encrypt#!1#!N#!encrypt#!1#!N#!encrypt#!1#!N#!encrypt#!1#!N#!encrypt#!1#!N#!encrypt#!1#!N#!encrypt#!1#!N#!encrypt#!46#!N%&&aC%ggx8pIuxJ`-#]{57$0S$t>4grNIO&wV%ggx8pIy#!encrypt#!1#!
#!encrypt#!6#! aqkZC#!encrypt#!1#!N#!encrypt#!1#!N#!encrypt#!1#!N#!encrypt#!1#!N#!encrypt#!1#!N#!encrypt#!1#!N#!encrypt#!1#!N#!encrypt#!1#!N#!encrypt#!1#!N#!encrypt#!1#!N#!encrypt#!1#!N#!encrypt#!1#!N#!encrypt#!1#!N#!encrypt#!1#!N#!encrypt#!1#!N#!encrypt#!1#!N#!encrypt#!1#!N#!encrypt#!1#!N#!encrypt#!1#!N#!encrypt#!1#!N#!encrypt#!1#!N#!encrypt#!1#!N#!encrypt#!1#!N#!encrypt#!1#!N#!encrypt#!1#!N#!encrypt#!1#!N#!encrypt#!1#!N#!encrypt#!46#!N%&&au%ggx8pIuRt`-#]{57$0S$t>4grN.I&wV%ggx8pIy#!encrypt#!1#!
#!encrypt#!6#! a&.K%#!encrypt#!1#!N#!encrypt#!1#!N#!encrypt#!1#!N#!encrypt#!1#!N#!encrypt#!1#!N#!encrypt#!1#!N#!encrypt#!1#!N#!encrypt#!1#!N#!encrypt#!1#!N#!encrypt#!1#!N#!encrypt#!1#!N#!encrypt#!1#!N#!encrypt#!1#!N#!encrypt#!1#!N#!encrypt#!1#!N#!encrypt#!1#!N#!encrypt#!1#!N#!encrypt#!1#!N#!encrypt#!1#!N#!encrypt#!1#!N#!encrypt#!1#!N#!encrypt#!1#!N#!encrypt#!1#!N#!encrypt#!1#!N#!encrypt#!1#!N#!encrypt#!1#!N#!encrypt#!1#!N#!encrypt#!46#!N%&&a0%ggx8pIu$O`-#]{57$0S$t>4gr0.t&wV%ggx8pIy#!encrypt#!1#!
#!encrypt#!4#!FcM##!encrypt#!1#!N#!encrypt#!1#!N#!encrypt#!1#!N#!encrypt#!1#!N#!encrypt#!1#!N#!encrypt#!1#!N#!encrypt#!1#!N#!encrypt#!1#!N#!encrypt#!1#!N#!encrypt#!1#!N#!encrypt#!1#!N#!encrypt#!1#!N#!encrypt#!1#!N#!encrypt#!1#!N#!encrypt#!1#!N#!encrypt#!1#!N#!encrypt#!1#!N#!encrypt#!1#!N#!encrypt#!1#!N#!encrypt#!1#!N#!encrypt#!1#!N#!encrypt#!1#!N#!encrypt#!1#!N#!encrypt#!1#!N#!encrypt#!1#!N#!encrypt#!1#!N#!encrypt#!1#!N#!encrypt#!1#!N#!encrypt#!1#!N#!encrypt#!46#!N%&&am%ggx8pIux,`-#]{57$0S$t>4grNGO7wV%ggx8pIy#!encrypt#!1#!
#!encrypt#!7#!FlERqK?#!encrypt#!1#!N#!encrypt#!1#!N#!encrypt#!1#!N#!encrypt#!1#!N#!encrypt#!1#!N#!encrypt#!1#!N#!encrypt#!1#!N#!encrypt#!1#!N#!encrypt#!1#!N#!encrypt#!1#!N#!encrypt#!1#!N#!encrypt#!1#!N#!encrypt#!1#!N#!encrypt#!1#!N#!encrypt#!1#!N#!encrypt#!1#!N#!encrypt#!1#!N#!encrypt#!1#!N#!encrypt#!1#!N#!encrypt#!1#!N#!encrypt#!1#!N#!encrypt#!1#!N#!encrypt#!1#!N#!encrypt#!1#!N#!encrypt#!1#!N#!encrypt#!1#!N#!encrypt#!46#!N%&&an%ggx8pI-SJ`-#]{57$0S$t>4grp.buwV%ggx8pIy#!encrypt#!1#!
#!encrypt#!3#!Wa4#!encrypt#!1#!N#!encrypt#!1#!N#!encrypt#!1#!N#!encrypt#!1#!N#!encrypt#!1#!N#!encrypt#!1#!N#!encrypt#!1#!N#!encrypt#!1#!N#!encrypt#!1#!N#!encrypt#!1#!N#!encrypt#!1#!N#!encrypt#!1#!N#!encrypt#!1#!N#!encrypt#!1#!N#!encrypt#!1#!N#!encrypt#!1#!N#!encrypt#!1#!N#!encrypt#!1#!N#!encrypt#!1#!N#!encrypt#!1#!N#!encrypt#!1#!N#!encrypt#!1#!N#!encrypt#!1#!N#!encrypt#!1#!N#!encrypt#!1#!N#!encrypt#!1#!N#!encrypt#!1#!N#!encrypt#!1#!N#!encrypt#!1#!N#!encrypt#!1#!N#!encrypt#!46#!N%&&aX%ggx8pIuxO`-#]{57$0S$t>4grNf&&wV%ggx8pIy#!encrypt#!1#!
#!encrypt#!7#!FlEnqK?#!encrypt#!1#!N#!encrypt#!1#!N#!encrypt#!1#!N#!encrypt#!1#!N#!encrypt#!1#!N#!encrypt#!1#!N#!encrypt#!1#!N#!encrypt#!1#!N#!encrypt#!1#!N#!encrypt#!1#!N#!encrypt#!1#!N#!encrypt#!1#!N#!encrypt#!1#!N#!encrypt#!1#!N#!encrypt#!1#!N#!encrypt#!1#!N#!encrypt#!1#!N#!encrypt#!1#!N#!encrypt#!1#!N#!encrypt#!1#!N#!encrypt#!1#!N#!encrypt#!1#!N#!encrypt#!1#!N#!encrypt#!1#!N#!encrypt#!1#!N#!encrypt#!1#!N#!encrypt#!46#!N%&&aI%ggx8pIuS5`-#]{57$0S$t>4grNdKcwV%ggx8pIy#!encrypt#!1#!
#!encrypt#!4#!Wa4n#!encrypt#!1#!N#!encrypt#!1#!N#!encrypt#!1#!N#!encrypt#!1#!N#!encrypt#!1#!N#!encrypt#!1#!N#!encrypt#!1#!N#!encrypt#!1#!N#!encrypt#!1#!N#!encrypt#!1#!N#!encrypt#!1#!N#!encrypt#!1#!N#!encrypt#!1#!N#!encrypt#!1#!N#!encrypt#!1#!N#!encrypt#!1#!N#!encrypt#!1#!N#!encrypt#!1#!N#!encrypt#!1#!N#!encrypt#!1#!N#!encrypt#!1#!N#!encrypt#!1#!N#!encrypt#!1#!N#!encrypt#!1#!N#!encrypt#!1#!N#!encrypt#!1#!N#!encrypt#!1#!N#!encrypt#!1#!N#!encrypt#!1#!N#!encrypt#!46#!N%&&mC%ggx8pIux>`-#]{57$0S$t>4grN%T&wV%ggx8pIy#!encrypt#!1#!
#!encrypt#!7#!FlEOqK?#!encrypt#!1#!N#!encrypt#!1#!N#!encrypt#!1#!N#!encrypt#!1#!N#!encrypt#!1#!N#!encrypt#!1#!N#!encrypt#!1#!N#!encrypt#!1#!N#!encrypt#!1#!N#!encrypt#!1#!N#!encrypt#!1#!N#!encrypt#!1#!N#!encrypt#!1#!N#!encrypt#!1#!N#!encrypt#!1#!N#!encrypt#!1#!N#!encrypt#!1#!N#!encrypt#!1#!N#!encrypt#!1#!N#!encrypt#!1#!N#!encrypt#!1#!N#!encrypt#!1#!N#!encrypt#!1#!N#!encrypt#!1#!N#!encrypt#!1#!N#!encrypt#!1#!N#!encrypt#!46#!N%&&mu%ggx8pIux>`-#]{57$0S$t>4grN%T&wV%ggx8pIy#!encrypt#!1#!
#!encrypt#!7#!Wa4OqK?#!encrypt#!1#!N#!encrypt#!1#!N#!encrypt#!1#!N#!encrypt#!1#!N#!encrypt#!1#!N#!encrypt#!1#!N#!encrypt#!1#!N#!encrypt#!1#!N#!encrypt#!1#!N#!encrypt#!1#!N#!encrypt#!1#!N#!encrypt#!1#!N#!encrypt#!1#!N#!encrypt#!1#!N#!encrypt#!1#!N#!encrypt#!1#!N#!encrypt#!1#!N#!encrypt#!1#!N#!encrypt#!1#!N#!encrypt#!1#!N#!encrypt#!1#!N#!encrypt#!1#!N#!encrypt#!1#!N#!encrypt#!1#!N#!encrypt#!1#!N#!encrypt#!1#!N#!encrypt#!46#!N%&&me%ggx8pIux>`-#]{57$0S$t>4grN%T&wV%ggx8pIy#!encrypt#!1#!
#!encrypt#!7#!FlE7qK?#!encrypt#!1#!N#!encrypt#!1#!N#!encrypt#!1#!N#!encrypt#!1#!N#!encrypt#!1#!N#!encrypt#!1#!N#!encrypt#!1#!N#!encrypt#!1#!N#!encrypt#!1#!N#!encrypt#!1#!N#!encrypt#!1#!N#!encrypt#!1#!N#!encrypt#!1#!N#!encrypt#!1#!N#!encrypt#!1#!N#!encrypt#!1#!N#!encrypt#!1#!N#!encrypt#!1#!N#!encrypt#!1#!N#!encrypt#!1#!N#!encrypt#!1#!N#!encrypt#!1#!N#!encrypt#!1#!N#!encrypt#!1#!N#!encrypt#!1#!N#!encrypt#!1#!N#!encrypt#!46#!N%&&mm%ggx8pIux>`-#]{57$0S$t>4grN%T&wV%ggx8pIy#!encrypt#!1#!
#!encrypt#!4#!Wa47#!encrypt#!1#!N#!encrypt#!1#!N#!encrypt#!1#!N#!encrypt#!1#!N#!encrypt#!1#!N#!encrypt#!1#!N#!encrypt#!1#!N#!encrypt#!1#!N#!encrypt#!1#!N#!encrypt#!1#!N#!encrypt#!1#!N#!encrypt#!1#!N#!encrypt#!1#!N#!encrypt#!1#!N#!encrypt#!1#!N#!encrypt#!1#!N#!encrypt#!1#!N#!encrypt#!1#!N#!encrypt#!1#!N#!encrypt#!1#!N#!encrypt#!1#!N#!encrypt#!1#!N#!encrypt#!1#!N#!encrypt#!1#!N#!encrypt#!1#!N#!encrypt#!1#!N#!encrypt#!1#!N#!encrypt#!1#!N#!encrypt#!1#!N#!encrypt#!46#!N%&&m`%ggx8pIux>`-#]{57$0S$t>4grN%T&wV%ggx8pIy#!encrypt#!1#!
#!encrypt#!7#!FlE?qK?#!encrypt#!1#!N#!encrypt#!1#!N#!encrypt#!1#!N#!encrypt#!1#!N#!encrypt#!1#!N#!encrypt#!1#!N#!encrypt#!1#!N#!encrypt#!1#!N#!encrypt#!1#!N#!encrypt#!1#!N#!encrypt#!1#!N#!encrypt#!1#!N#!encrypt#!1#!N#!encrypt#!1#!N#!encrypt#!1#!N#!encrypt#!1#!N#!encrypt#!1#!N#!encrypt#!1#!N#!encrypt#!1#!N#!encrypt#!1#!N#!encrypt#!1#!N#!encrypt#!1#!N#!encrypt#!1#!N#!encrypt#!1#!N#!encrypt#!1#!N#!encrypt#!1#!N#!encrypt#!46#!N%&&mX%ggx8pIux>`-#]{57$0S$t>4grN%T&wV%ggx8pIy#!encrypt#!1#!
#!encrypt#!4#!.Oh"#!encrypt#!1#!N#!encrypt#!1#!N#!encrypt#!1#!N#!encrypt#!1#!N#!encrypt#!1#!N#!encrypt#!1#!N#!encrypt#!1#!N#!encrypt#!1#!N#!encrypt#!1#!N#!encrypt#!1#!N#!encrypt#!1#!N#!encrypt#!1#!N#!encrypt#!1#!N#!encrypt#!1#!N#!encrypt#!1#!N#!encrypt#!1#!N#!encrypt#!1#!N#!encrypt#!1#!N#!encrypt#!1#!N#!encrypt#!1#!N#!encrypt#!1#!N#!encrypt#!1#!N#!encrypt#!1#!N#!encrypt#!1#!N#!encrypt#!1#!N#!encrypt#!1#!N#!encrypt#!1#!N#!encrypt#!1#!N#!encrypt#!1#!N#!encrypt#!46#!N%&&N0%ggx8pIux>`-#]{57$0S$t>4grN%T&wV%ggx8pIy#!encrypt#!1#!
#!encrypt#!9#!o3fpKg'od#!encrypt#!1#!N#!encrypt#!1#!N#!encrypt#!1#!N#!encrypt#!1#!N#!encrypt#!1#!N#!encrypt#!1#!N#!encrypt#!1#!N#!encrypt#!1#!N#!encrypt#!1#!N#!encrypt#!1#!N#!encrypt#!1#!N#!encrypt#!1#!N#!encrypt#!1#!N#!encrypt#!1#!N#!encrypt#!1#!N#!encrypt#!1#!N#!encrypt#!1#!N#!encrypt#!1#!N#!encrypt#!1#!N#!encrypt#!1#!N#!encrypt#!1#!N#!encrypt#!1#!N#!encrypt#!1#!N#!encrypt#!1#!N#!encrypt#!46#!N%&&Lm%ggx8pIux>`-#]{57$0S$t>4grN%T&wV%ggx8pIy#!encrypt#!1#!
#!encrypt#!9#!o3fpKg'Kd#!encrypt#!1#!N#!encrypt#!1#!N#!encrypt#!1#!N#!encrypt#!1#!N#!encrypt#!1#!N#!encrypt#!1#!N#!encrypt#!1#!N#!encrypt#!1#!N#!encrypt#!1#!N#!encrypt#!1#!N#!encrypt#!1#!N#!encrypt#!1#!N#!encrypt#!1#!N#!encrypt#!1#!N#!encrypt#!1#!N#!encrypt#!1#!N#!encrypt#!1#!N#!encrypt#!1#!N#!encrypt#!1#!N#!encrypt#!1#!N#!encrypt#!1#!N#!encrypt#!1#!N#!encrypt#!1#!N#!encrypt#!1#!N#!encrypt#!46#!N%&&JC%ggx8pIux>`-#]{57$0S$t>4grN%T&wV%ggx8pIy#!encrypt#!1#!
#!encrypt#!8#!><-gqZ(o#!encrypt#!1#!N#!encrypt#!1#!N#!encrypt#!1#!N#!encrypt#!1#!N#!encrypt#!1#!N#!encrypt#!1#!N#!encrypt#!1#!N#!encrypt#!1#!N#!encrypt#!1#!N#!encrypt#!1#!N#!encrypt#!1#!N#!encrypt#!1#!N#!encrypt#!1#!N#!encrypt#!1#!N#!encrypt#!1#!N#!encrypt#!1#!N#!encrypt#!1#!N#!encrypt#!1#!N#!encrypt#!1#!N#!encrypt#!1#!N#!encrypt#!1#!N#!encrypt#!1#!N#!encrypt#!1#!N#!encrypt#!1#!N#!encrypt#!1#!N#!encrypt#!46#!N%&& C%ggx8pIux>`-#]{57$0S$t>4grN%T&wV%ggx8pIy#!encrypt#!1#!
#!encrypt#!8#!dal+qZ(o#!encrypt#!1#!N#!encrypt#!1#!N#!encrypt#!1#!N#!encrypt#!1#!N#!encrypt#!1#!N#!encrypt#!1#!N#!encrypt#!1#!N#!encrypt#!1#!N#!encrypt#!1#!N#!encrypt#!1#!N#!encrypt#!1#!N#!encrypt#!1#!N#!encrypt#!1#!N#!encrypt#!1#!N#!encrypt#!1#!N#!encrypt#!1#!N#!encrypt#!1#!N#!encrypt#!1#!N#!encrypt#!1#!N#!encrypt#!1#!N#!encrypt#!1#!N#!encrypt#!1#!N#!encrypt#!1#!N#!encrypt#!1#!N#!encrypt#!1#!N#!encrypt#!46#!N%&& u%ggx8pIux>`-#]{57$0S$t>4grN%T&wV%ggx8pIy#!encrypt#!1#!
#!encrypt#!9#! a&.2Pu\d#!encrypt#!1#!N#!encrypt#!1#!N#!encrypt#!1#!N#!encrypt#!1#!N#!encrypt#!1#!N#!encrypt#!1#!N#!encrypt#!1#!N#!encrypt#!1#!N#!encrypt#!1#!N#!encrypt#!1#!N#!encrypt#!1#!N#!encrypt#!1#!N#!encrypt#!1#!N#!encrypt#!1#!N#!encrypt#!1#!N#!encrypt#!1#!N#!encrypt#!1#!N#!encrypt#!1#!N#!encrypt#!1#!N#!encrypt#!1#!N#!encrypt#!1#!N#!encrypt#!1#!N#!encrypt#!1#!N#!encrypt#!1#!N#!encrypt#!46#!N%&RBm%ggx8pIux>`-#]{57$0S$t>4grN%T&wV%ggx8pIy#!encrypt#!1#!
#!encrypt#!10#!FlERq/nm%_#!encrypt#!1#!N#!encrypt#!1#!N#!encrypt#!1#!N#!encrypt#!1#!N#!encrypt#!1#!N#!encrypt#!1#!N#!encrypt#!1#!N#!encrypt#!1#!N#!encrypt#!1#!N#!encrypt#!1#!N#!encrypt#!1#!N#!encrypt#!1#!N#!encrypt#!1#!N#!encrypt#!1#!N#!encrypt#!1#!N#!encrypt#!1#!N#!encrypt#!1#!N#!encrypt#!1#!N#!encrypt#!1#!N#!encrypt#!1#!N#!encrypt#!1#!N#!encrypt#!1#!N#!encrypt#!1#!N#!encrypt#!46#!N%&RBn%ggx8pIux>`-#]{57$0S$t>4grN%T&wV%ggx8pIy#!encrypt#!1#!
#!encrypt#!10#!FlEnq/nm%_#!encrypt#!1#!N#!encrypt#!1#!N#!encrypt#!1#!N#!encrypt#!1#!N#!encrypt#!1#!N#!encrypt#!1#!N#!encrypt#!1#!N#!encrypt#!1#!N#!encrypt#!1#!N#!encrypt#!1#!N#!encrypt#!1#!N#!encrypt#!1#!N#!encrypt#!1#!N#!encrypt#!1#!N#!encrypt#!1#!N#!encrypt#!1#!N#!encrypt#!1#!N#!encrypt#!1#!N#!encrypt#!1#!N#!encrypt#!1#!N#!encrypt#!1#!N#!encrypt#!1#!N#!encrypt#!1#!N#!encrypt#!46#!N%&RB`%ggx8pIux>`-#]{57$0S$t>4grN%T&wV%ggx8pIy#!encrypt#!1#!
#!encrypt#!10#!FlEOq/nm%_#!encrypt#!1#!N#!encrypt#!1#!N#!encrypt#!1#!N#!encrypt#!1#!N#!encrypt#!1#!N#!encrypt#!1#!N#!encrypt#!1#!N#!encrypt#!1#!N#!encrypt#!1#!N#!encrypt#!1#!N#!encrypt#!1#!N#!encrypt#!1#!N#!encrypt#!1#!N#!encrypt#!1#!N#!encrypt#!1#!N#!encrypt#!1#!N#!encrypt#!1#!N#!encrypt#!1#!N#!encrypt#!1#!N#!encrypt#!1#!N#!encrypt#!1#!N#!encrypt#!1#!N#!encrypt#!1#!N#!encrypt#!46#!N%&RBX%ggx8pIux>`-#]{57$0S$t>4grN%T&wV%ggx8pIy#!encrypt#!1#!
#!encrypt#!10#!FlE7q/nm%_#!encrypt#!1#!N#!encrypt#!1#!N#!encrypt#!1#!N#!encrypt#!1#!N#!encrypt#!1#!N#!encrypt#!1#!N#!encrypt#!1#!N#!encrypt#!1#!N#!encrypt#!1#!N#!encrypt#!1#!N#!encrypt#!1#!N#!encrypt#!1#!N#!encrypt#!1#!N#!encrypt#!1#!N#!encrypt#!1#!N#!encrypt#!1#!N#!encrypt#!1#!N#!encrypt#!1#!N#!encrypt#!1#!N#!encrypt#!1#!N#!encrypt#!1#!N#!encrypt#!1#!N#!encrypt#!1#!N#!encrypt#!46#!N%&RBI%ggx8pIux>`-#]{57$0S$t>4grN%T&wV%ggx8pIy#!encrypt#!1#!
#!encrypt#!10#!FlE?q/nm%_#!encrypt#!1#!N#!encrypt#!1#!N#!encrypt#!1#!N#!encrypt#!1#!N#!encrypt#!1#!N#!encrypt#!1#!N#!encrypt#!1#!N#!encrypt#!1#!N#!encrypt#!1#!N#!encrypt#!1#!N#!encrypt#!1#!N#!encrypt#!1#!N#!encrypt#!1#!N#!encrypt#!1#!N#!encrypt#!1#!N#!encrypt#!1#!N#!encrypt#!1#!N#!encrypt#!1#!N#!encrypt#!1#!N#!encrypt#!1#!N#!encrypt#!1#!N#!encrypt#!1#!N#!encrypt#!1#!N#!encrypt#!46#!N%&Ra|%ggx8pIux>`-#]{57$0S$t>4grN%T&wV%ggx8pIy#!encrypt#!1#!
#!encrypt#!8#!>Af~2=A5#!encrypt#!1#!N#!encrypt#!1#!N#!encrypt#!1#!N#!encrypt#!1#!N#!encrypt#!1#!N#!encrypt#!1#!N#!encrypt#!1#!N#!encrypt#!1#!N#!encrypt#!1#!N#!encrypt#!1#!N#!encrypt#!1#!N#!encrypt#!1#!N#!encrypt#!1#!N#!encrypt#!1#!N#!encrypt#!1#!N#!encrypt#!1#!N#!encrypt#!1#!N#!encrypt#!1#!N#!encrypt#!1#!N#!encrypt#!1#!N#!encrypt#!1#!N#!encrypt#!1#!N#!encrypt#!1#!N#!encrypt#!1#!N#!encrypt#!1#!N#!encrypt#!46#!N%&Ra0%ggx8pIux>`-#]{57$0S$t>4grN%T&wV%ggx8pIy#!encrypt#!1#!
#!encrypt#!11#!>Af~2=6F^j=#!encrypt#!1#!N#!encrypt#!1#!N#!encrypt#!1#!N#!encrypt#!1#!N#!encrypt#!1#!N#!encrypt#!1#!N#!encrypt#!1#!N#!encrypt#!1#!N#!encrypt#!1#!N#!encrypt#!1#!N#!encrypt#!1#!N#!encrypt#!1#!N#!encrypt#!1#!N#!encrypt#!1#!N#!encrypt#!1#!N#!encrypt#!1#!N#!encrypt#!1#!N#!encrypt#!1#!N#!encrypt#!1#!N#!encrypt#!1#!N#!encrypt#!1#!N#!encrypt#!1#!N#!encrypt#!46#!N%&Rae%ggx8pIux>`-#]{57$0S$t>4grN%T&wV%ggx8pIy#!encrypt#!1#!
#!encrypt#!11#!?Af~2=6F^j=#!encrypt#!1#!N#!encrypt#!1#!N#!encrypt#!1#!N#!encrypt#!1#!N#!encrypt#!1#!N#!encrypt#!1#!N#!encrypt#!1#!N#!encrypt#!1#!N#!encrypt#!1#!N#!encrypt#!1#!N#!encrypt#!1#!N#!encrypt#!1#!N#!encrypt#!1#!N#!encrypt#!1#!N#!encrypt#!1#!N#!encrypt#!1#!N#!encrypt#!1#!N#!encrypt#!1#!N#!encrypt#!1#!N#!encrypt#!1#!N#!encrypt#!1#!N#!encrypt#!1#!N#!encrypt#!46#!N%&RaX%ggx8pIux>`-#]{57$0S$t>4grN%T&wV%ggx8pIy#!encrypt#!1#!
#!encrypt#!7#! a&.(K?#!encrypt#!1#!N#!encrypt#!1#!N#!encrypt#!1#!N#!encrypt#!1#!N#!encrypt#!1#!N#!encrypt#!1#!N#!encrypt#!1#!N#!encrypt#!1#!N#!encrypt#!1#!N#!encrypt#!1#!N#!encrypt#!1#!N#!encrypt#!1#!N#!encrypt#!1#!N#!encrypt#!1#!N#!encrypt#!1#!N#!encrypt#!1#!N#!encrypt#!1#!N#!encrypt#!1#!N#!encrypt#!1#!N#!encrypt#!1#!N#!encrypt#!1#!N#!encrypt#!1#!N#!encrypt#!1#!N#!encrypt#!1#!N#!encrypt#!1#!N#!encrypt#!1#!N#!encrypt#!46#!N%&RmI%ggx8pIux>`-#]{57$0S$t>4grN%T&wV%ggx8pIy#!encrypt#!1#!
#!encrypt#!8#!FlERq"A5#!encrypt#!1#!N#!encrypt#!1#!N#!encrypt#!1#!N#!encrypt#!1#!N#!encrypt#!1#!N#!encrypt#!1#!N#!encrypt#!1#!N#!encrypt#!1#!N#!encrypt#!1#!N#!encrypt#!1#!N#!encrypt#!1#!N#!encrypt#!1#!N#!encrypt#!1#!N#!encrypt#!1#!N#!encrypt#!1#!N#!encrypt#!1#!N#!encrypt#!1#!N#!encrypt#!1#!N#!encrypt#!1#!N#!encrypt#!1#!N#!encrypt#!1#!N#!encrypt#!1#!N#!encrypt#!1#!N#!encrypt#!1#!N#!encrypt#!1#!N#!encrypt#!46#!N%&RNC%ggx8pIum~`-#]{57$;~$t>4grNIO7wV%ggx847{#!encrypt#!1#!
#!encrypt#!8#!FlEnq"A5#!encrypt#!1#!N#!encrypt#!1#!N#!encrypt#!1#!N#!encrypt#!1#!N#!encrypt#!1#!N#!encrypt#!1#!N#!encrypt#!1#!N#!encrypt#!1#!N#!encrypt#!1#!N#!encrypt#!1#!N#!encrypt#!1#!N#!encrypt#!1#!N#!encrypt#!1#!N#!encrypt#!1#!N#!encrypt#!1#!N#!encrypt#!1#!N#!encrypt#!1#!N#!encrypt#!1#!N#!encrypt#!1#!N#!encrypt#!1#!N#!encrypt#!1#!N#!encrypt#!1#!N#!encrypt#!1#!N#!encrypt#!1#!N#!encrypt#!1#!N#!encrypt#!46#!N%&RN0%ggx8pIux>`-#]{57$0S$t>4grN%T&wV%ggx8pIy#!encrypt#!1#!
#!encrypt#!8#!FlEOq"A5#!encrypt#!1#!N#!encrypt#!1#!N#!encrypt#!1#!N#!encrypt#!1#!N#!encrypt#!1#!N#!encrypt#!1#!N#!encrypt#!1#!N#!encrypt#!1#!N#!encrypt#!1#!N#!encrypt#!1#!N#!encrypt#!1#!N#!encrypt#!1#!N#!encrypt#!1#!N#!encrypt#!1#!N#!encrypt#!1#!N#!encrypt#!1#!N#!encrypt#!1#!N#!encrypt#!1#!N#!encrypt#!1#!N#!encrypt#!1#!N#!encrypt#!1#!N#!encrypt#!1#!N#!encrypt#!1#!N#!encrypt#!1#!N#!encrypt#!1#!N#!encrypt#!46#!N%&RNm%ggx8pIux>`-#]{57$0S$t>4grN%T&wV%ggx8pIy#!encrypt#!1#!
#!encrypt#!8#!FlE7q"A5#!encrypt#!1#!N#!encrypt#!1#!N#!encrypt#!1#!N#!encrypt#!1#!N#!encrypt#!1#!N#!encrypt#!1#!N#!encrypt#!1#!N#!encrypt#!1#!N#!encrypt#!1#!N#!encrypt#!1#!N#!encrypt#!1#!N#!encrypt#!1#!N#!encrypt#!1#!N#!encrypt#!1#!N#!encrypt#!1#!N#!encrypt#!1#!N#!encrypt#!1#!N#!encrypt#!1#!N#!encrypt#!1#!N#!encrypt#!1#!N#!encrypt#!1#!N#!encrypt#!1#!N#!encrypt#!1#!N#!encrypt#!1#!N#!encrypt#!1#!N#!encrypt#!46#!N%&RN`%ggx8pIux>`-#]{57$0S$t>4grN%T&wV%ggx8pIy#!encrypt#!1#!
#!encrypt#!8#!FlE?q"A5#!encrypt#!1#!N#!encrypt#!1#!N#!encrypt#!1#!N#!encrypt#!1#!N#!encrypt#!1#!N#!encrypt#!1#!N#!encrypt#!1#!N#!encrypt#!1#!N#!encrypt#!1#!N#!encrypt#!1#!N#!encrypt#!1#!N#!encrypt#!1#!N#!encrypt#!1#!N#!encrypt#!1#!N#!encrypt#!1#!N#!encrypt#!1#!N#!encrypt#!1#!N#!encrypt#!1#!N#!encrypt#!1#!N#!encrypt#!1#!N#!encrypt#!1#!N#!encrypt#!1#!N#!encrypt#!1#!N#!encrypt#!1#!N#!encrypt#!1#!N#!encrypt#!46#!N%&RNI%ggx8pIux>`-#]{57$0S$t>4grN%T&wV%ggx8pIy#!encrypt#!1#!
#!encrypt#!9#!?Af~2=M#_#!encrypt#!1#!N#!encrypt#!1#!N#!encrypt#!1#!N#!encrypt#!1#!N#!encrypt#!1#!N#!encrypt#!1#!N#!encrypt#!1#!N#!encrypt#!1#!N#!encrypt#!1#!N#!encrypt#!1#!N#!encrypt#!1#!N#!encrypt#!1#!N#!encrypt#!1#!N#!encrypt#!1#!N#!encrypt#!1#!N#!encrypt#!1#!N#!encrypt#!1#!N#!encrypt#!1#!N#!encrypt#!1#!N#!encrypt#!1#!N#!encrypt#!1#!N#!encrypt#!1#!N#!encrypt#!1#!N#!encrypt#!1#!N#!encrypt#!46#!N%&RLe%ggx8pIux>`-#]{57$0S$t>4grN%T&wV%ggx8pIy#!encrypt#!1#!
#!encrypt#!9#!>Af~2=M#_#!encrypt#!1#!N#!encrypt#!1#!N#!encrypt#!1#!N#!encrypt#!1#!N#!encrypt#!1#!N#!encrypt#!1#!N#!encrypt#!1#!N#!encrypt#!1#!N#!encrypt#!1#!N#!encrypt#!1#!N#!encrypt#!1#!N#!encrypt#!1#!N#!encrypt#!1#!N#!encrypt#!1#!N#!encrypt#!1#!N#!encrypt#!1#!N#!encrypt#!1#!N#!encrypt#!1#!N#!encrypt#!1#!N#!encrypt#!1#!N#!encrypt#!1#!N#!encrypt#!1#!N#!encrypt#!1#!N#!encrypt#!1#!N#!encrypt#!46#!N%&RL`%ggx8pIux>`-#]{57$0S$t>4grN%T&wV%ggx8pIy#!encrypt#!1#!
#!encrypt#!8#!FlERqZ(o#!encrypt#!1#!N#!encrypt#!1#!N#!encrypt#!1#!N#!encrypt#!1#!N#!encrypt#!1#!N#!encrypt#!1#!N#!encrypt#!1#!N#!encrypt#!1#!N#!encrypt#!1#!N#!encrypt#!1#!N#!encrypt#!1#!N#!encrypt#!1#!N#!encrypt#!1#!N#!encrypt#!1#!N#!encrypt#!1#!N#!encrypt#!1#!N#!encrypt#!1#!N#!encrypt#!1#!N#!encrypt#!1#!N#!encrypt#!1#!N#!encrypt#!1#!N#!encrypt#!1#!N#!encrypt#!1#!N#!encrypt#!1#!N#!encrypt#!1#!N#!encrypt#!46#!N%&nQm%ggx8pIux>`-#]{57$0S$t>4grN%T&wV%ggx8pIy#!encrypt#!1#!
#!encrypt#!8#!FlEnqZ(o#!encrypt#!1#!N#!encrypt#!1#!N#!encrypt#!1#!N#!encrypt#!1#!N#!encrypt#!1#!N#!encrypt#!1#!N#!encrypt#!1#!N#!encrypt#!1#!N#!encrypt#!1#!N#!encrypt#!1#!N#!encrypt#!1#!N#!encrypt#!1#!N#!encrypt#!1#!N#!encrypt#!1#!N#!encrypt#!1#!N#!encrypt#!1#!N#!encrypt#!1#!N#!encrypt#!1#!N#!encrypt#!1#!N#!encrypt#!1#!N#!encrypt#!1#!N#!encrypt#!1#!N#!encrypt#!1#!N#!encrypt#!1#!N#!encrypt#!1#!N#!encrypt#!46#!N%&nQn%ggx8pIux>`-#]{57$0S$t>4grN%T&wV%ggx8pIy#!encrypt#!1#!
#!encrypt#!8#!FlEOqZ(o#!encrypt#!1#!N#!encrypt#!1#!N#!encrypt#!1#!N#!encrypt#!1#!N#!encrypt#!1#!N#!encrypt#!1#!N#!encrypt#!1#!N#!encrypt#!1#!N#!encrypt#!1#!N#!encrypt#!1#!N#!encrypt#!1#!N#!encrypt#!1#!N#!encrypt#!1#!N#!encrypt#!1#!N#!encrypt#!1#!N#!encrypt#!1#!N#!encrypt#!1#!N#!encrypt#!1#!N#!encrypt#!1#!N#!encrypt#!1#!N#!encrypt#!1#!N#!encrypt#!1#!N#!encrypt#!1#!N#!encrypt#!1#!N#!encrypt#!1#!N#!encrypt#!46#!N%&nQ`%ggx8pIux>`-#]{57$0S$t>4grN%T&wV%ggx8pIy#!encrypt#!1#!
#!encrypt#!8#!FlE7qZ(o#!encrypt#!1#!N#!encrypt#!1#!N#!encrypt#!1#!N#!encrypt#!1#!N#!encrypt#!1#!N#!encrypt#!1#!N#!encrypt#!1#!N#!encrypt#!1#!N#!encrypt#!1#!N#!encrypt#!1#!N#!encrypt#!1#!N#!encrypt#!1#!N#!encrypt#!1#!N#!encrypt#!1#!N#!encrypt#!1#!N#!encrypt#!1#!N#!encrypt#!1#!N#!encrypt#!1#!N#!encrypt#!1#!N#!encrypt#!1#!N#!encrypt#!1#!N#!encrypt#!1#!N#!encrypt#!1#!N#!encrypt#!1#!N#!encrypt#!1#!N#!encrypt#!46#!N%&nQX%ggx8pIux>`-#]{57$0S$t>4grN%T&wV%ggx8pIy#!encrypt#!1#!
#!encrypt#!8#!FlE?qZ(o#!encrypt#!1#!N#!encrypt#!1#!N#!encrypt#!1#!N#!encrypt#!1#!N#!encrypt#!1#!N#!encrypt#!1#!N#!encrypt#!1#!N#!encrypt#!1#!N#!encrypt#!1#!N#!encrypt#!1#!N#!encrypt#!1#!N#!encrypt#!1#!N#!encrypt#!1#!N#!encrypt#!1#!N#!encrypt#!1#!N#!encrypt#!1#!N#!encrypt#!1#!N#!encrypt#!1#!N#!encrypt#!1#!N#!encrypt#!1#!N#!encrypt#!1#!N#!encrypt#!1#!N#!encrypt#!1#!N#!encrypt#!1#!N#!encrypt#!1#!N#!encrypt#!46#!N%&nQI%ggx8pIux>`-#]{57$0S$t>4grN%T&wV%ggx8pIy#!encrypt#!1#!
#!encrypt#!77#!'+^-1s8A6F~]\&FY(4Xp6lxGf-Ggk@%>'+^-1s8A6F~]\&FY(4Xp6lxGf-Ggk@%>'+^-1s8A6F~]
#!encrypt#!32#!
x3JSVQhYAg-tu~3j-<upkUy0w<{@[

#!encrypt#!75#!~aH]8Vol]!T+`yw>HPy]{oHx:t/V,[1c,dKiwp(%ZcbuIi~@mg_+?YgL~w/V{3gr>l40nuhQ?y
#!encrypt#!1#!
#!encrypt#!84#!
@M$$d%QzU
ZY3<L&!d:LC&{ct:REUm#-T_Zn;^^D!LZY3<L&!d:LC&{ct:REUm#-T_Zn;^^D!LZY3<L&!d
#!encrypt#!101#!
Ffw$d%7Zc8Hz[X n3z6F;|$JYd
EUm#-T_Zn;^^D!LZY3<L&!d:LC&{ct:REUm#-T_Zn;^^D!LZY3<L&!d:LC&{ct:REUm#-T_Z
#!encrypt#!39#!\ET^am'$( >p`9RPj[#Z,<k$,k1s:<-B[alfOZ
#!encrypt#!39#!\fT^LC'<0 >p`9RPj[#Z,<k$,k1s:<-B[alfOZ
#!encrypt#!39#!\IT^|n'B? >p`9RPj[#Z,<k$,k1s:<-B[alfOZ
#!encrypt#!40#!\;T^B|dQ:8T[IyVJ_b`],p6#0mOs(rR")Jy+$^+
#!encrypt#!39#!mET^Bk)$(,8v29j,j[#Z,<k$,k1s:<-B[alfOZ
#!encrypt#!40#!mfT^an'U: >p4-V~Sb`],p6#0mOs(rR")Jy+$^+
#!encrypt#!40#!mIT^Lu'v( >p4-V~Sb`],p6#0mOs(rR")Jy+$^+
#!encrypt#!40#!m;T^|`'O: >p4-V~Sb`],p6#0mOs(rR")Jy+$^+
#!encrypt#!40#!=BJihCKQ)TT[IyVOrb`],p6#0mOs(rR")Jy+$^+
#!encrypt#!41#!=)YihCdQ(DT[IiR@mPD`{pkLI^=y(:*ouV,_7~(>
#!encrypt#!39#!)IT^rkK$(,84h9p=j[#Z,<k$,k1s:<-B[alfOZ
#!encrypt#!39#!);T^rkK$(,84F9$0j[#Z,<k$,k1s:<-B[alfOZ
#!encrypt#!42#!=BJihI'WS >p`9R~j[#Z,<k$\P<2~)l")c,]&P*#m
#!encrypt#!45#!=<pfw{d<zTu 5uRJHgpuC5k#\c$*K#-fr'nmYf(%1/G(
#!encrypt#!43#!=)YihI'<, >p2TVP#b`],p6#0eg$K-&iuVq1O}n:PS
#!encrypt#!42#!)IT^rkK$(,84w9~,j[#Z,<k$\P<2~)l")c,]&P*#m
#!encrypt#!42#!);T^rkK$(,84w98=j[#Z,<k$\P<2~)l")c,]&P*#m
#!encrypt#!40#!t%]&4|]WOx5+24~(`P<t,56`IP2wOFfa[lHp$Ko
#!encrypt#!40#!b%]&4|]WOx9+7}~(`P<t,56`IP2wOFfa[lHp$Ko
#!encrypt#!41#!w%]&4|]WOxs ZTj>8-<Zcp7L cgfwW-B.Jf"{~A[
#!encrypt#!41#!{%]&4|]WOxs4Z}m>8-<Zcp7L cgfwW-B.Jf"{~A[
#!encrypt#!29#!=BJih0'v( >p`9~~j[#Z,<k$^WaZ
#!encrypt#!30#!=<pfw{<Q(^T[I-VOKb`],p6#0[0cV
#!encrypt#!29#!=)Yih0']) >p/98Pj[#Z,<k$^WaZ
#!encrypt#!27#!b%]&4|]WOxs+`{~(`P<t,5<'xu
#!encrypt#!27#!w%]&4|]WOxs+h=~(`P<t,5<'xu
#!encrypt#!27#!{%]&4|]WOx5+`4~(`P<t,5<'xu
#!encrypt#!102#!
Ffw$d%7Zc8Brh1GI-X/_TfV0YdV
Um#-T_Zn;^^D!LZY3<L&!d:LC&{ct:REUm#-T_Zn;^^D!LZY3<L&!d:LC&{ct:REUm#-T_Zn
#!encrypt#!107#!
Ffw$d%7Zc8q-v!r|"$QjQQH_:Ku94}(,
_Zn;^^D!LZY3<L&!d:LC&{ct:REUm#-T_Zn;^^D!LZY3<L&!d:LC&{ct:REUm#-T_Zn;^^D!
#!encrypt#!97#!
Ffw$d%7Zc8KLwKa[ $]<Yo
ct:REUm#-T_Zn;^^D!LZY3<L&!d:LC&{ct:REUm#-T_Zn;^^D!LZY3<L&!d:LC&{ct:REUm#
#!encrypt#!112#!
Ffw$d%7Zc8Kp|Ul9-$e[;7O%H+h>5OkQ3T}4k
^D!LZY3<L&!d:LC&{ct:REUm#-T_Zn;^^D!LZY3<L&!d:LC&{ct:REUm#-T_Zn;^^D!LZY3<
#!encrypt#!115#!
Ffw$d%7Zc8Kp|Ul9-$e[;7ns_#K(&Xr+OW]#V'Qz
LZY3<L&!d:LC&{ct:REUm#-T_Zn;^^D!LZY3<L&!d:LC&{ct:REUm#-T_Zn;^^D!LZY3<L&!
#!encrypt#!40#!
M4gOZ%_]Yen}oPa99h8{s/R0xkL"r.qqkyfx5x
#!encrypt#!77#!'+^-1s8A6F~]\&FY(4Xp6lxGf-Ggk@%>'+^-1s8A6F~]\&FY(4Xp6lxGf-Ggk@%>'+^-1s8A6F~]
#!encrypt#!9#!N%Ti.x !2#!encrypt#!1#!N#!encrypt#!1#!N#!encrypt#!1#!N#!encrypt#!1#!N#!encrypt#!1#!N#!encrypt#!1#!N#!encrypt#!1#!N#!encrypt#!1#!N#!encrypt#!1#!N#!encrypt#!1#!N#!encrypt#!1#!N#!encrypt#!1#!N#!encrypt#!1#!N#!encrypt#!1#!N#!encrypt#!1#!N#!encrypt#!1#!N#!encrypt#!1#!N#!encrypt#!1#!N#!encrypt#!1#!N#!encrypt#!1#!N#!encrypt#!1#!N#!encrypt#!1#!N#!encrypt#!1#!N#!encrypt#!1#!N#!encrypt#!18#!N%Tig<%ggx8pI$1eI(#!encrypt#!78#!
+^-1s8A6F~]\&FY(4Xp6lxGf-Ggk@%>'+^-1s8A6F~]\&FY(4Xp6lxGf-Ggk@%>'+^-1s8A6F~]\
#!encrypt#!8#!FlERq"A5#!encrypt#!1#!N#!encrypt#!1#!N#!encrypt#!1#!N#!encrypt#!1#!N#!encrypt#!1#!N#!encrypt#!1#!N#!encrypt#!1#!N#!encrypt#!1#!N#!encrypt#!1#!N#!encrypt#!1#!N#!encrypt#!1#!N#!encrypt#!1#!N#!encrypt#!1#!N#!encrypt#!1#!N#!encrypt#!1#!N#!encrypt#!1#!N#!encrypt#!1#!N#!encrypt#!1#!N#!encrypt#!1#!N#!encrypt#!1#!N#!encrypt#!1#!N#!encrypt#!1#!N#!encrypt#!1#!N#!encrypt#!1#!N#!encrypt#!1#!N#!encrypt#!17#!N%&RNC%ggx8pIum~
#!encrypt#!77#!'+^-1s8A6F~]\&FY(4Xp6lxGf-Ggk@%>'+^-1s8A6F~]\&FY(4Xp6lxGf-Ggk@%>'+^-1s8A6F~]
#!encrypt#!41#!
M4gOZ%_]Yen}oPa99h8{s/R0gRTgi+r'M.bGBU?
#!encrypt#!77#!'+^-1s8A6F~]\&FY(4Xp6lxGf-Ggk@%>'+^-1s8A6F~]\&FY(4Xp6lxGf-Ggk@%>'+^-1s8A6F~]
#!encrypt#!9#!N%Ti.x !2#!encrypt#!1#!N#!encrypt#!1#!N#!encrypt#!1#!N#!encrypt#!1#!N#!encrypt#!1#!N#!encrypt#!1#!N#!encrypt#!1#!N#!encrypt#!1#!N#!encrypt#!1#!N#!encrypt#!1#!N#!encrypt#!1#!N#!encrypt#!1#!N#!encrypt#!1#!N#!encrypt#!1#!N#!encrypt#!1#!N#!encrypt#!1#!N#!encrypt#!1#!N#!encrypt#!1#!N#!encrypt#!1#!N#!encrypt#!1#!N#!encrypt#!1#!N#!encrypt#!1#!N#!encrypt#!1#!N#!encrypt#!1#!N#!encrypt#!18#!N%Tig<%ggx8pI$1eI(#!encrypt#!78#!
+^-1s8A6F~]\&FY(4Xp6lxGf-Ggk@%>'+^-1s8A6F~]\&FY(4Xp6lxGf-Ggk@%>'+^-1s8A6F~]\
#!encrypt#!77#!'+^-1s8A6F~]\&FY(4Xp6lxGf-Ggk@%>'+^-1s8A6F~]\&FY(4Xp6lxGf-Ggk@%>'+^-1s8A6F~]
#!encrypt#!46#!
M4gOZ%_]Yen}oPa99h8{s/R0L "7u""~(79qR/VXEgQt
#!encrypt#!77#!'+^-1s8A6F~]\&FY(4Xp6lxGf-Ggk@%>'+^-1s8A6F~]\&FY(4Xp6lxGf-Ggk@%>'+^-1s8A6F~]
#!encrypt#!9#!N%Ti.x !2#!encrypt#!1#!N#!encrypt#!1#!N#!encrypt#!1#!N#!encrypt#!1#!N#!encrypt#!1#!N#!encrypt#!1#!N#!encrypt#!1#!N#!encrypt#!1#!N#!encrypt#!1#!N#!encrypt#!1#!N#!encrypt#!1#!N#!encrypt#!1#!N#!encrypt#!1#!N#!encrypt#!1#!N#!encrypt#!1#!N#!encrypt#!1#!N#!encrypt#!1#!N#!encrypt#!1#!N#!encrypt#!1#!N#!encrypt#!1#!N#!encrypt#!1#!N#!encrypt#!1#!N#!encrypt#!1#!N#!encrypt#!1#!N#!encrypt#!18#!N%Tig<%ggx8pI$1eI(#!encrypt#!78#!
+^-1s8A6F~]\&FY(4Xp6lxGf-Ggk@%>'+^-1s8A6F~]\&FY(4Xp6lxGf-Ggk@%>'+^-1s8A6F~]\
#!encrypt#!77#!'+^-1s8A6F~]\&FY(4Xp6lxGf-Ggk@%>'+^-1s8A6F~]\&FY(4Xp6lxGf-Ggk@%>'+^-1s8A6F~]
#!encrypt#!36#!
M4gOZ%_]Yen}oPa99h8{s/R0p,fKCni~gP
#!encrypt#!77#!'+^-1s8A6F~]\&FY(4Xp6lxGf-Ggk@%>'+^-1s8A6F~]\&FY(4Xp6lxGf-Ggk@%>'+^-1s8A6F~]
#!encrypt#!9#!N%Ti.x !2#!encrypt#!1#!N#!encrypt#!1#!N#!encrypt#!1#!N#!encrypt#!1#!N#!encrypt#!1#!N#!encrypt#!1#!N#!encrypt#!1#!N#!encrypt#!1#!N#!encrypt#!1#!N#!encrypt#!1#!N#!encrypt#!1#!N#!encrypt#!1#!N#!encrypt#!1#!N#!encrypt#!1#!N#!encrypt#!1#!N#!encrypt#!1#!N#!encrypt#!1#!N#!encrypt#!1#!N#!encrypt#!1#!N#!encrypt#!1#!N#!encrypt#!1#!N#!encrypt#!1#!N#!encrypt#!1#!N#!encrypt#!1#!N#!encrypt#!18#!N%Tig<%ggx8pI$1eI(#!encrypt#!78#!
+^-1s8A6F~]\&FY(4Xp6lxGf-Ggk@%>'+^-1s8A6F~]\&FY(4Xp6lxGf-Ggk@%>'+^-1s8A6F~]\
#!encrypt#!77#!'+^-1s8A6F~]\&FY(4Xp6lxGf-Ggk@%>'+^-1s8A6F~]\&FY(4Xp6lxGf-Ggk@%>'+^-1s8A6F~]
#!encrypt#!183#!
`VA^tq`vPXk%er;*f-k0XE^u>I44*yW"`VA^tq`vPXk%er;*f-k0XE^u>I44*yW"`VA^tq`v
"|pY'/0.q]tVHRG1T!INOoNq4f{>no%xp+Z
r;*f-k0XE^u>I44*yW"`VA^tq`vPXk%er;*f-k0XE^u>I44*yW"`VA^tq`vPXk%er;*f-k0X
#!encrypt#!113#!
xM#T~+Cm/Gh>uW&9^8v^O[XG%$cz&OwoBfi4k'
D!LZY3<L&!d:LC&{ct:REUm#-T_Zn;^^D!LZY3<L&!d:LC&{ct:REUm#-T_Zn;^^D!LZY3<L
#!encrypt#!1#!
#!encrypt#!75#!~aH]8Vol]!T+`yw>HPy]{oHx:t/V,[1c,dKiwp(%ZcbuIi~@mg_+?YgL~w/V{3gr>l40nuhQ?y
#!encrypt#!1#!
#!encrypt#!34#!
%TDGR/+F>JzruWM[J:5Ix` <^H$Wb}(

#!encrypt#!75#!~aH]8Vol]!T+`yw>HPy]{oHx:t/V,[1c,dKiwp(%ZcbuIi~@mg_+?YgL~w/V{3gr>l40nuhQ?y
#!encrypt#!1#!
#!encrypt#!33#!N%kqz!499E]qI?i2do@bt/f%00lI=b}

#!encrypt#!75#!~aH]8Vol]!T+`yw>HPy]{oHx:t/V,[1c,dKiwp(%ZcbuIi~@mg_+?YgL~w/V{3gr>l40nuhQ?y
#!encrypt#!1#!
#!encrypt#!15#!
xf~2VtClY)|J]
#!encrypt#!77#!'+^-1s8A6F~]\&FY(4Xp6lxGf-Ggk@%>'+^-1s8A6F~]\&FY(4Xp6lxGf-Ggk@%>'+^-1s8A6F~]
#!encrypt#!8#!N%Ti6oSH#!encrypt#!1#!N#!encrypt#!1#!N#!encrypt#!1#!N#!encrypt#!1#!N#!encrypt#!1#!N#!encrypt#!1#!N#!encrypt#!1#!N#!encrypt#!1#!N#!encrypt#!1#!N#!encrypt#!1#!N#!encrypt#!1#!N#!encrypt#!1#!N#!encrypt#!1#!N#!encrypt#!1#!N#!encrypt#!1#!N#!encrypt#!1#!N#!encrypt#!1#!N#!encrypt#!1#!N#!encrypt#!1#!N#!encrypt#!1#!N#!encrypt#!1#!N#!encrypt#!1#!N#!encrypt#!1#!N#!encrypt#!1#!N#!encrypt#!60#!N%TigJtYF>qqIux3p)onsQl+0^$t>4/9w(>mwV%ggx8p|k1b`-#]{57$$7RB#!encrypt#!78#!
+^-1s8A6F~]\&FY(4Xp6lxGf-Ggk@%>'+^-1s8A6F~]\&FY(4Xp6lxGf-Ggk@%>'+^-1s8A6F~]\
#!encrypt#!24#!eILnqh_b}>dOF}`JA=yt#]Uy#!encrypt#!1#!N#!encrypt#!1#!N#!encrypt#!1#!N#!encrypt#!1#!N#!encrypt#!1#!N#!encrypt#!1#!N#!encrypt#!1#!N#!encrypt#!1#!N#!encrypt#!61#!N%TiwV%ggx8 Iux3`-#]{57~0^$t>4grN%T&wV%ggx8pIujJ`-#]{57$0c/*
#!encrypt#!24#!eILnqh_b}>dOF}`JA=yt#]U##!encrypt#!1#!N#!encrypt#!1#!N#!encrypt#!1#!N#!encrypt#!1#!N#!encrypt#!1#!N#!encrypt#!1#!N#!encrypt#!1#!N#!encrypt#!1#!N#!encrypt#!61#!N%TiwV%ggx8 Iux3`-#]{57~0^$t>4grN%T&wV%ggx8pIumt`-#]{57$0^c$
#!encrypt#!24#!eILnqh_b}>dOF}`JA=yt#]U-#!encrypt#!1#!N#!encrypt#!1#!N#!encrypt#!1#!N#!encrypt#!1#!N#!encrypt#!1#!N#!encrypt#!1#!N#!encrypt#!1#!N#!encrypt#!1#!N#!encrypt#!61#!N%TiwV%ggx8 Iux3`-#]{57~0^$t>4grN%T&wV%ggx8pIuxt`-#]{57$0^l'
#!encrypt#!24#!eILnqh_b}>dOF}`JA=yt#]U~#!encrypt#!1#!N#!encrypt#!1#!N#!encrypt#!1#!N#!encrypt#!1#!N#!encrypt#!1#!N#!encrypt#!1#!N#!encrypt#!1#!N#!encrypt#!1#!N#!encrypt#!61#!N%TiwV%ggx8 Iux3`-#]{57~0^$t>4grN%T&wV%ggx8pIux=`-#]{57$0^${
#!encrypt#!24#!CK09{"_b}>dOF}`JA=yt#]Uy#!encrypt#!1#!N#!encrypt#!1#!N#!encrypt#!1#!N#!encrypt#!1#!N#!encrypt#!1#!N#!encrypt#!1#!N#!encrypt#!1#!N#!encrypt#!1#!N#!encrypt#!61#!N%TiwV%ggx8 Iux3`-#]{57l0^$t>4grN%T&wV%ggx8pIux=`-#]{57$0^)*
#!encrypt#!26#!><-g6\?5U%*/:`j,AP|#a<0WDc#!encrypt#!1#!N#!encrypt#!1#!N#!encrypt#!1#!N#!encrypt#!1#!N#!encrypt#!1#!N#!encrypt#!1#!N#!encrypt#!61#!N%TiwV%ggx8 Iux3`-#]{57l0^$t>4grN%T&wV%ggx8pIux5`-#]{57$0cEb
#!encrypt#!26#!?Af~24nlU%*/:`j,AP|#a<0WDw#!encrypt#!1#!N#!encrypt#!1#!N#!encrypt#!1#!N#!encrypt#!1#!N#!encrypt#!1#!N#!encrypt#!1#!N#!encrypt#!61#!N%TiwV%ggx8 Iux3`-#]{5770^$t>4grN%T&wV%ggx8pIux=`-#]{57$0^)*
#!encrypt#!24#!+ILRqh_b}>dOF}`JA=yt#]UL#!encrypt#!1#!N#!encrypt#!1#!N#!encrypt#!1#!N#!encrypt#!1#!N#!encrypt#!1#!N#!encrypt#!1#!N#!encrypt#!1#!N#!encrypt#!1#!N#!encrypt#!61#!N%TiwV%ggx8 Iux3`-#]{57~0^$t>4grN%T&wV%ggx8pIux,`-#]{57$0w<#
#!encrypt#!27#!>4ffq|h )#qK+"K~SN<-#t6~P<m#!encrypt#!1#!N#!encrypt#!1#!N#!encrypt#!1#!N#!encrypt#!1#!N#!encrypt#!1#!N#!encrypt#!61#!N%TiwV%ggx8 Iux3`-#]{5kL0^$t>4grN%T&wV%ggx8pIuxJ`-#]{57$0^S#
#!encrypt#!27#!?4ffq|h )#qK+"K~SN<-#t6~P<E#!encrypt#!1#!N#!encrypt#!1#!N#!encrypt#!1#!N#!encrypt#!1#!N#!encrypt#!1#!N#!encrypt#!61#!N%TiwV%ggx8 Iux3`-#]{5k~0^$t>4grN%T&wV%ggx8pIuxJ`-#]{57$0^S#
#!encrypt#!3#!68=#!encrypt#!1#!N#!encrypt#!1#!N#!encrypt#!1#!N#!encrypt#!1#!N#!encrypt#!1#!N#!encrypt#!1#!N#!encrypt#!1#!N#!encrypt#!1#!N#!encrypt#!1#!N#!encrypt#!1#!N#!encrypt#!1#!N#!encrypt#!1#!N#!encrypt#!1#!N#!encrypt#!1#!N#!encrypt#!1#!N#!encrypt#!1#!N#!encrypt#!1#!N#!encrypt#!1#!N#!encrypt#!1#!N#!encrypt#!1#!N#!encrypt#!1#!N#!encrypt#!1#!N#!encrypt#!1#!N#!encrypt#!1#!N#!encrypt#!1#!N#!encrypt#!1#!N#!encrypt#!1#!N#!encrypt#!1#!N#!encrypt#!1#!N#!encrypt#!61#!N%TiwV%ggx8_Iux3`-#]{5hy0^$t>4grN%T&wV%ggx8pIux,`-#]{57$0^S#
#!encrypt#!27#!?4ffq|h )#qK+"K~SN<-#t6~P<S#!encrypt#!1#!N#!encrypt#!1#!N#!encrypt#!1#!N#!encrypt#!1#!N#!encrypt#!1#!N#!encrypt#!61#!N%TiwV%ggx8 Iux3`-#]{5k70^$t>4grN%T&wV%ggx8pIuxJ`-#]{57$0^m#
#!encrypt#!27#!?4ffq|h )#qK+"K~SN<-#t6~P<)#!encrypt#!1#!N#!encrypt#!1#!N#!encrypt#!1#!N#!encrypt#!1#!N#!encrypt#!1#!N#!encrypt#!61#!N%TiwV%ggx8 Iux3`-#]{5k#0^$t>4grN%T&wV%ggx8pIuxJ`-#]{57$0^m#
#!encrypt#!27#!>4ffq|h )#qK+"K~SN<-#t6~P<c#!encrypt#!1#!N#!encrypt#!1#!N#!encrypt#!1#!N#!encrypt#!1#!N#!encrypt#!1#!N#!encrypt#!61#!N%TiwV%ggx8 Iux3`-#]{5kL0^$t>4grN%T&wV%ggx8pIuxJ`-#]{57$0^m#
#!encrypt#!27#!>4ffq|h )#qK+"K~SN<-#t6~P<.#!encrypt#!1#!N#!encrypt#!1#!N#!encrypt#!1#!N#!encrypt#!1#!N#!encrypt#!1#!N#!encrypt#!61#!N%TiwV%ggx8 Iux3`-#]{5kU0^$t>4grN%T&wV%ggx8pIuxJ`-#]{57$0^m#
#!encrypt#!4#!6$ L#!encrypt#!1#!N#!encrypt#!1#!N#!encrypt#!1#!N#!encrypt#!1#!N#!encrypt#!1#!N#!encrypt#!1#!N#!encrypt#!1#!N#!encrypt#!1#!N#!encrypt#!1#!N#!encrypt#!1#!N#!encrypt#!1#!N#!encrypt#!1#!N#!encrypt#!1#!N#!encrypt#!1#!N#!encrypt#!1#!N#!encrypt#!1#!N#!encrypt#!1#!N#!encrypt#!1#!N#!encrypt#!1#!N#!encrypt#!1#!N#!encrypt#!1#!N#!encrypt#!1#!N#!encrypt#!1#!N#!encrypt#!1#!N#!encrypt#!1#!N#!encrypt#!1#!N#!encrypt#!1#!N#!encrypt#!1#!N#!encrypt#!61#!N%TiwV%ggx8aIux3`-#]{50#0^$t>4grN%T&wV%ggx8pIuxJ`-#]{57$0^m#
#!encrypt#!3#!{t|#!encrypt#!1#!N#!encrypt#!1#!N#!encrypt#!1#!N#!encrypt#!1#!N#!encrypt#!1#!N#!encrypt#!1#!N#!encrypt#!1#!N#!encrypt#!1#!N#!encrypt#!1#!N#!encrypt#!1#!N#!encrypt#!1#!N#!encrypt#!1#!N#!encrypt#!1#!N#!encrypt#!1#!N#!encrypt#!1#!N#!encrypt#!1#!N#!encrypt#!1#!N#!encrypt#!1#!N#!encrypt#!1#!N#!encrypt#!1#!N#!encrypt#!1#!N#!encrypt#!1#!N#!encrypt#!1#!N#!encrypt#!1#!N#!encrypt#!1#!N#!encrypt#!1#!N#!encrypt#!1#!N#!encrypt#!1#!N#!encrypt#!1#!N#!encrypt#!61#!N%TiwV%ggx8vIux3`-#]{5k#0^$t>4grN%T&wV%ggx8pIux=`-#]{57$0^m#
#!encrypt#!4#!{t|O#!encrypt#!1#!N#!encrypt#!1#!N#!encrypt#!1#!N#!encrypt#!1#!N#!encrypt#!1#!N#!encrypt#!1#!N#!encrypt#!1#!N#!encrypt#!1#!N#!encrypt#!1#!N#!encrypt#!1#!N#!encrypt#!1#!N#!encrypt#!1#!N#!encrypt#!1#!N#!encrypt#!1#!N#!encrypt#!1#!N#!encrypt#!1#!N#!encrypt#!1#!N#!encrypt#!1#!N#!encrypt#!1#!N#!encrypt#!1#!N#!encrypt#!1#!N#!encrypt#!1#!N#!encrypt#!1#!N#!encrypt#!1#!N#!encrypt#!1#!N#!encrypt#!1#!N#!encrypt#!1#!N#!encrypt#!1#!N#!encrypt#!61#!N%TiwV%ggx8vIux3`-#]{5kL0^$t>4grN%TjwV%ggx8pIuxO`-#]{57$0^<l
#!encrypt#!27#!?4ffq|h )#qK+"K~SN<-#t6~P<"#!encrypt#!1#!N#!encrypt#!1#!N#!encrypt#!1#!N#!encrypt#!1#!N#!encrypt#!1#!N#!encrypt#!61#!N%TiwV%ggx8 Iux3`-#]{5k#0^$t>4grN%T&wV%ggx8pIuxJ`-#]{57$0^<#
#!encrypt#!28#!>4ffq|h )#qK+"K~SN<-#t6~P<<b#!encrypt#!1#!N#!encrypt#!1#!N#!encrypt#!1#!N#!encrypt#!1#!N#!encrypt#!61#!N%TiwV%ggx8 Iux3`-#]{5k-0^$t>4grN%T&wV%ggx8pIuxJ`-#]{57$0^<#
#!encrypt#!28#!>4ffq|h )#qK+"K~SN<-#t6~P<<$#!encrypt#!1#!N#!encrypt#!1#!N#!encrypt#!1#!N#!encrypt#!1#!N#!encrypt#!61#!N%TiwV%ggx8 Iux3`-#]{5k-0^$t>4grN%T&wV%ggx8pIuxJ`-#]{57$0^<#
#!encrypt#!28#!?4ffq|h )#qK+"K~SN<-#t6~P<<##!encrypt#!1#!N#!encrypt#!1#!N#!encrypt#!1#!N#!encrypt#!1#!N#!encrypt#!61#!N%TiwV%ggx8 Iux3`-#]{5k~0^$t>4grN%T&wV%ggx8pIuxJ`-#]{57$0^<#
#!encrypt#!3#!68k#!encrypt#!1#!N#!encrypt#!1#!N#!encrypt#!1#!N#!encrypt#!1#!N#!encrypt#!1#!N#!encrypt#!1#!N#!encrypt#!1#!N#!encrypt#!1#!N#!encrypt#!1#!N#!encrypt#!1#!N#!encrypt#!1#!N#!encrypt#!1#!N#!encrypt#!1#!N#!encrypt#!1#!N#!encrypt#!1#!N#!encrypt#!1#!N#!encrypt#!1#!N#!encrypt#!1#!N#!encrypt#!1#!N#!encrypt#!1#!N#!encrypt#!1#!N#!encrypt#!1#!N#!encrypt#!1#!N#!encrypt#!1#!N#!encrypt#!1#!N#!encrypt#!1#!N#!encrypt#!1#!N#!encrypt#!1#!N#!encrypt#!1#!N#!encrypt#!61#!N%TiwV%ggx8aIux3`-#]{5hM0^$t>4grN%T&wV%ggx8pIuxP`-#]{57$0^<#
#!encrypt#!3#!k1O#!encrypt#!1#!N#!encrypt#!1#!N#!encrypt#!1#!N#!encrypt#!1#!N#!encrypt#!1#!N#!encrypt#!1#!N#!encrypt#!1#!N#!encrypt#!1#!N#!encrypt#!1#!N#!encrypt#!1#!N#!encrypt#!1#!N#!encrypt#!1#!N#!encrypt#!1#!N#!encrypt#!1#!N#!encrypt#!1#!N#!encrypt#!1#!N#!encrypt#!1#!N#!encrypt#!1#!N#!encrypt#!1#!N#!encrypt#!1#!N#!encrypt#!1#!N#!encrypt#!1#!N#!encrypt#!1#!N#!encrypt#!1#!N#!encrypt#!1#!N#!encrypt#!1#!N#!encrypt#!1#!N#!encrypt#!1#!N#!encrypt#!1#!N#!encrypt#!61#!N%TiwV%ggxs Iux3`-#]{50~0^$t>4grN%T&wV%ggx8pIuxJ`-#]{57$0^$*
#!encrypt#!17#!RX&.CUjfhS:#Wc#&n#!encrypt#!1#!N#!encrypt#!1#!N#!encrypt#!1#!N#!encrypt#!1#!N#!encrypt#!1#!N#!encrypt#!1#!N#!encrypt#!1#!N#!encrypt#!1#!N#!encrypt#!1#!N#!encrypt#!1#!N#!encrypt#!1#!N#!encrypt#!1#!N#!encrypt#!1#!N#!encrypt#!1#!N#!encrypt#!1#!N#!encrypt#!61#!N%TiwV%ggxP%Iux3`-#]{5UL0^$t>4grN%TuwV%ggx8pIuxO`-#]{57$0^$*
#!encrypt#!14#!wOe$O/__.X4epE#!encrypt#!1#!N#!encrypt#!1#!N#!encrypt#!1#!N#!encrypt#!1#!N#!encrypt#!1#!N#!encrypt#!1#!N#!encrypt#!1#!N#!encrypt#!1#!N#!encrypt#!1#!N#!encrypt#!1#!N#!encrypt#!1#!N#!encrypt#!1#!N#!encrypt#!1#!N#!encrypt#!1#!N#!encrypt#!1#!N#!encrypt#!1#!N#!encrypt#!1#!N#!encrypt#!1#!N#!encrypt#!61#!N%TiwV%ggx_vIux3`-#]{5UW0^$t>4grN%&nwV%ggx8pIuxJ`-#]{57$0^$$
#!encrypt#!77#!'+^-1s8A6F~]\&FY(4Xp6lxGf-Ggk@%>'+^-1s8A6F~]\&FY(4Xp6lxGf-Ggk@%>'+^-1s8A6F~]
#!encrypt#!63#!~8=G.V9!\-8ZIipB`-fc'Q<'BL$R>#$4g%TMGRR!Y'\pYu$tSh#]w%v a^:t'.
#!encrypt#!16#!
M4gOZ%_]Yen}o2
#!encrypt#!77#!'+^-1s8A6F~]\&FY(4Xp6lxGf-Ggk@%>'+^-1s8A6F~]\&FY(4Xp6lxGf-Ggk@%>'+^-1s8A6F~]
#!encrypt#!9#!N%Ti.x !2#!encrypt#!1#!N#!encrypt#!1#!N#!encrypt#!1#!N#!encrypt#!1#!N#!encrypt#!1#!N#!encrypt#!1#!N#!encrypt#!1#!N#!encrypt#!1#!N#!encrypt#!1#!N#!encrypt#!1#!N#!encrypt#!1#!N#!encrypt#!1#!N#!encrypt#!1#!N#!encrypt#!1#!N#!encrypt#!1#!N#!encrypt#!1#!N#!encrypt#!1#!N#!encrypt#!1#!N#!encrypt#!1#!N#!encrypt#!1#!N#!encrypt#!1#!N#!encrypt#!1#!N#!encrypt#!1#!N#!encrypt#!1#!N#!encrypt#!46#!N%Tig<%ggx8pI?gr`-#]{5}DB^$t>4grN-:zwV%ggx8\QL#!encrypt#!78#!
+^-1s8A6F~]\&FY(4Xp6lxGf-Ggk@%>'+^-1s8A6F~]\&FY(4Xp6lxGf-Ggk@%>'+^-1s8A6F~]\
#!encrypt#!4#!dal+#!encrypt#!1#!N#!encrypt#!1#!N#!encrypt#!1#!N#!encrypt#!1#!N#!encrypt#!1#!N#!encrypt#!1#!N#!encrypt#!1#!N#!encrypt#!1#!N#!encrypt#!1#!N#!encrypt#!1#!N#!encrypt#!1#!N#!encrypt#!1#!N#!encrypt#!1#!N#!encrypt#!1#!N#!encrypt#!1#!N#!encrypt#!1#!N#!encrypt#!1#!N#!encrypt#!1#!N#!encrypt#!1#!N#!encrypt#!1#!N#!encrypt#!1#!N#!encrypt#!1#!N#!encrypt#!1#!N#!encrypt#!1#!N#!encrypt#!1#!N#!encrypt#!1#!N#!encrypt#!1#!N#!encrypt#!1#!N#!encrypt#!1#!N#!encrypt#!46#!N%&&rC%ggx8pIu;>`-#]{57$0S$t>4grNwO&wV%ggx8pIy#!encrypt#!1#!
#!encrypt#!3#!7Oh#!encrypt#!1#!N#!encrypt#!1#!N#!encrypt#!1#!N#!encrypt#!1#!N#!encrypt#!1#!N#!encrypt#!1#!N#!encrypt#!1#!N#!encrypt#!1#!N#!encrypt#!1#!N#!encrypt#!1#!N#!encrypt#!1#!N#!encrypt#!1#!N#!encrypt#!1#!N#!encrypt#!1#!N#!encrypt#!1#!N#!encrypt#!1#!N#!encrypt#!1#!N#!encrypt#!1#!N#!encrypt#!1#!N#!encrypt#!1#!N#!encrypt#!1#!N#!encrypt#!1#!N#!encrypt#!1#!N#!encrypt#!1#!N#!encrypt#!1#!N#!encrypt#!1#!N#!encrypt#!1#!N#!encrypt#!1#!N#!encrypt#!1#!N#!encrypt#!1#!N#!encrypt#!46#!N%&&r0%ggx8pIuxO`-#]{57$0S$t>4grNIAnwV%ggx8pIy#!encrypt#!1#!
#!encrypt#!8#!?Af~2=A5#!encrypt#!1#!N#!encrypt#!1#!N#!encrypt#!1#!N#!encrypt#!1#!N#!encrypt#!1#!N#!encrypt#!1#!N#!encrypt#!1#!N#!encrypt#!1#!N#!encrypt#!1#!N#!encrypt#!1#!N#!encrypt#!1#!N#!encrypt#!1#!N#!encrypt#!1#!N#!encrypt#!1#!N#!encrypt#!1#!N#!encrypt#!1#!N#!encrypt#!1#!N#!encrypt#!1#!N#!encrypt#!1#!N#!encrypt#!1#!N#!encrypt#!1#!N#!encrypt#!1#!N#!encrypt#!1#!N#!encrypt#!1#!N#!encrypt#!1#!N#!encrypt#!46#!N%&&re%ggx8pIuR5`-#]{57$0S$t>4grNEI7wV%ggx8pIy#!encrypt#!1#!
#!encrypt#!4#![kE*#!encrypt#!1#!N#!encrypt#!1#!N#!encrypt#!1#!N#!encrypt#!1#!N#!encrypt#!1#!N#!encrypt#!1#!N#!encrypt#!1#!N#!encrypt#!1#!N#!encrypt#!1#!N#!encrypt#!1#!N#!encrypt#!1#!N#!encrypt#!1#!N#!encrypt#!1#!N#!encrypt#!1#!N#!encrypt#!1#!N#!encrypt#!1#!N#!encrypt#!1#!N#!encrypt#!1#!N#!encrypt#!1#!N#!encrypt#!1#!N#!encrypt#!1#!N#!encrypt#!1#!N#!encrypt#!1#!N#!encrypt#!1#!N#!encrypt#!1#!N#!encrypt#!1#!N#!encrypt#!1#!N#!encrypt#!1#!N#!encrypt#!1#!N#!encrypt#!46#!N%&&rI%ggx8pIux>`-#]{57$0S$t>4grN%T&wV%ggx8pIy#!encrypt#!1#!
#!encrypt#!3#![ky#!encrypt#!1#!N#!encrypt#!1#!N#!encrypt#!1#!N#!encrypt#!1#!N#!encrypt#!1#!N#!encrypt#!1#!N#!encrypt#!1#!N#!encrypt#!1#!N#!encrypt#!1#!N#!encrypt#!1#!N#!encrypt#!1#!N#!encrypt#!1#!N#!encrypt#!1#!N#!encrypt#!1#!N#!encrypt#!1#!N#!encrypt#!1#!N#!encrypt#!1#!N#!encrypt#!1#!N#!encrypt#!1#!N#!encrypt#!1#!N#!encrypt#!1#!N#!encrypt#!1#!N#!encrypt#!1#!N#!encrypt#!1#!N#!encrypt#!1#!N#!encrypt#!1#!N#!encrypt#!1#!N#!encrypt#!1#!N#!encrypt#!1#!N#!encrypt#!1#!N#!encrypt#!46#!N%&&BC%ggx8pIux>`-#]{57$0S$t>4grN%T&wV%ggx8pIy#!encrypt#!1#!
#!encrypt#!4#! kE##!encrypt#!1#!N#!encrypt#!1#!N#!encrypt#!1#!N#!encrypt#!1#!N#!encrypt#!1#!N#!encrypt#!1#!N#!encrypt#!1#!N#!encrypt#!1#!N#!encrypt#!1#!N#!encrypt#!1#!N#!encrypt#!1#!N#!encrypt#!1#!N#!encrypt#!1#!N#!encrypt#!1#!N#!encrypt#!1#!N#!encrypt#!1#!N#!encrypt#!1#!N#!encrypt#!1#!N#!encrypt#!1#!N#!encrypt#!1#!N#!encrypt#!1#!N#!encrypt#!1#!N#!encrypt#!1#!N#!encrypt#!1#!N#!encrypt#!1#!N#!encrypt#!1#!N#!encrypt#!1#!N#!encrypt#!1#!N#!encrypt#!1#!N#!encrypt#!46#!N%&&B0%ggx8pIux>`-#]{57$0S$t>4grN%T&wV%ggx8pIy#!encrypt#!1#!
#!encrypt#!7#!><-gqK?#!encrypt#!1#!N#!encrypt#!1#!N#!encrypt#!1#!N#!encrypt#!1#!N#!encrypt#!1#!N#!encrypt#!1#!N#!encrypt#!1#!N#!encrypt#!1#!N#!encrypt#!1#!N#!encrypt#!1#!N#!encrypt#!1#!N#!encrypt#!1#!N#!encrypt#!1#!N#!encrypt#!1#!N#!encrypt#!1#!N#!encrypt#!1#!N#!encrypt#!1#!N#!encrypt#!1#!N#!encrypt#!1#!N#!encrypt#!1#!N#!encrypt#!1#!N#!encrypt#!1#!N#!encrypt#!1#!N#!encrypt#!1#!N#!encrypt#!1#!N#!encrypt#!1#!N#!encrypt#!46#!N%&&Be%ggx8pIupO`-#]{57$0S$t>4gr0w8jwV%ggx8pIy#!encrypt#!1#!
#!encrypt#!4#!?BY"#!encrypt#!1#!N#!encrypt#!1#!N#!encrypt#!1#!N#!encrypt#!1#!N#!encrypt#!1#!N#!encrypt#!1#!N#!encrypt#!1#!N#!encrypt#!1#!N#!encrypt#!1#!N#!encrypt#!1#!N#!encrypt#!1#!N#!encrypt#!1#!N#!encrypt#!1#!N#!encrypt#!1#!N#!encrypt#!1#!N#!encrypt#!1#!N#!encrypt#!1#!N#!encrypt#!1#!N#!encrypt#!1#!N#!encrypt#!1#!N#!encrypt#!1#!N#!encrypt#!1#!N#!encrypt#!1#!N#!encrypt#!1#!N#!encrypt#!1#!N#!encrypt#!1#!N#!encrypt#!1#!N#!encrypt#!1#!N#!encrypt#!1#!N#!encrypt#!46#!N%&&B`%ggx8pIuxt`-#]{57$0S$t>4grNfO7wV%ggx8pIy#!encrypt#!1#!
#!encrypt#!4#!>BY"#!encrypt#!1#!N#!encrypt#!1#!N#!encrypt#!1#!N#!encrypt#!1#!N#!encrypt#!1#!N#!encrypt#!1#!N#!encrypt#!1#!N#!encrypt#!1#!N#!encrypt#!1#!N#!encrypt#!1#!N#!encrypt#!1#!N#!encrypt#!1#!N#!encrypt#!1#!N#!encrypt#!1#!N#!encrypt#!1#!N#!encrypt#!1#!N#!encrypt#!1#!N#!encrypt#!1#!N#!encrypt#!1#!N#!encrypt#!1#!N#!encrypt#!1#!N#!encrypt#!1#!N#!encrypt#!1#!N#!encrypt#!1#!N#!encrypt#!1#!N#!encrypt#!1#!N#!encrypt#!1#!N#!encrypt#!1#!N#!encrypt#!1#!N#!encrypt#!46#!N%&&BX%ggx8pIux~`-#]{57$0S$t>4grNfbjwV%ggx8pIy#!encrypt#!1#!
#!encrypt#!3#!h{H#!encrypt#!1#!N#!encrypt#!1#!N#!encrypt#!1#!N#!encrypt#!1#!N#!encrypt#!1#!N#!encrypt#!1#!N#!encrypt#!1#!N#!encrypt#!1#!N#!encrypt#!1#!N#!encrypt#!1#!N#!encrypt#!1#!N#!encrypt#!1#!N#!encrypt#!1#!N#!encrypt#!1#!N#!encrypt#!1#!N#!encrypt#!1#!N#!encrypt#!1#!N#!encrypt#!1#!N#!encrypt#!1#!N#!encrypt#!1#!N#!encrypt#!1#!N#!encrypt#!1#!N#!encrypt#!1#!N#!encrypt#!1#!N#!encrypt#!1#!N#!encrypt#!1#!N#!encrypt#!1#!N#!encrypt#!1#!N#!encrypt#!1#!N#!encrypt#!1#!N#!encrypt#!46#!N%&&BI%ggx8pIux>`-#]{57$0S$t>4grN%T&wV%ggx8pIy#!encrypt#!1#!
#!encrypt#!4#!(3h"#!encrypt#!1#!N#!encrypt#!1#!N#!encrypt#!1#!N#!encrypt#!1#!N#!encrypt#!1#!N#!encrypt#!1#!N#!encrypt#!1#!N#!encrypt#!1#!N#!encrypt#!1#!N#!encrypt#!1#!N#!encrypt#!1#!N#!encrypt#!1#!N#!encrypt#!1#!N#!encrypt#!1#!N#!encrypt#!1#!N#!encrypt#!1#!N#!encrypt#!1#!N#!encrypt#!1#!N#!encrypt#!1#!N#!encrypt#!1#!N#!encrypt#!1#!N#!encrypt#!1#!N#!encrypt#!1#!N#!encrypt#!1#!N#!encrypt#!1#!N#!encrypt#!1#!N#!encrypt#!1#!N#!encrypt#!1#!N#!encrypt#!1#!N#!encrypt#!46#!N%&&a|%ggx8pIux>`-#]{57$0S$t>4grN%T&wV%ggx8pIy#!encrypt#!1#!
#!encrypt#!3#!?{q#!encrypt#!1#!N#!encrypt#!1#!N#!encrypt#!1#!N#!encrypt#!1#!N#!encrypt#!1#!N#!encrypt#!1#!N#!encrypt#!1#!N#!encrypt#!1#!N#!encrypt#!1#!N#!encrypt#!1#!N#!encrypt#!1#!N#!encrypt#!1#!N#!encrypt#!1#!N#!encrypt#!1#!N#!encrypt#!1#!N#!encrypt#!1#!N#!encrypt#!1#!N#!encrypt#!1#!N#!encrypt#!1#!N#!encrypt#!1#!N#!encrypt#!1#!N#!encrypt#!1#!N#!encrypt#!1#!N#!encrypt#!1#!N#!encrypt#!1#!N#!encrypt#!1#!N#!encrypt#!1#!N#!encrypt#!1#!N#!encrypt#!1#!N#!encrypt#!1#!N#!encrypt#!46#!N%&&aC%ggx8pIuxJ`-#]{57$0S$t>4grNIO&wV%ggx8pIy#!encrypt#!1#!
#!encrypt#!6#! aqkZC#!encrypt#!1#!N#!encrypt#!1#!N#!encrypt#!1#!N#!encrypt#!1#!N#!encrypt#!1#!N#!encrypt#!1#!N#!encrypt#!1#!N#!encrypt#!1#!N#!encrypt#!1#!N#!encrypt#!1#!N#!encrypt#!1#!N#!encrypt#!1#!N#!encrypt#!1#!N#!encrypt#!1#!N#!encrypt#!1#!N#!encrypt#!1#!N#!encrypt#!1#!N#!encrypt#!1#!N#!encrypt#!1#!N#!encrypt#!1#!N#!encrypt#!1#!N#!encrypt#!1#!N#!encrypt#!1#!N#!encrypt#!1#!N#!encrypt#!1#!N#!encrypt#!1#!N#!encrypt#!1#!N#!encrypt#!46#!N%&&au%ggx8pIuRt`-#]{57$0S$t>4grN.I&wV%ggx8pIy#!encrypt#!1#!
#!encrypt#!6#! a&.K%#!encrypt#!1#!N#!encrypt#!1#!N#!encrypt#!1#!N#!encrypt#!1#!N#!encrypt#!1#!N#!encrypt#!1#!N#!encrypt#!1#!N#!encrypt#!1#!N#!encrypt#!1#!N#!encrypt#!1#!N#!encrypt#!1#!N#!encrypt#!1#!N#!encrypt#!1#!N#!encrypt#!1#!N#!encrypt#!1#!N#!encrypt#!1#!N#!encrypt#!1#!N#!encrypt#!1#!N#!encrypt#!1#!N#!encrypt#!1#!N#!encrypt#!1#!N#!encrypt#!1#!N#!encrypt#!1#!N#!encrypt#!1#!N#!encrypt#!1#!N#!encrypt#!1#!N#!encrypt#!1#!N#!encrypt#!46#!N%&&a0%ggx8pIu$O`-#]{57$0S$t>4gr0.t&wV%ggx8pIy#!encrypt#!1#!
#!encrypt#!4#!FcM##!encrypt#!1#!N#!encrypt#!1#!N#!encrypt#!1#!N#!encrypt#!1#!N#!encrypt#!1#!N#!encrypt#!1#!N#!encrypt#!1#!N#!encrypt#!1#!N#!encrypt#!1#!N#!encrypt#!1#!N#!encrypt#!1#!N#!encrypt#!1#!N#!encrypt#!1#!N#!encrypt#!1#!N#!encrypt#!1#!N#!encrypt#!1#!N#!encrypt#!1#!N#!encrypt#!1#!N#!encrypt#!1#!N#!encrypt#!1#!N#!encrypt#!1#!N#!encrypt#!1#!N#!encrypt#!1#!N#!encrypt#!1#!N#!encrypt#!1#!N#!encrypt#!1#!N#!encrypt#!1#!N#!encrypt#!1#!N#!encrypt#!1#!N#!encrypt#!46#!N%&&am%ggx8pIux,`-#]{57$0S$t>4grNGO7wV%ggx8pIy#!encrypt#!1#!
#!encrypt#!7#!FlERqK?#!encrypt#!1#!N#!encrypt#!1#!N#!encrypt#!1#!N#!encrypt#!1#!N#!encrypt#!1#!N#!encrypt#!1#!N#!encrypt#!1#!N#!encrypt#!1#!N#!encrypt#!1#!N#!encrypt#!1#!N#!encrypt#!1#!N#!encrypt#!1#!N#!encrypt#!1#!N#!encrypt#!1#!N#!encrypt#!1#!N#!encrypt#!1#!N#!encrypt#!1#!N#!encrypt#!1#!N#!encrypt#!1#!N#!encrypt#!1#!N#!encrypt#!1#!N#!encrypt#!1#!N#!encrypt#!1#!N#!encrypt#!1#!N#!encrypt#!1#!N#!encrypt#!1#!N#!encrypt#!46#!N%&&an%ggx8pI-SJ`-#]{57$0S$t>4grp.buwV%ggx8pIy#!encrypt#!1#!
#!encrypt#!3#!Wa4#!encrypt#!1#!N#!encrypt#!1#!N#!encrypt#!1#!N#!encrypt#!1#!N#!encrypt#!1#!N#!encrypt#!1#!N#!encrypt#!1#!N#!encrypt#!1#!N#!encrypt#!1#!N#!encrypt#!1#!N#!encrypt#!1#!N#!encrypt#!1#!N#!encrypt#!1#!N#!encrypt#!1#!N#!encrypt#!1#!N#!encrypt#!1#!N#!encrypt#!1#!N#!encrypt#!1#!N#!encrypt#!1#!N#!encrypt#!1#!N#!encrypt#!1#!N#!encrypt#!1#!N#!encrypt#!1#!N#!encrypt#!1#!N#!encrypt#!1#!N#!encrypt#!1#!N#!encrypt#!1#!N#!encrypt#!1#!N#!encrypt#!1#!N#!encrypt#!1#!N#!encrypt#!46#!N%&&aX%ggx8pIuxO`-#]{57$0S$t>4grNf&&wV%ggx8pIy#!encrypt#!1#!
#!encrypt#!7#!FlEnqK?#!encrypt#!1#!N#!encrypt#!1#!N#!encrypt#!1#!N#!encrypt#!1#!N#!encrypt#!1#!N#!encrypt#!1#!N#!encrypt#!1#!N#!encrypt#!1#!N#!encrypt#!1#!N#!encrypt#!1#!N#!encrypt#!1#!N#!encrypt#!1#!N#!encrypt#!1#!N#!encrypt#!1#!N#!encrypt#!1#!N#!encrypt#!1#!N#!encrypt#!1#!N#!encrypt#!1#!N#!encrypt#!1#!N#!encrypt#!1#!N#!encrypt#!1#!N#!encrypt#!1#!N#!encrypt#!1#!N#!encrypt#!1#!N#!encrypt#!1#!N#!encrypt#!1#!N#!encrypt#!46#!N%&&aI%ggx8pIuS5`-#]{57$0S$t>4grNdKcwV%ggx8pIy#!encrypt#!1#!
#!encrypt#!4#!Wa4n#!encrypt#!1#!N#!encrypt#!1#!N#!encrypt#!1#!N#!encrypt#!1#!N#!encrypt#!1#!N#!encrypt#!1#!N#!encrypt#!1#!N#!encrypt#!1#!N#!encrypt#!1#!N#!encrypt#!1#!N#!encrypt#!1#!N#!encrypt#!1#!N#!encrypt#!1#!N#!encrypt#!1#!N#!encrypt#!1#!N#!encrypt#!1#!N#!encrypt#!1#!N#!encrypt#!1#!N#!encrypt#!1#!N#!encrypt#!1#!N#!encrypt#!1#!N#!encrypt#!1#!N#!encrypt#!1#!N#!encrypt#!1#!N#!encrypt#!1#!N#!encrypt#!1#!N#!encrypt#!1#!N#!encrypt#!1#!N#!encrypt#!1#!N#!encrypt#!46#!N%&&mC%ggx8pIux>`-#]{57$0S$t>4grN%T&wV%ggx8pIy#!encrypt#!1#!
#!encrypt#!7#!FlEOqK?#!encrypt#!1#!N#!encrypt#!1#!N#!encrypt#!1#!N#!encrypt#!1#!N#!encrypt#!1#!N#!encrypt#!1#!N#!encrypt#!1#!N#!encrypt#!1#!N#!encrypt#!1#!N#!encrypt#!1#!N#!encrypt#!1#!N#!encrypt#!1#!N#!encrypt#!1#!N#!encrypt#!1#!N#!encrypt#!1#!N#!encrypt#!1#!N#!encrypt#!1#!N#!encrypt#!1#!N#!encrypt#!1#!N#!encrypt#!1#!N#!encrypt#!1#!N#!encrypt#!1#!N#!encrypt#!1#!N#!encrypt#!1#!N#!encrypt#!1#!N#!encrypt#!1#!N#!encrypt#!46#!N%&&mu%ggx8pIux>`-#]{57$0S$t>4grN%T&wV%ggx8pIy#!encrypt#!1#!
#!encrypt#!7#!Wa4OqK?#!encrypt#!1#!N#!encrypt#!1#!N#!encrypt#!1#!N#!encrypt#!1#!N#!encrypt#!1#!N#!encrypt#!1#!N#!encrypt#!1#!N#!encrypt#!1#!N#!encrypt#!1#!N#!encrypt#!1#!N#!encrypt#!1#!N#!encrypt#!1#!N#!encrypt#!1#!N#!encrypt#!1#!N#!encrypt#!1#!N#!encrypt#!1#!N#!encrypt#!1#!N#!encrypt#!1#!N#!encrypt#!1#!N#!encrypt#!1#!N#!encrypt#!1#!N#!encrypt#!1#!N#!encrypt#!1#!N#!encrypt#!1#!N#!encrypt#!1#!N#!encrypt#!1#!N#!encrypt#!46#!N%&&me%ggx8pIux>`-#]{57$0S$t>4grN%T&wV%ggx8pIy#!encrypt#!1#!
#!encrypt#!7#!FlE7qK?#!encrypt#!1#!N#!encrypt#!1#!N#!encrypt#!1#!N#!encrypt#!1#!N#!encrypt#!1#!N#!encrypt#!1#!N#!encrypt#!1#!N#!encrypt#!1#!N#!encrypt#!1#!N#!encrypt#!1#!N#!encrypt#!1#!N#!encrypt#!1#!N#!encrypt#!1#!N#!encrypt#!1#!N#!encrypt#!1#!N#!encrypt#!1#!N#!encrypt#!1#!N#!encrypt#!1#!N#!encrypt#!1#!N#!encrypt#!1#!N#!encrypt#!1#!N#!encrypt#!1#!N#!encrypt#!1#!N#!encrypt#!1#!N#!encrypt#!1#!N#!encrypt#!1#!N#!encrypt#!46#!N%&&mm%ggx8pIux>`-#]{57$0S$t>4grN%T&wV%ggx8pIy#!encrypt#!1#!
#!encrypt#!4#!Wa47#!encrypt#!1#!N#!encrypt#!1#!N#!encrypt#!1#!N#!encrypt#!1#!N#!encrypt#!1#!N#!encrypt#!1#!N#!encrypt#!1#!N#!encrypt#!1#!N#!encrypt#!1#!N#!encrypt#!1#!N#!encrypt#!1#!N#!encrypt#!1#!N#!encrypt#!1#!N#!encrypt#!1#!N#!encrypt#!1#!N#!encrypt#!1#!N#!encrypt#!1#!N#!encrypt#!1#!N#!encrypt#!1#!N#!encrypt#!1#!N#!encrypt#!1#!N#!encrypt#!1#!N#!encrypt#!1#!N#!encrypt#!1#!N#!encrypt#!1#!N#!encrypt#!1#!N#!encrypt#!1#!N#!encrypt#!1#!N#!encrypt#!1#!N#!encrypt#!46#!N%&&m`%ggx8pIux>`-#]{57$0S$t>4grN%T&wV%ggx8pIy#!encrypt#!1#!
#!encrypt#!7#!FlE?qK?#!encrypt#!1#!N#!encrypt#!1#!N#!encrypt#!1#!N#!encrypt#!1#!N#!encrypt#!1#!N#!encrypt#!1#!N#!encrypt#!1#!N#!encrypt#!1#!N#!encrypt#!1#!N#!encrypt#!1#!N#!encrypt#!1#!N#!encrypt#!1#!N#!encrypt#!1#!N#!encrypt#!1#!N#!encrypt#!1#!N#!encrypt#!1#!N#!encrypt#!1#!N#!encrypt#!1#!N#!encrypt#!1#!N#!encrypt#!1#!N#!encrypt#!1#!N#!encrypt#!1#!N#!encrypt#!1#!N#!encrypt#!1#!N#!encrypt#!1#!N#!encrypt#!1#!N#!encrypt#!46#!N%&&mX%ggx8pIux>`-#]{57$0S$t>4grN%T&wV%ggx8pIy#!encrypt#!1#!
#!encrypt#!4#!.Oh"#!encrypt#!1#!N#!encrypt#!1#!N#!encrypt#!1#!N#!encrypt#!1#!N#!encrypt#!1#!N#!encrypt#!1#!N#!encrypt#!1#!N#!encrypt#!1#!N#!encrypt#!1#!N#!encrypt#!1#!N#!encrypt#!1#!N#!encrypt#!1#!N#!encrypt#!1#!N#!encrypt#!1#!N#!encrypt#!1#!N#!encrypt#!1#!N#!encrypt#!1#!N#!encrypt#!1#!N#!encrypt#!1#!N#!encrypt#!1#!N#!encrypt#!1#!N#!encrypt#!1#!N#!encrypt#!1#!N#!encrypt#!1#!N#!encrypt#!1#!N#!encrypt#!1#!N#!encrypt#!1#!N#!encrypt#!1#!N#!encrypt#!1#!N#!encrypt#!46#!N%&&N0%ggx8pIux>`-#]{57$0S$t>4grN%T&wV%ggx8pIy#!encrypt#!1#!
#!encrypt#!9#!o3fpKg'od#!encrypt#!1#!N#!encrypt#!1#!N#!encrypt#!1#!N#!encrypt#!1#!N#!encrypt#!1#!N#!encrypt#!1#!N#!encrypt#!1#!N#!encrypt#!1#!N#!encrypt#!1#!N#!encrypt#!1#!N#!encrypt#!1#!N#!encrypt#!1#!N#!encrypt#!1#!N#!encrypt#!1#!N#!encrypt#!1#!N#!encrypt#!1#!N#!encrypt#!1#!N#!encrypt#!1#!N#!encrypt#!1#!N#!encrypt#!1#!N#!encrypt#!1#!N#!encrypt#!1#!N#!encrypt#!1#!N#!encrypt#!1#!N#!encrypt#!46#!N%&&Lm%ggx8pIux>`-#]{57$0S$t>4grN%T&wV%ggx8pIy#!encrypt#!1#!
#!encrypt#!9#!o3fpKg'Kd#!encrypt#!1#!N#!encrypt#!1#!N#!encrypt#!1#!N#!encrypt#!1#!N#!encrypt#!1#!N#!encrypt#!1#!N#!encrypt#!1#!N#!encrypt#!1#!N#!encrypt#!1#!N#!encrypt#!1#!N#!encrypt#!1#!N#!encrypt#!1#!N#!encrypt#!1#!N#!encrypt#!1#!N#!encrypt#!1#!N#!encrypt#!1#!N#!encrypt#!1#!N#!encrypt#!1#!N#!encrypt#!1#!N#!encrypt#!1#!N#!encrypt#!1#!N#!encrypt#!1#!N#!encrypt#!1#!N#!encrypt#!1#!N#!encrypt#!46#!N%&&JC%ggx8pIux>`-#]{57$0S$t>4grN%T&wV%ggx8pIy#!encrypt#!1#!
#!encrypt#!8#!><-gqZ(o#!encrypt#!1#!N#!encrypt#!1#!N#!encrypt#!1#!N#!encrypt#!1#!N#!encrypt#!1#!N#!encrypt#!1#!N#!encrypt#!1#!N#!encrypt#!1#!N#!encrypt#!1#!N#!encrypt#!1#!N#!encrypt#!1#!N#!encrypt#!1#!N#!encrypt#!1#!N#!encrypt#!1#!N#!encrypt#!1#!N#!encrypt#!1#!N#!encrypt#!1#!N#!encrypt#!1#!N#!encrypt#!1#!N#!encrypt#!1#!N#!encrypt#!1#!N#!encrypt#!1#!N#!encrypt#!1#!N#!encrypt#!1#!N#!encrypt#!1#!N#!encrypt#!46#!N%&& C%ggx8pIux>`-#]{57$0S$t>4grN%T&wV%ggx8pIy#!encrypt#!1#!
#!encrypt#!8#!dal+qZ(o#!encrypt#!1#!N#!encrypt#!1#!N#!encrypt#!1#!N#!encrypt#!1#!N#!encrypt#!1#!N#!encrypt#!1#!N#!encrypt#!1#!N#!encrypt#!1#!N#!encrypt#!1#!N#!encrypt#!1#!N#!encrypt#!1#!N#!encrypt#!1#!N#!encrypt#!1#!N#!encrypt#!1#!N#!encrypt#!1#!N#!encrypt#!1#!N#!encrypt#!1#!N#!encrypt#!1#!N#!encrypt#!1#!N#!encrypt#!1#!N#!encrypt#!1#!N#!encrypt#!1#!N#!encrypt#!1#!N#!encrypt#!1#!N#!encrypt#!1#!N#!encrypt#!46#!N%&& u%ggx8pIux>`-#]{57$0S$t>4grN%T&wV%ggx8pIy#!encrypt#!1#!
#!encrypt#!9#! a&.2Pu\d#!encrypt#!1#!N#!encrypt#!1#!N#!encrypt#!1#!N#!encrypt#!1#!N#!encrypt#!1#!N#!encrypt#!1#!N#!encrypt#!1#!N#!encrypt#!1#!N#!encrypt#!1#!N#!encrypt#!1#!N#!encrypt#!1#!N#!encrypt#!1#!N#!encrypt#!1#!N#!encrypt#!1#!N#!encrypt#!1#!N#!encrypt#!1#!N#!encrypt#!1#!N#!encrypt#!1#!N#!encrypt#!1#!N#!encrypt#!1#!N#!encrypt#!1#!N#!encrypt#!1#!N#!encrypt#!1#!N#!encrypt#!1#!N#!encrypt#!46#!N%&RBm%ggx8pIux>`-#]{57$0S$t>4grN%T&wV%ggx8pIy#!encrypt#!1#!
#!encrypt#!10#!FlERq/nm%_#!encrypt#!1#!N#!encrypt#!1#!N#!encrypt#!1#!N#!encrypt#!1#!N#!encrypt#!1#!N#!encrypt#!1#!N#!encrypt#!1#!N#!encrypt#!1#!N#!encrypt#!1#!N#!encrypt#!1#!N#!encrypt#!1#!N#!encrypt#!1#!N#!encrypt#!1#!N#!encrypt#!1#!N#!encrypt#!1#!N#!encrypt#!1#!N#!encrypt#!1#!N#!encrypt#!1#!N#!encrypt#!1#!N#!encrypt#!1#!N#!encrypt#!1#!N#!encrypt#!1#!N#!encrypt#!1#!N#!encrypt#!46#!N%&RBn%ggx8pIux>`-#]{57$0S$t>4grN%T&wV%ggx8pIy#!encrypt#!1#!
#!encrypt#!10#!FlEnq/nm%_#!encrypt#!1#!N#!encrypt#!1#!N#!encrypt#!1#!N#!encrypt#!1#!N#!encrypt#!1#!N#!encrypt#!1#!N#!encrypt#!1#!N#!encrypt#!1#!N#!encrypt#!1#!N#!encrypt#!1#!N#!encrypt#!1#!N#!encrypt#!1#!N#!encrypt#!1#!N#!encrypt#!1#!N#!encrypt#!1#!N#!encrypt#!1#!N#!encrypt#!1#!N#!encrypt#!1#!N#!encrypt#!1#!N#!encrypt#!1#!N#!encrypt#!1#!N#!encrypt#!1#!N#!encrypt#!1#!N#!encrypt#!46#!N%&RB`%ggx8pIux>`-#]{57$0S$t>4grN%T&wV%ggx8pIy#!encrypt#!1#!
#!encrypt#!10#!FlEOq/nm%_#!encrypt#!1#!N#!encrypt#!1#!N#!encrypt#!1#!N#!encrypt#!1#!N#!encrypt#!1#!N#!encrypt#!1#!N#!encrypt#!1#!N#!encrypt#!1#!N#!encrypt#!1#!N#!encrypt#!1#!N#!encrypt#!1#!N#!encrypt#!1#!N#!encrypt#!1#!N#!encrypt#!1#!N#!encrypt#!1#!N#!encrypt#!1#!N#!encrypt#!1#!N#!encrypt#!1#!N#!encrypt#!1#!N#!encrypt#!1#!N#!encrypt#!1#!N#!encrypt#!1#!N#!encrypt#!1#!N#!encrypt#!46#!N%&RBX%ggx8pIux>`-#]{57$0S$t>4grN%T&wV%ggx8pIy#!encrypt#!1#!
#!encrypt#!10#!FlE7q/nm%_#!encrypt#!1#!N#!encrypt#!1#!N#!encrypt#!1#!N#!encrypt#!1#!N#!encrypt#!1#!N#!encrypt#!1#!N#!encrypt#!1#!N#!encrypt#!1#!N#!encrypt#!1#!N#!encrypt#!1#!N#!encrypt#!1#!N#!encrypt#!1#!N#!encrypt#!1#!N#!encrypt#!1#!N#!encrypt#!1#!N#!encrypt#!1#!N#!encrypt#!1#!N#!encrypt#!1#!N#!encrypt#!1#!N#!encrypt#!1#!N#!encrypt#!1#!N#!encrypt#!1#!N#!encrypt#!1#!N#!encrypt#!46#!N%&RBI%ggx8pIux>`-#]{57$0S$t>4grN%T&wV%ggx8pIy#!encrypt#!1#!
#!encrypt#!10#!FlE?q/nm%_#!encrypt#!1#!N#!encrypt#!1#!N#!encrypt#!1#!N#!encrypt#!1#!N#!encrypt#!1#!N#!encrypt#!1#!N#!encrypt#!1#!N#!encrypt#!1#!N#!encrypt#!1#!N#!encrypt#!1#!N#!encrypt#!1#!N#!encrypt#!1#!N#!encrypt#!1#!N#!encrypt#!1#!N#!encrypt#!1#!N#!encrypt#!1#!N#!encrypt#!1#!N#!encrypt#!1#!N#!encrypt#!1#!N#!encrypt#!1#!N#!encrypt#!1#!N#!encrypt#!1#!N#!encrypt#!1#!N#!encrypt#!46#!N%&Ra|%ggx8pIux>`-#]{57$0S$t>4grN%T&wV%ggx8pIy#!encrypt#!1#!
#!encrypt#!8#!>Af~2=A5#!encrypt#!1#!N#!encrypt#!1#!N#!encrypt#!1#!N#!encrypt#!1#!N#!encrypt#!1#!N#!encrypt#!1#!N#!encrypt#!1#!N#!encrypt#!1#!N#!encrypt#!1#!N#!encrypt#!1#!N#!encrypt#!1#!N#!encrypt#!1#!N#!encrypt#!1#!N#!encrypt#!1#!N#!encrypt#!1#!N#!encrypt#!1#!N#!encrypt#!1#!N#!encrypt#!1#!N#!encrypt#!1#!N#!encrypt#!1#!N#!encrypt#!1#!N#!encrypt#!1#!N#!encrypt#!1#!N#!encrypt#!1#!N#!encrypt#!1#!N#!encrypt#!46#!N%&Ra0%ggx8pIux>`-#]{57$0S$t>4grN%T&wV%ggx8pIy#!encrypt#!1#!
#!encrypt#!11#!>Af~2=6F^j=#!encrypt#!1#!N#!encrypt#!1#!N#!encrypt#!1#!N#!encrypt#!1#!N#!encrypt#!1#!N#!encrypt#!1#!N#!encrypt#!1#!N#!encrypt#!1#!N#!encrypt#!1#!N#!encrypt#!1#!N#!encrypt#!1#!N#!encrypt#!1#!N#!encrypt#!1#!N#!encrypt#!1#!N#!encrypt#!1#!N#!encrypt#!1#!N#!encrypt#!1#!N#!encrypt#!1#!N#!encrypt#!1#!N#!encrypt#!1#!N#!encrypt#!1#!N#!encrypt#!1#!N#!encrypt#!46#!N%&Rae%ggx8pIux>`-#]{57$0S$t>4grN%T&wV%ggx8pIy#!encrypt#!1#!
#!encrypt#!11#!?Af~2=6F^j=#!encrypt#!1#!N#!encrypt#!1#!N#!encrypt#!1#!N#!encrypt#!1#!N#!encrypt#!1#!N#!encrypt#!1#!N#!encrypt#!1#!N#!encrypt#!1#!N#!encrypt#!1#!N#!encrypt#!1#!N#!encrypt#!1#!N#!encrypt#!1#!N#!encrypt#!1#!N#!encrypt#!1#!N#!encrypt#!1#!N#!encrypt#!1#!N#!encrypt#!1#!N#!encrypt#!1#!N#!encrypt#!1#!N#!encrypt#!1#!N#!encrypt#!1#!N#!encrypt#!1#!N#!encrypt#!46#!N%&RaX%ggx8pIux>`-#]{57$0S$t>4grN%T&wV%ggx8pIy#!encrypt#!1#!
#!encrypt#!7#! a&.(K?#!encrypt#!1#!N#!encrypt#!1#!N#!encrypt#!1#!N#!encrypt#!1#!N#!encrypt#!1#!N#!encrypt#!1#!N#!encrypt#!1#!N#!encrypt#!1#!N#!encrypt#!1#!N#!encrypt#!1#!N#!encrypt#!1#!N#!encrypt#!1#!N#!encrypt#!1#!N#!encrypt#!1#!N#!encrypt#!1#!N#!encrypt#!1#!N#!encrypt#!1#!N#!encrypt#!1#!N#!encrypt#!1#!N#!encrypt#!1#!N#!encrypt#!1#!N#!encrypt#!1#!N#!encrypt#!1#!N#!encrypt#!1#!N#!encrypt#!1#!N#!encrypt#!1#!N#!encrypt#!46#!N%&RmI%ggx8pIux>`-#]{57$0S$t>4grN%T&wV%ggx8pIy#!encrypt#!1#!
#!encrypt#!8#!FlERq"A5#!encrypt#!1#!N#!encrypt#!1#!N#!encrypt#!1#!N#!encrypt#!1#!N#!encrypt#!1#!N#!encrypt#!1#!N#!encrypt#!1#!N#!encrypt#!1#!N#!encrypt#!1#!N#!encrypt#!1#!N#!encrypt#!1#!N#!encrypt#!1#!N#!encrypt#!1#!N#!encrypt#!1#!N#!encrypt#!1#!N#!encrypt#!1#!N#!encrypt#!1#!N#!encrypt#!1#!N#!encrypt#!1#!N#!encrypt#!1#!N#!encrypt#!1#!N#!encrypt#!1#!N#!encrypt#!1#!N#!encrypt#!1#!N#!encrypt#!1#!N#!encrypt#!46#!N%&RNC%ggx8pIum~`-#]{57$;~$t>4grNIO7wV%ggx847{#!encrypt#!1#!
#!encrypt#!8#!FlEnq"A5#!encrypt#!1#!N#!encrypt#!1#!N#!encrypt#!1#!N#!encrypt#!1#!N#!encrypt#!1#!N#!encrypt#!1#!N#!encrypt#!1#!N#!encrypt#!1#!N#!encrypt#!1#!N#!encrypt#!1#!N#!encrypt#!1#!N#!encrypt#!1#!N#!encrypt#!1#!N#!encrypt#!1#!N#!encrypt#!1#!N#!encrypt#!1#!N#!encrypt#!1#!N#!encrypt#!1#!N#!encrypt#!1#!N#!encrypt#!1#!N#!encrypt#!1#!N#!encrypt#!1#!N#!encrypt#!1#!N#!encrypt#!1#!N#!encrypt#!1#!N#!encrypt#!46#!N%&RN0%ggx8pIux>`-#]{57$0S$t>4grN%T&wV%ggx8pIy#!encrypt#!1#!
#!encrypt#!8#!FlEOq"A5#!encrypt#!1#!N#!encrypt#!1#!N#!encrypt#!1#!N#!encrypt#!1#!N#!encrypt#!1#!N#!encrypt#!1#!N#!encrypt#!1#!N#!encrypt#!1#!N#!encrypt#!1#!N#!encrypt#!1#!N#!encrypt#!1#!N#!encrypt#!1#!N#!encrypt#!1#!N#!encrypt#!1#!N#!encrypt#!1#!N#!encrypt#!1#!N#!encrypt#!1#!N#!encrypt#!1#!N#!encrypt#!1#!N#!encrypt#!1#!N#!encrypt#!1#!N#!encrypt#!1#!N#!encrypt#!1#!N#!encrypt#!1#!N#!encrypt#!1#!N#!encrypt#!46#!N%&RNm%ggx8pIux>`-#]{57$0S$t>4grN%T&wV%ggx8pIy#!encrypt#!1#!
#!encrypt#!8#!FlE7q"A5#!encrypt#!1#!N#!encrypt#!1#!N#!encrypt#!1#!N#!encrypt#!1#!N#!encrypt#!1#!N#!encrypt#!1#!N#!encrypt#!1#!N#!encrypt#!1#!N#!encrypt#!1#!N#!encrypt#!1#!N#!encrypt#!1#!N#!encrypt#!1#!N#!encrypt#!1#!N#!encrypt#!1#!N#!encrypt#!1#!N#!encrypt#!1#!N#!encrypt#!1#!N#!encrypt#!1#!N#!encrypt#!1#!N#!encrypt#!1#!N#!encrypt#!1#!N#!encrypt#!1#!N#!encrypt#!1#!N#!encrypt#!1#!N#!encrypt#!1#!N#!encrypt#!46#!N%&RN`%ggx8pIux>`-#]{57$0S$t>4grN%T&wV%ggx8pIy#!encrypt#!1#!
#!encrypt#!8#!FlE?q"A5#!encrypt#!1#!N#!encrypt#!1#!N#!encrypt#!1#!N#!encrypt#!1#!N#!encrypt#!1#!N#!encrypt#!1#!N#!encrypt#!1#!N#!encrypt#!1#!N#!encrypt#!1#!N#!encrypt#!1#!N#!encrypt#!1#!N#!encrypt#!1#!N#!encrypt#!1#!N#!encrypt#!1#!N#!encrypt#!1#!N#!encrypt#!1#!N#!encrypt#!1#!N#!encrypt#!1#!N#!encrypt#!1#!N#!encrypt#!1#!N#!encrypt#!1#!N#!encrypt#!1#!N#!encrypt#!1#!N#!encrypt#!1#!N#!encrypt#!1#!N#!encrypt#!46#!N%&RNI%ggx8pIux>`-#]{57$0S$t>4grN%T&wV%ggx8pIy#!encrypt#!1#!
#!encrypt#!9#!?Af~2=M#_#!encrypt#!1#!N#!encrypt#!1#!N#!encrypt#!1#!N#!encrypt#!1#!N#!encrypt#!1#!N#!encrypt#!1#!N#!encrypt#!1#!N#!encrypt#!1#!N#!encrypt#!1#!N#!encrypt#!1#!N#!encrypt#!1#!N#!encrypt#!1#!N#!encrypt#!1#!N#!encrypt#!1#!N#!encrypt#!1#!N#!encrypt#!1#!N#!encrypt#!1#!N#!encrypt#!1#!N#!encrypt#!1#!N#!encrypt#!1#!N#!encrypt#!1#!N#!encrypt#!1#!N#!encrypt#!1#!N#!encrypt#!1#!N#!encrypt#!46#!N%&RLe%ggx8pIux>`-#]{57$0S$t>4grN%T&wV%ggx8pIy#!encrypt#!1#!
#!encrypt#!9#!>Af~2=M#_#!encrypt#!1#!N#!encrypt#!1#!N#!encrypt#!1#!N#!encrypt#!1#!N#!encrypt#!1#!N#!encrypt#!1#!N#!encrypt#!1#!N#!encrypt#!1#!N#!encrypt#!1#!N#!encrypt#!1#!N#!encrypt#!1#!N#!encrypt#!1#!N#!encrypt#!1#!N#!encrypt#!1#!N#!encrypt#!1#!N#!encrypt#!1#!N#!encrypt#!1#!N#!encrypt#!1#!N#!encrypt#!1#!N#!encrypt#!1#!N#!encrypt#!1#!N#!encrypt#!1#!N#!encrypt#!1#!N#!encrypt#!1#!N#!encrypt#!46#!N%&RL`%ggx8pIux>`-#]{57$0S$t>4grN%T&wV%ggx8pIy#!encrypt#!1#!
#!encrypt#!8#!FlERqZ(o#!encrypt#!1#!N#!encrypt#!1#!N#!encrypt#!1#!N#!encrypt#!1#!N#!encrypt#!1#!N#!encrypt#!1#!N#!encrypt#!1#!N#!encrypt#!1#!N#!encrypt#!1#!N#!encrypt#!1#!N#!encrypt#!1#!N#!encrypt#!1#!N#!encrypt#!1#!N#!encrypt#!1#!N#!encrypt#!1#!N#!encrypt#!1#!N#!encrypt#!1#!N#!encrypt#!1#!N#!encrypt#!1#!N#!encrypt#!1#!N#!encrypt#!1#!N#!encrypt#!1#!N#!encrypt#!1#!N#!encrypt#!1#!N#!encrypt#!1#!N#!encrypt#!46#!N%&nQm%ggx8pIux>`-#]{57$0S$t>4grN%T&wV%ggx8pIy#!encrypt#!1#!
#!encrypt#!8#!FlEnqZ(o#!encrypt#!1#!N#!encrypt#!1#!N#!encrypt#!1#!N#!encrypt#!1#!N#!encrypt#!1#!N#!encrypt#!1#!N#!encrypt#!1#!N#!encrypt#!1#!N#!encrypt#!1#!N#!encrypt#!1#!N#!encrypt#!1#!N#!encrypt#!1#!N#!encrypt#!1#!N#!encrypt#!1#!N#!encrypt#!1#!N#!encrypt#!1#!N#!encrypt#!1#!N#!encrypt#!1#!N#!encrypt#!1#!N#!encrypt#!1#!N#!encrypt#!1#!N#!encrypt#!1#!N#!encrypt#!1#!N#!encrypt#!1#!N#!encrypt#!1#!N#!encrypt#!46#!N%&nQn%ggx8pIux>`-#]{57$0S$t>4grN%T&wV%ggx8pIy#!encrypt#!1#!
#!encrypt#!8#!FlEOqZ(o#!encrypt#!1#!N#!encrypt#!1#!N#!encrypt#!1#!N#!encrypt#!1#!N#!encrypt#!1#!N#!encrypt#!1#!N#!encrypt#!1#!N#!encrypt#!1#!N#!encrypt#!1#!N#!encrypt#!1#!N#!encrypt#!1#!N#!encrypt#!1#!N#!encrypt#!1#!N#!encrypt#!1#!N#!encrypt#!1#!N#!encrypt#!1#!N#!encrypt#!1#!N#!encrypt#!1#!N#!encrypt#!1#!N#!encrypt#!1#!N#!encrypt#!1#!N#!encrypt#!1#!N#!encrypt#!1#!N#!encrypt#!1#!N#!encrypt#!1#!N#!encrypt#!46#!N%&nQ`%ggx8pIux>`-#]{57$0S$t>4grN%T&wV%ggx8pIy#!encrypt#!1#!
#!encrypt#!8#!FlE7qZ(o#!encrypt#!1#!N#!encrypt#!1#!N#!encrypt#!1#!N#!encrypt#!1#!N#!encrypt#!1#!N#!encrypt#!1#!N#!encrypt#!1#!N#!encrypt#!1#!N#!encrypt#!1#!N#!encrypt#!1#!N#!encrypt#!1#!N#!encrypt#!1#!N#!encrypt#!1#!N#!encrypt#!1#!N#!encrypt#!1#!N#!encrypt#!1#!N#!encrypt#!1#!N#!encrypt#!1#!N#!encrypt#!1#!N#!encrypt#!1#!N#!encrypt#!1#!N#!encrypt#!1#!N#!encrypt#!1#!N#!encrypt#!1#!N#!encrypt#!1#!N#!encrypt#!46#!N%&nQX%ggx8pIux>`-#]{57$0S$t>4grN%T&wV%ggx8pIy#!encrypt#!1#!
#!encrypt#!8#!FlE?qZ(o#!encrypt#!1#!N#!encrypt#!1#!N#!encrypt#!1#!N#!encrypt#!1#!N#!encrypt#!1#!N#!encrypt#!1#!N#!encrypt#!1#!N#!encrypt#!1#!N#!encrypt#!1#!N#!encrypt#!1#!N#!encrypt#!1#!N#!encrypt#!1#!N#!encrypt#!1#!N#!encrypt#!1#!N#!encrypt#!1#!N#!encrypt#!1#!N#!encrypt#!1#!N#!encrypt#!1#!N#!encrypt#!1#!N#!encrypt#!1#!N#!encrypt#!1#!N#!encrypt#!1#!N#!encrypt#!1#!N#!encrypt#!1#!N#!encrypt#!1#!N#!encrypt#!46#!N%&nQI%ggx8pIux>`-#]{57$0S$t>4grN%T&wV%ggx8pIy#!encrypt#!1#!
#!encrypt#!77#!'+^-1s8A6F~]\&FY(4Xp6lxGf-Ggk@%>'+^-1s8A6F~]\&FY(4Xp6lxGf-Ggk@%>'+^-1s8A6F~]
#!encrypt#!75#!~aH]8Vol]!T+`yw>HPy]{oHx:t/V,[1c,dKiwp(%ZcbuIi~@mg_+?YgL~w/V{3gr>l40nuhQ?y
#!encrypt#!1#!
#!encrypt#!107#!
xM"(Po:P.Ep|<%/W^g_T5>Av1Osl4}(,
_Zn;^^D!LZY3<L&!d:LC&{ct:REUm#-T_Zn;^^D!LZY3<L&!d:LC&{ct:REUm#-T_Zn;^^D!
#!encrypt#!75#!~aH]8Vol]!T+`yw>HPy]{oHx:t/V,[1c,dKiwp(%ZcbuI-m@_c_ZpYgy~w/V{3gr>l40nuhQ?y
#!encrypt#!1#!
#!encrypt#!105#!
$mp2L"#_:8Hp#h3VCmv3}GA=nwt=b}
-T_Zn;^^D!LZY3<L&!d:LC&{ct:REUm#-T_Zn;^^D!LZY3<L&!d:LC&{ct:REUm#-T_Zn;^^
#!encrypt#!75#!~aH]8Vol]!T+`yw>HPy]{oHx:t/V,[1c,dKiwp(%ZcbuI-m@_c_ZpYgy~c)V{Rgr>l40nuhQ?y
#!encrypt#!1#!
#!encrypt#!91#!
~f$p^%H1n,|TuV@H
d:LC&{ct:REUm#-T_Zn;^^D!LZY3<L&!d:LC&{ct:REUm#-T_Zn;^^D!LZY3<L&!d:LC&{ct
#!encrypt#!19#!N%Ti<K!Ig!8w~uz&C\
#!encrypt#!76#!N%Tip^?\=p?#I#'E9^#LF[wv0T?">Ug:P%3!eV^g: >pLvY3&-L3?#7_#W$R>3YAN-}zw;%]:DT
#!encrypt#!1#!
#!encrypt#!17#!N%Ti$PMgDx2AI5'.
#!encrypt#!73#!N%Tip^?\=p?#I#'E9^#EVJN${)ZtE4>ANp:zw;%vOx 3+u<3#cLr{xf'0t$${qg3@tTZw`>B
#!encrypt#!1#!
#!encrypt#!27#!N%TiZ2(yd#GhI3x!d-cq&w4`hd
#!encrypt#!80#!N%Tip^?\=p?#I#'E9^#!f44N AtN>Ct:NTT!WVIs9xLp2{=3=5;]L50lVQ$ gug#NYK)w)QLg!847*p
#!encrypt#!1#!
#!encrypt#!25#!N%Ti(\6eUXYpYun^`ni"T:[;
#!encrypt#!79#!N%Tip^?\=p?#I#'E9^#^vw|`hdytTA>r-%:)w1YLg!84hHxbe1#:{]gy]^-e94mrx;!i5opgDx5Iai
#!encrypt#!1#!
#!encrypt#!19#!N%TiZdB%g!8w~uX:N?
#!encrypt#!74#!N%Tip^?\=p?#I#'E9^#!KHYv0T?">Ug:P%3!eV^g,,8\HMxL`W?tb5} @^:tV%)rS( inVJ$?
#!encrypt#!1#!
#!encrypt#!19#!N%Ti(dB%g!8w~uL:N?
#!encrypt#!74#!N%Tip^?\=p?#I#'E9^#^KHYv0T?">Ug:P%3!eV^g0,8\HMxL`W)lb5} @^:t'K)rS( inVJve
#!encrypt#!1#!
#!encrypt#!17#!N%TiZ"ogDx2AI[Ll
#!encrypt#!72#!N%Tip^?\=p?#I#'E9^#!DuN${)ZtE4>ANp:zw;%]Ox 3+u<3#EDr{xf'0t$*o4Sg6%_iLnK
#!encrypt#!1#!
#!encrypt#!23#!N%Ti2Ko@_v8ZI0O3\XgT;p
#!encrypt#!78#!N%Tip^?\=p?#I#'E9^#"Fu/;IQ$v5~g#N@!itipgDxsa5u@4x-d] t=v0ER.>Ug49|TaGJ%^g8Ti`
#!encrypt#!1#!
#!encrypt#!23#!N%Ti2KhfP.8ZI0O3\X<{Fn
#!encrypt#!80#!N%Tip^?\=p?#I#'E9^#"FpQA=Q$v5~g#N@!itipgDx5a5u@4x-d],kgy]^-e94mr0EI)w)QLg!8Ihy~
#!encrypt#!1#!
#!encrypt#!19#!N%Ti&wG5g!8w~uGl!.
#!encrypt#!75#!N%Tip^?\=p?#I#'E9^#<^D2v0T?">Ug:P%3!eV^g?,8\HMxL`N?tb5} @^:t'3)rS( inVd]0$
#!encrypt#!1#!
#!encrypt#!25#!N%Ti&^*]UXYpYun^`?mE,:[;
#!encrypt#!82#!N%Tip^?\=p?#I#'E9^#<&;k`hdytTA>r-%:)w1YLg!842y=3=5;]L5kl;\yt Qdr-%8nN$%77>8ZITpJO
#!encrypt#!1#!
#!encrypt#!17#!N%Ti/KngDx2AI|Um
#!encrypt#!73#!N%Tip^?\=p?#I#'E9^#6F}N${)ZtE4>ANp:zw;%vOx 3+u<3OPDr{xf'0t$${qg3@tTZwXPW
#!encrypt#!1#!
#!encrypt#!25#!N%Ti&^*<UXYpYun^`?mEp:[;
#!encrypt#!80#!N%Tip^?\=p?#I#'E9^#<&;h`hdytTA>r-%:)w1YLg!8I/Hxbe1#:{kUU]^-e94mrpYI)w)QLg!847yS
#!encrypt#!1#!
#!encrypt#!27#!N%Ti&^*]UwGhI3x!d-~eNpQ6hd
#!encrypt#!80#!N%Tip^?\=p?#I#'E9^#<&;k`?AtN>Ct:NTT!WVIs9xLp4T=3=5;]L5kL\Q$ gug#NIKcWV&!9xLpwTp
#!encrypt#!1#!
#!encrypt#!75#!~aH]8Vol]!T+`yw>HPy]{oHx:t/V,[1c,dKiwp(%ZcbuI-m@_c_ZpYgy~c)V{Rgr>l40nuhQ?y
#!encrypt#!1#!
#!encrypt#!75#!~aH]8Vol]!T+`yw>HPy]{oHx:t/V,[1c,dKiwp(%ZcbuI-m@_c_ZpYgy~clV{[gr>l40nuhQ?y
#!encrypt#!1#!
#!encrypt#!170#!
`VA^tq`vPXk%er;*f-k0XE^u>I44*yW"`VA^tq`vPXk%er;*f-k0XE^u>I44*yW"`VA^tq`v
+,pC:*9-o^&oI1h_tY>b}(
`VA^tq`vPXk%er;*f-k0XE^u>I44*yW"`VA^tq`vPXk%er;*f-k0XE^u>I44*yW"`VA^tq`v
#!encrypt#!25#!

M*OZn:P\Yp>E.s,p#Zep=l
#!encrypt#!4#!N%Ti#!encrypt#!19#!bJy*q^W:%.?O6|ZaQnL#!encrypt#!3#!NTT#!encrypt#!6#!@'=qe4#!encrypt#!1#!
#!encrypt#!73#!-T_Zn;^^D!LZY3<L&!d:LC&{ct:REUm#-T_Zn;^^D!LZY3<L&!d:LC&{ct:REUm#-T_Zn;^^
#!encrypt#!92#!N%Tip^?\=p?#I#'E9^#bAVG`24qK"&-bWB="(u;gYW"pYug1`<uc{C7-PQ$B$ug#NGI?WVI!9xLph4S1`Iwc{C776wE
#!encrypt#!75#!~aH]8Vol]!T+`yw>HPy]{oHx:t/V,R1c,d&iwp(%ZcbuI-m@_c_ZpYgy~w/V< gr>l40nuhQ?y
#!encrypt#!1#!
#!encrypt#!25#!

M*OZn:P\Yp>E.s,p#+ep=l
#!encrypt#!4#!N%Ti#!encrypt#!3#! a&#!encrypt#!3#!NTT#!encrypt#!2#!k1#!encrypt#!8#!NPyRq"A5#!encrypt#!7#!NPyRqK?#!encrypt#!1#!
#!encrypt#!73#!-T_Zn;^^D!LZY3<L&!d:LC&{ct:REUm#-T_Zn;^^D!LZY3<L&!d:LC&{ct:REUm#-T_Zn;^^
#!encrypt#!77#!N%Tip^?\=p?#I#'E9^#"FpN${)ZtE4>ANp:zw;%<,,8\HMxL`PLl?#7_#W$R>#qVP%DqeV^gW$T 
#!encrypt#!75#!~aH]8Vol]!T+`yw>HPy]{oHx:t/V,[1c,d&iwp(%ZcbuI-m@_c_ZpYgy~clV{[gr>l40nuhQ?y
#!encrypt#!1#!
#!encrypt#!25#!N%Ti<^6\+j81{o%/`uzZrJ[;
#!encrypt#!24#!N%Ti<^6\+j81{o%/`uzZrV2
#!encrypt#!25#!

M*OZn:P\Yp>E.s,p##ep=l
#!encrypt#!4#!N%Ti#!encrypt#!18#!>3f;qZ(oPJ?J}`L]\|#!encrypt#!3#!NTT#!encrypt#!16#!)(>q64%AP.?#}c\*#!encrypt#!8#!N{M~x=A5#!encrypt#!9#!N{M~x=+\t#!encrypt#!1#!
#!encrypt#!73#!-T_Zn;^^D!LZY3<L&!d:LC&{ct:REUm#-T_Zn;^^D!LZY3<L&!d:LC&{ct:REUm#-T_Zn;^^
#!encrypt#!83#!N%Tip^?\=p?#I#'E9^#^R4X`sRw:_&G@u{M~x$%Yi48ZIv=3%5;]L5=v0lZ.>UgcP%3qeV^g(,8\rMxL`b
#!encrypt#!75#!~aH]8Vol]!T+`yw>HPy]{oHx:t/V,[1c,d&iwp(%ZcbuI-m@_c_ZpYgy~clV{[gr>l40nuhQ?y
#!encrypt#!1#!
#!encrypt#!26#!N%Ti<^6\+j81{o%/`ni"T:~e(
#!encrypt#!25#!

M*OZn:P\Yp>E.s,p#tep=l
#!encrypt#!4#!N%Ti#!encrypt#!18#!>3f;qZ(oPJ?J}`# l?#!encrypt#!3#!NTT#!encrypt#!3#!{t|#!encrypt#!19#!N{e]Y=+\tX;ezEK.!uE#!encrypt#!4#!NPyR#!encrypt#!1#!
#!encrypt#!73#!-T_Zn;^^D!LZY3<L&!d:LC&{ct:REUm#-T_Zn;^^D!LZY3<L&!d:LC&{ct:REUm#-T_Zn;^^
#!encrypt#!83#!N%Tip^?\=p?#I#'E9^#^R4X`sRw:_&G@u#f$&$%Yi48ZIv=3%5;]L5=v0lZ.>UgcP%3qeV^g(,8\rMxL`b
#!encrypt#!75#!~aH]8Vol]!T+`yw>HPy]{oHx:t/V,[1c,d&iwp(%ZcbuI-m@_c_ZpYgy~clV{[gr>l40nuhQ?y
#!encrypt#!1#!
#!encrypt#!25#!

M*OZn:P\Yp>E.s,p#-ep=l
#!encrypt#!4#!N%Ti#!encrypt#!8#!FlEOqP6y#!encrypt#!3#!NTT#!encrypt#!2#!k1#!encrypt#!9#!NQffm=M#_#!encrypt#!8#!NQffm=A5#!encrypt#!1#!
#!encrypt#!73#!-T_Zn;^^D!LZY3<L&!d:LC&{ct:REUm#-T_Zn;^^D!LZY3<L&!d:LC&{ct:REUm#-T_Zn;^^
#!encrypt#!73#!N%Tip^?\=p?#I#'E9^#<&;0`G%bN>Ct:NTT!WVIs9xLp`Hxbe1#:{7N$FL0tE4YAN-}zw;%W
#!encrypt#!75#!~aH]8Vol]!T+`yw>HPy]{oHx:t/V,[1c,d&iwp(%ZcbuI-m@_c_ZpYgy~clV{[gr>l40nuhQ?y
#!encrypt#!1#!
#!encrypt#!26#!N%Ti<^6\+j81{o%/`?mE#:GA=
#!encrypt#!25#!N%Ti<^6\+j81{o%/`?mE#:[;
#!encrypt#!25#!

M*OZn:P\Yp>E.s,p#lep=l
#!encrypt#!4#!N%Ti#!encrypt#!4#!FlEO#!encrypt#!3#!NTT#!encrypt#!3#!68=#!encrypt#!9#!NQffm=nyd#!encrypt#!9#!NQffm=+\t#!encrypt#!1#!
#!encrypt#!73#!-T_Zn;^^D!LZY3<L&!d:LC&{ct:REUm#-T_Zn;^^D!LZY3<L&!d:LC&{ct:REUm#-T_Zn;^^
#!encrypt#!69#!N%Tip^?\=p?#I#'E9^#<&;0v0T?">Ug:P%3!eV^g(,8\HMxL`bN]t_ $c^/N>7nHNTT&
#!encrypt#!75#!~aH]8Vol]!T+`yw>HPy]{oHx:t/V,[1c,d&iwp(%ZcbuI-m@_c_ZpYgy~clV{[gr>l40nuhQ?y
#!encrypt#!1#!
#!encrypt#!26#!N%Ti<^6\+j81{o%/`?mE#:IN:
#!encrypt#!25#!

M*OZn:P\Yp>E.s,p#1ep=l
#!encrypt#!4#!N%Ti#!encrypt#!12#!4<Ef`}_ldp?##!encrypt#!3#!NTT#!encrypt#!3#!{t|#!encrypt#!5#!Nc4*&#!encrypt#!5#!NQffm#!encrypt#!1#!
#!encrypt#!73#!-T_Zn;^^D!LZY3<L&!d:LC&{ct:REUm#-T_Zn;^^D!LZY3<L&!d:LC&{ct:REUm#-T_Zn;^^
#!encrypt#!77#!N%Tip^?\=p?#I#'E9^#=v;n!ZP#hz&*ANFx!w;%sOxo3+u<3j&#S8P7{0Syt Qdr-%K)w)QLg!8 
#!encrypt#!75#!~aH]8Vol]!T+`yw>HPy]{oHx:t/V,[1c,d&iwp(%ZcbuI-m@_c_ZpYgy~clV{[gr>l40nuhQ?y
#!encrypt#!1#!
#!encrypt#!25#!

M*OZn:P\Yp>E.s,p#3ep=l
#!encrypt#!4#!N%Ti#!encrypt#!8#!FlE7qP6y#!encrypt#!3#!NTT#!encrypt#!2#!k1#!encrypt#!9#!NQffN=M#_#!encrypt#!8#!NQffN=A5#!encrypt#!1#!
#!encrypt#!73#!-T_Zn;^^D!LZY3<L&!d:LC&{ct:REUm#-T_Zn;^^D!LZY3<L&!d:LC&{ct:REUm#-T_Zn;^^
#!encrypt#!73#!N%Tip^?\=p?#I#'E9^#<&;6`G%bN>Ct:NTT!WVIs9xLp`Hxbe1#:{7N$FL0tE4YAN-}zw;%W
#!encrypt#!75#!~aH]8Vol]!T+`yw>HPy]{oHx:t/V,[1c,d&iwp(%ZcbuI-m@_c_ZpYgy~clV{[gr>l40nuhQ?y
#!encrypt#!1#!
#!encrypt#!26#!N%Ti<^6\+j81{o%/`?mEc:GA=
#!encrypt#!25#!N%Ti<^6\+j81{o%/`?mEc:[;
#!encrypt#!25#!

M*OZn:P\Yp>E.s,p#%ep=l
#!encrypt#!4#!N%Ti#!encrypt#!4#!FlE7#!encrypt#!3#!NTT#!encrypt#!3#!68=#!encrypt#!9#!NQffN=nyd#!encrypt#!9#!NQffN=+\t#!encrypt#!1#!
#!encrypt#!73#!-T_Zn;^^D!LZY3<L&!d:LC&{ct:REUm#-T_Zn;^^D!LZY3<L&!d:LC&{ct:REUm#-T_Zn;^^
#!encrypt#!69#!N%Tip^?\=p?#I#'E9^#<&;6v0T?">Ug:P%3!eV^g(,8\HMxL`bN]t_ $c^/N>7nHNTT&
#!encrypt#!75#!~aH]8Vol]!T+`yw>HPy]{oHx:t/V,[1c,d&iwp(%ZcbuI-m@_c_ZpYgy~clV{[gr>l40nuhQ?y
#!encrypt#!1#!
#!encrypt#!26#!N%Ti<^6\+j81{o%/`?mEc:IN:
#!encrypt#!26#!

M*OZn:P\Yp>E.s,p#Z?"kyA
#!encrypt#!4#!N%Ti#!encrypt#!9#!7<h.(/n:%#!encrypt#!3#!NTT#!encrypt#!3#!{t|#!encrypt#!5#!Nc4*&#!encrypt#!5#!NQffN#!encrypt#!1#!
#!encrypt#!73#!-T_Zn;^^D!LZY3<L&!d:LC&{ct:REUm#-T_Zn;^^D!LZY3<L&!d:LC&{ct:REUm#-T_Zn;^^
#!encrypt#!74#!N%Tip^?\=p?#I#'E9^#EvJQ6:kqKo4+'%%_iS$%'#>8ZIy=3=5;]L5=v0ER.>UgcP%DqeV^g(
#!encrypt#!75#!~aH]8Vol]!T+`yw>HPy]{oHx:t/V,[1c,d&iwp(%ZcbuI-m@_c_ZpYgy~clV{[gr>l40nuhQ?y
#!encrypt#!1#!
#!encrypt#!26#!

M*OZn:P\Yp>E.s,p#Z,"kyA
#!encrypt#!4#!N%Ti#!encrypt#!5#!?Af~2#!encrypt#!3#!NTT#!encrypt#!2#!k1#!encrypt#!10#!No<]2/_lP.#!encrypt#!9#!No<]2/_#_#!encrypt#!1#!
#!encrypt#!73#!-T_Zn;^^D!LZY3<L&!d:LC&{ct:REUm#-T_Zn;^^D!LZY3<L&!d:LC&{ct:REUm#-T_Zn;^^
#!encrypt#!77#!N%Tip^?\=p?#I#'E9^#!f44N]^^@$4mr%|TtSJ%^gv#[ISgr`!##a7N$FL0tE4zcP%DqeV^g:yC%
#!encrypt#!75#!~aH]8Vol]!T+`yw>HPy]{oHx:t/V,[1c,d&iwp(%ZcbuI-m@_c_ZpYgy~clV{[gr>l40nuhQ?y
#!encrypt#!1#!
#!encrypt#!27#!N%Ti<^6\+j81{o%/`.Je3wQ6hd
#!encrypt#!26#!N%Ti<^6\+j81{o%/`.Je3wQA=
#!encrypt#!26#!

M*OZn:P\Yp>E.s,p#Zp"kyA
#!encrypt#!4#!N%Ti#!encrypt#!9#!>)y+7=nyd#!encrypt#!3#!NTT#!encrypt#!3#!{t|#!encrypt#!5#!N)y+7#!encrypt#!6#!No<]2/#!encrypt#!1#!
#!encrypt#!73#!-T_Zn;^^D!LZY3<L&!d:LC&{ct:REUm#-T_Zn;^^D!LZY3<L&!d:LC&{ct:REUm#-T_Zn;^^
#!encrypt#!79#!N%Tip^?\=p?#I#'E9^#^UVwu kbho4+'%%_iS$%'#>8ZI*=3=5;]L5kLVQ$ gug#NfK)w)QLg!8Ihy
#!encrypt#!75#!~aH]8Vol]!T+`yw>HPB]{oHx:t/V,[1c,dtiwp(%ZcbuI-m@_c_ZpYgy~w/V{3gr>l40nuhQ?y
#!encrypt#!1#!
#!encrypt#!26#!

M*OZn:P\Yp>E.s,p#Z#"kyA
#!encrypt#!4#!N%Ti#!encrypt#!5#!>)y+7#!encrypt#!3#!NTT#!encrypt#!3#!68=#!encrypt#!10#!N{Y_7?_Fd_#!encrypt#!9#!N)y+7=+\t#!encrypt#!1#!
#!encrypt#!73#!-T_Zn;^^D!LZY3<L&!d:LC&{ct:REUm#-T_Zn;^^D!LZY3<L&!d:LC&{ct:REUm#-T_Zn;^^
#!encrypt#!75#!N%Tip^?\=p?#I#'E9^#^UVwu]^^@$4mr%|TtSJ%^gT>pLvY3&-<t?#7_#W$R>RYAN-}zw;%}? 
#!encrypt#!75#!~aH]8Vol]!T+`yw>HPB]{oHx:t/V,[1c,dtiwp(%ZcbuI-m@_c_ZpYgy~clV{[gr>l40nuhQ?y
#!encrypt#!1#!
#!encrypt#!27#!N%Ti<^6\+j81{o%/`nj4h[Qx:%
#!encrypt#!26#!

M*OZn:P\Yp>E.s,p#Zc"kyA
#!encrypt#!4#!N%Ti#!encrypt#!4#!><-g#!encrypt#!3#!NTT#!encrypt#!3#!68=#!encrypt#!8#!N{M~x=A5#!encrypt#!19#!N{e]Y=+\tX;ezEK.!uE#!encrypt#!1#!
#!encrypt#!73#!-T_Zn;^^D!LZY3<L&!d:LC&{ct:REUm#-T_Zn;^^D!LZY3<L&!d:LC&{ct:REUm#-T_Zn;^^
#!encrypt#!76#!N%Tip^?\=p?#I#'E9^#^vw|v0T?">Ug:P%3!eV^g:$>pLvY3&-|l?#7_#W$R>KYAN-}zw;%<W15
#!encrypt#!75#!~aH]8Vol]!T+`yw>HPB]{oHx:t/V,[1c,dtiwp(%ZcbuI-m@_c_ZpYgy~clV{[gr>l40nuhQ?y
#!encrypt#!1#!
#!encrypt#!25#!N%Ti<^6\+j81{o%/`ni"T:[;
#!encrypt#!26#!

M*OZn:P\Yp>E.s,p#Z>"kyA
#!encrypt#!4#!N%Ti#!encrypt#!4#!aOE]#!encrypt#!3#!NTT#!encrypt#!3#!{t|#!encrypt#!5#!N{M~x#!encrypt#!5#!N)y+7#!encrypt#!1#!
#!encrypt#!73#!-T_Zn;^^D!LZY3<L&!d:LC&{ct:REUm#-T_Zn;^^D!LZY3<L&!d:LC&{ct:REUm#-T_Zn;^^
#!encrypt#!76#!N%Tip^?\=p?#I#'E9^#iV;Hv0T?">Ug:P%3!eV^g: >pLvY3&-L3?#7_#W$R>3YAN-}zw;%]:DT
#!encrypt#!75#!~aH]8Vol]!T+`yw>HPB]{oHx:t/V,[1c,dtiwp(%ZcbuI-m@_c_ZpYgy~ccV<Kgr>l40nuhQ?y
#!encrypt#!1#!
#!encrypt#!26#!

M*OZn:P\Yp>E.s,p#Za"kyA
#!encrypt#!4#!N%Ti#!encrypt#!4#!>4ff#!encrypt#!3#!NTT#!encrypt#!3#!{t|#!encrypt#!5#!ND4fO#!encrypt#!6#!No<]2/#!encrypt#!1#!
#!encrypt#!73#!-T_Zn;^^D!LZY3<L&!d:LC&{ct:REUm#-T_Zn;^^D!LZY3<L&!d:LC&{ct:REUm#-T_Zn;^^
#!encrypt#!74#!N%Tip^?\=p?#I#'E9^#^h4nv0T?">Ug:P%3!eV^gW,8\HMxL`P?ub5} @^:t'[)rS( inVVO(
#!encrypt#!75#!~aH]8Vol]!T+`yw>HPB]{oHx:t/V,[1c,dtiwp(%ZcbuI-m@_c_ZpYgy~w/V{3gr>l40nuhQ?y
#!encrypt#!1#!
#!encrypt#!26#!

M*OZn:P\Yp>E.s,p#Z "kyA
#!encrypt#!4#!N%Ti#!encrypt#!12#!>VM\#w(3=pGh#!encrypt#!3#!NTT#!encrypt#!3#!68=#!encrypt#!6#!N{Y_7?#!encrypt#!5#!N{l]$#!encrypt#!1#!
#!encrypt#!73#!-T_Zn;^^D!LZY3<L&!d:LC&{ct:REUm#-T_Zn;^^D!LZY3<L&!d:LC&{ct:REUm#-T_Zn;^^
#!encrypt#!84#!N%Tip^?\=p?#I#'E9^#^'DMR5Raszg ANFx!w;%sOxo3+u<3#bN]uZ $c^l{,qgl@tTZweKjg?+/I3xJ#WD
#!encrypt#!75#!~aH]8Vol]!T+`yw>HPB]{oHx:t/V,[1c,dtiwp(%ZcbuI-m@_c_ZpYgy~ccV<Kgr>l40nuhQ?y
#!encrypt#!1#!
#!encrypt#!26#!

M*OZn:P\Yp>E.s,p#Z5"kyA
#!encrypt#!4#!N%Ti#!encrypt#!9#!?)y+7=nyd#!encrypt#!3#!NTT#!encrypt#!3#!68=#!encrypt#!5#!N)y+7#!encrypt#!6#!No<]2/#!encrypt#!1#!
#!encrypt#!73#!-T_Zn;^^D!LZY3<L&!d:LC&{ct:REUm#-T_Zn;^^D!LZY3<L&!d:LC&{ct:REUm#-T_Zn;^^
#!encrypt#!79#!N%Tip^?\=p?#I#'E9^#!UVwu kbho4+'%%_iS$%'#>8ZI*=3=5;]L5kLVQ$ gug#NfK)w)QLg!8Ihy
#!encrypt#!75#!~aH]8Vol]!T+`yw>HPB]{oHx:t/V,[1c,dtiwp(%ZcbuI-m@_c_ZpYgy~w/V{3gr>l40nuhQ?y
#!encrypt#!1#!
#!encrypt#!26#!

M*OZn:P\Yp>E.s,p#Z$"kyA
#!encrypt#!4#!N%Ti#!encrypt#!5#!?)y+7#!encrypt#!3#!NTT#!encrypt#!3#!68=#!encrypt#!10#!NoY_7?_Fd_#!encrypt#!9#!N)y+7=+\t#!encrypt#!1#!
#!encrypt#!73#!-T_Zn;^^D!LZY3<L&!d:LC&{ct:REUm#-T_Zn;^^D!LZY3<L&!d:LC&{ct:REUm#-T_Zn;^^
#!encrypt#!75#!N%Tip^?\=p?#I#'E9^#!UVwu]^^@$4mr%|TtSJ%^gT>pLvY3&-<t?#7_#W$R>RYAN-}zw;%}? 
#!encrypt#!75#!~aH]8Vol]!T+`yw>HPB]{oHx:t/V,[1c,dtiwp(%ZcbuI-m@_c_ZpYgy~clV{[gr>l40nuhQ?y
#!encrypt#!1#!
#!encrypt#!27#!N%Ti<^6\+j81{o%/`.j4h[Qx:%
#!encrypt#!26#!

M*OZn:P\Yp>E.s,p#+?"kyA
#!encrypt#!4#!N%Ti#!encrypt#!4#!?4ff#!encrypt#!3#!NTT#!encrypt#!3#!68=#!encrypt#!5#!ND4fO#!encrypt#!6#!No<]2/#!encrypt#!1#!
#!encrypt#!73#!-T_Zn;^^D!LZY3<L&!d:LC&{ct:REUm#-T_Zn;^^D!LZY3<L&!d:LC&{ct:REUm#-T_Zn;^^
#!encrypt#!74#!N%Tip^?\=p?#I#'E9^#!h4nv0T?">Ug:P%3!eV^gW,8\HMxL`P?ub5} @^:t'[)rS( inVVO(
#!encrypt#!75#!~aH]8Vol]!T+`yw>HPB]{oHx:t/V,[1c,dtiwp(%ZcbuI-m@_c_ZpYgy~w/V{3gr>l40nuhQ?y
#!encrypt#!1#!
#!encrypt#!26#!

M*OZn:P\Yp>E.s,p#+,"kyA
#!encrypt#!4#!N%Ti#!encrypt#!12#!?VM\#w(3=pGh#!encrypt#!3#!NTT#!encrypt#!3#!68=#!encrypt#!6#!NoY_7?#!encrypt#!5#!Nol]$#!encrypt#!1#!
#!encrypt#!73#!-T_Zn;^^D!LZY3<L&!d:LC&{ct:REUm#-T_Zn;^^D!LZY3<L&!d:LC&{ct:REUm#-T_Zn;^^
#!encrypt#!84#!N%Tip^?\=p?#I#'E9^#!'DMR5Raszg ANFx!w;%sOxo3+u<3#bN]uZ $c^l{,qgl@tTZweKjg?+/I3xJ#WD
#!encrypt#!75#!~aH]8Vol]!T+`yw>HPB]{oHx:t/V,[1c,dtiwp(%ZcbuI-m@_c_ZpYgy~ccV<Kgr>l40nuhQ?y
#!encrypt#!1#!
#!encrypt#!26#!

M*OZn:P\Yp>E.s,p#+p"kyA
#!encrypt#!4#!N%Ti#!encrypt#!7#!>{nfOZ|#!encrypt#!3#!NTT#!encrypt#!13#!)(>q64%A+\R(=#!encrypt#!6#!N{Y_7?#!encrypt#!9#!N)y+7=+\t#!encrypt#!1#!
#!encrypt#!73#!-T_Zn;^^D!LZY3<L&!d:LC&{ct:REUm#-T_Zn;^^D!LZY3<L&!d:LC&{ct:REUm#-T_Zn;^^
#!encrypt#!72#!N%Tip^?\=p?#I#'E9^#^D:neszytTA>r-%:)w1YLg!8 5u@4x-d]?#7_#W$R>[)rS( inVK
#!encrypt#!75#!~aH]8Vol]!T+`yw>HPB]{oHx:t/V,[1c,dtiwp(%ZcbuI-m@_c_ZpYgy~clV{[gr>l40nuhQ?y
#!encrypt#!1#!
#!encrypt#!26#!

M*OZn:P\Yp>E.s,p#+#"kyA
#!encrypt#!4#!N%Ti#!encrypt#!7#!?{nfOZ|#!encrypt#!3#!NTT#!encrypt#!13#!)(>q64%A+\R(=#!encrypt#!6#!NoY_7?#!encrypt#!9#!N)y+7=+\t#!encrypt#!1#!
#!encrypt#!73#!-T_Zn;^^D!LZY3<L&!d:LC&{ct:REUm#-T_Zn;^^D!LZY3<L&!d:LC&{ct:REUm#-T_Zn;^^
#!encrypt#!72#!N%Tip^?\=p?#I#'E9^#!D:neszytTA>r-%:)w1YLg!8 5u@4x-d]?#7_#W$R>[)rS( inVK
#!encrypt#!75#!~aH]8Vol]!T+`yw>HPB]{oHx:t/V,[1c,dtiwp(%ZcbuI-m@_c_ZpYgy~clV{[gr>l40nuhQ?y
#!encrypt#!1#!
#!encrypt#!26#!

M*OZn:P\Yp>E.s,p#+c"kyA
#!encrypt#!4#!N%Ti#!encrypt#!4#!?#4*#!encrypt#!3#!NTT#!encrypt#!3#!{t|#!encrypt#!4#!N#4*#!encrypt#!6#!No<]2/#!encrypt#!1#!
#!encrypt#!73#!-T_Zn;^^D!LZY3<L&!d:LC&{ct:REUm#-T_Zn;^^D!LZY3<L&!d:LC&{ct:REUm#-T_Zn;^^
#!encrypt#!72#!N%Tip^?\=p?#I#'E9^#!N}Gv0T?">Ug:P%3!eV^gJ,8\HMxL`cyr{xf'0t${o4Sg6%_imXP
#!encrypt#!75#!~aH]8Vol]!T+`yw>HPp]{oHx:t/V,[1c,dtiwp(%ZcbuI-m@_c_ZpYgy~ccV<Kgr>l40nuhQ?y
#!encrypt#!1#!
#!encrypt#!26#!

M*OZn:P\Yp>E.s,p#+>"kyA
#!encrypt#!4#!N%Ti#!encrypt#!4#!>#4*#!encrypt#!3#!NTT#!encrypt#!3#!68=#!encrypt#!4#!N#4*#!encrypt#!6#!No<]2/#!encrypt#!1#!
#!encrypt#!73#!-T_Zn;^^D!LZY3<L&!d:LC&{ct:REUm#-T_Zn;^^D!LZY3<L&!d:LC&{ct:REUm#-T_Zn;^^
#!encrypt#!72#!N%Tip^?\=p?#I#'E9^#^N}Gv0T?">Ug:P%3!eV^gJ,8\HMxL`cyr{xf'0t${o4Sg6%_imXP
#!encrypt#!75#!~aH]8Vol]!T+`yw>HPp]{oHx:t/V,[1c,dbiwp(%ZcbuI-m@_c_ZpYgy~c)V{Rgr>l40nuhQ?y
#!encrypt#!1#!
#!encrypt#!26#!

M*OZn:P\Yp>E.s,p#+a"kyA
#!encrypt#!4#!N%Ti#!encrypt#!12#!qBM~{~(0U/)^#!encrypt#!3#!NTT#!encrypt#!16#!)(>q64%AP.?#}c\*#!encrypt#!4#!N#4*#!encrypt#!5#!N)y+7#!encrypt#!5#!N+mk$#!encrypt#!1#!
#!encrypt#!73#!-T_Zn;^^D!LZY3<L&!d:LC&{ct:REUm#-T_Zn;^^D!LZY3<L&!d:LC&{ct:REUm#-T_Zn;^^
#!encrypt#!82#!N%Tip^?\=p?#I#'E9^#4KD4xqR;2pJPANFx!w;%sOxo3+u<3m&#S8P7{0c"#o4Cg6%_iBn;g@AgpYuj,r
#!encrypt#!75#!~aH]8Vol]!T+`yw>HPp]{oHx:t/V,[1c,dbiwp(%ZcbuI-m@_c_ZpYgy~c)V{Rgr>l40nuhQ?y
#!encrypt#!1#!
#!encrypt#!26#!

M*OZn:P\Yp>E.s,p#+ "kyA
#!encrypt#!4#!N%Ti#!encrypt#!19#!><-gq/A[Z.sO6|ZaQn<#!encrypt#!3#!NTT#!encrypt#!2#!k1#!encrypt#!5#!N)y+7#!encrypt#!4#!N#4*#!encrypt#!1#!
#!encrypt#!73#!-T_Zn;^^D!LZY3<L&!d:LC&{ct:REUm#-T_Zn;^^D!LZY3<L&!d:LC&{ct:REUm#-T_Zn;^^
#!encrypt#!91#!N%Tip^?\=p?#I#'E9^#^vw|`:AT`"#-bWB="(C;gYW"pYug1`<uc{C7#\Q$B$ug#NdonWVI!9xLpw}=3=);]L5kUy5
#!encrypt#!75#!~aH]8Vol]!T+`yw>HPp]{oHx:t/V,[1c,dbiwp(%ZcbuI-m@_c_ZpYgy~c)V{Rgr>l40nuhQ?y
#!encrypt#!1#!
#!encrypt#!26#!

M*OZn:P\Yp>E.s,p#+5"kyA
#!encrypt#!4#!N%Ti#!encrypt#!19#!><-gq/A[Z.sO6|ZaQnL#!encrypt#!3#!NTT#!encrypt#!3#!68=#!encrypt#!20#!N{M~x=6#m\Y4GYy:I?SZ#!encrypt#!5#!N{M~x#!encrypt#!1#!
#!encrypt#!73#!-T_Zn;^^D!LZY3<L&!d:LC&{ct:REUm#-T_Zn;^^D!LZY3<L&!d:LC&{ct:REUm#-T_Zn;^^
#!encrypt#!91#!N%Tip^?\=p?#I#'E9^#^vw|`:AT`"#-bWB="(u;gYW"pYug1`<uc{C7-\Q$B$ug#N.8nWVI!9xLpa}=3=);]L50yV5
#!encrypt#!75#!~aH]8Vol]!T+`yw>HPp]{oHx:t/V,[1c,dbiwp(%ZcbuI-m@_c_ZpYgy~ccV{Rgr>l40nuhQ?y
#!encrypt#!1#!
#!encrypt#!37#!N%Ti<^6\+j81{o%/`ni"T:4A5_t$K1_<~QhR
#!encrypt#!26#!

M*OZn:P\Yp>E.s,p#+$"kyA
#!encrypt#!4#!N%Ti#!encrypt#!11#!><-gq/A[Z.s#!encrypt#!3#!NTT#!encrypt#!11#!)(>q64%Am~?#!encrypt#!7#!NPy;`%h#!encrypt#!20#!N{M~x=6#m\Y4GYy:I?S+#!encrypt#!5#!N+mk$#!encrypt#!1#!
#!encrypt#!73#!-T_Zn;^^D!LZY3<L&!d:LC&{ct:REUm#-T_Zn;^^D!LZY3<L&!d:LC&{ct:REUm#-T_Zn;^^
#!encrypt#!83#!N%Tip^?\=p?#I#'E9^#^vw|`:AT`"#)r~r:inVYjgC"/I3xJU&#S8P7{0~)bo4Cg6%_i|n;g@AgpYu;>mb
#!encrypt#!75#!~aH]8Vol]!T+`yw>HPp]{oHx:t/V,[1c,dbiwp(%ZcbuI-m@_c_ZpYgy~w/V{3gr>l40nuhQ?y
#!encrypt#!1#!
#!encrypt#!37#!N%Ti<^6\+j81{o%/`ni"T:4A5_t$K1_<~Qhn
#!encrypt#!26#!

M*OZn:P\Yp>E.s,p##?"kyA
#!encrypt#!4#!N%Ti#!encrypt#!7#!5Zn*`/[#!encrypt#!3#!NTT#!encrypt#!3#!{t|#!encrypt#!5#!N{M~x#!encrypt#!4#!NJg_#!encrypt#!1#!
#!encrypt#!73#!-T_Zn;^^D!LZY3<L&!d:LC&{ct:REUm#-T_Zn;^^D!LZY3<L&!d:LC&{ct:REUm#-T_Zn;^^
#!encrypt#!72#!N%Tip^?\=p?#I#'E9^#Yy:G!:BytTA>r-%:)w1YLg!8 5u@4x-d]?#7_#W$R>[)rS( inVK
#!encrypt#!75#!~aH]8Vol]!T+`yw>HPp]{oHx:t/V,[1c,dbiwp(%ZcbuI-m@_c_ZpYgy~clV{[gr>l40nuhQ?y
#!encrypt#!1#!
#!encrypt#!26#!

M*OZn:P\Yp>E.s,p##,"kyA
#!encrypt#!4#!N%Ti#!encrypt#!7#!5ZnLK?!#!encrypt#!3#!NTT#!encrypt#!3#!{t|#!encrypt#!5#!N)y+7#!encrypt#!4#!NJg_#!encrypt#!1#!
#!encrypt#!73#!-T_Zn;^^D!LZY3<L&!d:LC&{ct:REUm#-T_Zn;^^D!LZY3<L&!d:LC&{ct:REUm#-T_Zn;^^
#!encrypt#!72#!N%Tip^?\=p?#I#'E9^#Yy:eA&|ytTA>r-%:)w1YLg!8 5u@4x-d]?#7_#W$R>[)rS( inVK
#!encrypt#!75#!~aH]8Vol]!T+`yw>HPp]{oHx:t/V,[1c,dbiwp(%ZcbuI-m@_c_ZpYgy~clV{[gr>l40nuhQ?y
#!encrypt#!1#!
#!encrypt#!22#!N%Ti<^6\+j81{o%/`KzCh
#!encrypt#!26#!

M*OZn:P\Yp>E.s,p##p"kyA
#!encrypt#!4#!N%Ti#!encrypt#!15#!5ZnI`c+[%#`|{<X#!encrypt#!3#!NTT#!encrypt#!3#!68=#!encrypt#!8#!Np[.9K!I#!encrypt#!8#!Np[.(\6e#!encrypt#!1#!
#!encrypt#!73#!-T_Zn;^^D!LZY3<L&!d:LC&{ct:REUm#-T_Zn;^^D!LZY3<L&!d:LC&{ct:REUm#-T_Zn;^^
#!encrypt#!80#!N%Tip^?\=p?#I#'E9^#Yy:t!`1TKKYiEqo!iDOYgDx"[I?gr`!#ub5Pn@^:t,qgl@tTZw|;g@AgpYu~
#!encrypt#!75#!~aH]8Vol]!T+`yw>HPp]{oHx:t/V,[1c,dbiwp(%ZcbuI-m@_c_ZpYgy~clV{[gr>l40nuhQ?y
#!encrypt#!1#!
#!encrypt#!25#!N%Ti<^6\+j81{o%/`<H{]Vwu
#!encrypt#!26#!

M*OZn:P\Yp>E.s,p###"kyA
#!encrypt#!4#!N%Ti#!encrypt#!8#!FlERqP6y#!encrypt#!3#!NTT#!encrypt#!2#!k1#!encrypt#!9#!NQffB=M#_#!encrypt#!8#!NQffB=A5#!encrypt#!1#!
#!encrypt#!73#!-T_Zn;^^D!LZY3<L&!d:LC&{ct:REUm#-T_Zn;^^D!LZY3<L&!d:LC&{ct:REUm#-T_Zn;^^
#!encrypt#!83#!N%Tip^?\=p?#I#'E9^#<&;k`G%bN>Ct:NTT!WVIs9xLp2i;1`Iuc{C7#A5"N>OnHNTT?|n;g@AgpYuj0S/
#!encrypt#!75#!~aH]8Vol]!T+`yw>HPp]{oHx:t/V,[1c,dbiwp(%ZcbuI-m@_c_ZpYgy~c)V{Rgr>l40nuhQ?y
#!encrypt#!1#!
#!encrypt#!26#!N%Ti<^6\+j81{o%/`?mE,:GA=
#!encrypt#!25#!N%Ti<^6\+j81{o%/`?mE,:[;
#!encrypt#!26#!

M*OZn:P\Yp>E.s,p##c"kyA
#!encrypt#!4#!N%Ti#!encrypt#!4#!FlER#!encrypt#!3#!NTT#!encrypt#!3#!68=#!encrypt#!9#!NQffB=nyd#!encrypt#!9#!NQffB=+\t#!encrypt#!1#!
#!encrypt#!73#!-T_Zn;^^D!LZY3<L&!d:LC&{ct:REUm#-T_Zn;^^D!LZY3<L&!d:LC&{ct:REUm#-T_Zn;^^
#!encrypt#!79#!N%Tip^?\=p?#I#'E9^#<&;kv0T?">Ug:P%3!eV^g:DP[ISgr`!#Za>Uv0ER.>UgQ$Y!i5opgDxHgh4
#!encrypt#!75#!~aH]8Vol]!T+`yw>HPp]{oHx:t/V,[1c,dbiwp(%ZcbuI-m@_c_ZpYgy~clV{[gr>l40nuhQ?y
#!encrypt#!1#!
#!encrypt#!26#!N%Ti<^6\+j81{o%/`?mE,:IN:
#!encrypt#!26#!

M*OZn:P\Yp>E.s,p##>"kyA
#!encrypt#!4#!N%Ti#!encrypt#!8#!FlEnqP6y#!encrypt#!3#!NTT#!encrypt#!2#!k1#!encrypt#!9#!NQffa=M#_#!encrypt#!8#!NQffa=A5#!encrypt#!1#!
#!encrypt#!73#!-T_Zn;^^D!LZY3<L&!d:LC&{ct:REUm#-T_Zn;^^D!LZY3<L&!d:LC&{ct:REUm#-T_Zn;^^
#!encrypt#!81#!N%Tip^?\=p?#I#'E9^#<&;h`G%bN>Ct:NTT!WVIs9xLpw==3=5;]L5hMyQ$ gug#NfIjWV&!9xLp2{~0
#!encrypt#!75#!~aH]8Vol]!T+`yw>HPp]{oHx:t/V,[1c,dbiwp(%ZcbuI-m@_c_ZpYgy~clV{[gr>l40nuhQ?y
#!encrypt#!1#!
#!encrypt#!26#!N%Ti<^6\+j81{o%/`?mEp:GA=
#!encrypt#!25#!N%Ti<^6\+j81{o%/`?mEp:[;
#!encrypt#!26#!

M*OZn:P\Yp>E.s,p##a"kyA
#!encrypt#!4#!N%Ti#!encrypt#!4#!FlEn#!encrypt#!3#!NTT#!encrypt#!3#!68=#!encrypt#!9#!NQffa=nyd#!encrypt#!9#!NQffa=+\t#!encrypt#!1#!
#!encrypt#!73#!-T_Zn;^^D!LZY3<L&!d:LC&{ct:REUm#-T_Zn;^^D!LZY3<L&!d:LC&{ct:REUm#-T_Zn;^^
#!encrypt#!77#!N%Tip^?\=p?#I#'E9^#<&;hv0T?">Ug:P%3!eV^gW8>pLvY3&-L%5#7_#W$R>RzVP%DqeV^g:yTg
#!encrypt#!75#!~aH]8Vol]!T+`yw>HPp]{oHx:t/V,[1c,dbiwp(%ZcbuI-m@_c_ZpYgy~clV{[gr>l40nuhQ?y
#!encrypt#!1#!
#!encrypt#!26#!N%Ti<^6\+j81{o%/`?mEp:IN:
#!encrypt#!26#!

M*OZn:P\Yp>E.s,p## "kyA
#!encrypt#!4#!N%Ti#!encrypt#!4#!Wa4O#!encrypt#!3#!NTT#!encrypt#!3#!68=#!encrypt#!8#!Nkypm=A5#!encrypt#!5#!Nc4*&#!encrypt#!1#!
#!encrypt#!73#!-T_Zn;^^D!LZY3<L&!d:LC&{ct:REUm#-T_Zn;^^D!LZY3<L&!d:LC&{ct:REUm#-T_Zn;^^
#!encrypt#!69#!N%Tip^?\=p?#I#'E9^#6F}0v0T?">Ug:P%3!eV^g(,8\HMxL`bN]t_ $c^/N>7nHNTT&
#!encrypt#!75#!~aH]8Vol]!T+`yw>HPp]{oHx:t/V,[1c,dbiwp(%ZcbuI-m@_c_ZpYgy~clV{[gr>l40nuhQ?y
#!encrypt#!1#!
#!encrypt#!26#!

M*OZn:P\Yp>E.s,p##5"kyA
#!encrypt#!4#!N%Ti#!encrypt#!8#!FlE?qP6y#!encrypt#!3#!NTT#!encrypt#!2#!k1#!encrypt#!9#!NQffL=M#_#!encrypt#!8#!NQffL=A5#!encrypt#!1#!
#!encrypt#!73#!-T_Zn;^^D!LZY3<L&!d:LC&{ct:REUm#-T_Zn;^^D!LZY3<L&!d:LC&{ct:REUm#-T_Zn;^^
#!encrypt#!73#!N%Tip^?\=p?#I#'E9^#<&;-`G%bN>Ct:NTT!WVIs9xLp`Hxbe1#:{7N$FL0tE4YAN-}zw;%W
#!encrypt#!75#!~aH]8Vol]!T+`yw>HPp]{oHx:t/V,[1c,dbiwp(%ZcbuI-m@_c_ZpYgy~clV{[gr>l40nuhQ?y
#!encrypt#!1#!
#!encrypt#!26#!N%Ti<^6\+j81{o%/`?mE>:GA=
#!encrypt#!25#!N%Ti<^6\+j81{o%/`?mE>:[;
#!encrypt#!26#!

M*OZn:P\Yp>E.s,p##$"kyA
#!encrypt#!4#!N%Ti#!encrypt#!4#!FlE?#!encrypt#!3#!NTT#!encrypt#!3#!68=#!encrypt#!9#!NQffL=nyd#!encrypt#!9#!NQffL=+\t#!encrypt#!1#!
#!encrypt#!73#!-T_Zn;^^D!LZY3<L&!d:LC&{ct:REUm#-T_Zn;^^D!LZY3<L&!d:LC&{ct:REUm#-T_Zn;^^
#!encrypt#!69#!N%Tip^?\=p?#I#'E9^#<&;-v0T?">Ug:P%3!eV^g(,8\HMxL`bN]t_ $c^/N>7nHNTT&
#!encrypt#!75#!~aH]8Vol]!T+`yw>HPp]{oHx:t/V,[1c,dbiwp(%ZcbuI-m@_c_ZpYgy~clV{[gr>l40nuhQ?y
#!encrypt#!1#!
#!encrypt#!26#!N%Ti<^6\+j81{o%/`?mE>:IN:
#!encrypt#!26#!

M*OZn:P\Yp>E.s,p#t?"kyA
#!encrypt#!4#!N%Ti#!encrypt#!6#!5Znf{"#!encrypt#!3#!NTT#!encrypt#!3#!{t|#!encrypt#!4#!N#4*#!encrypt#!4#!NJg_#!encrypt#!1#!
#!encrypt#!73#!-T_Zn;^^D!LZY3<L&!d:LC&{ct:REUm#-T_Zn;^^D!LZY3<L&!d:LC&{ct:REUm#-T_Zn;^^
#!encrypt#!71#!N%Tip^?\=p?#I#'E9^#Yy:nx?Q$v5~g#N@!itipgDxT[ISgr`!#ub5} @^:t,qg3@tTZw|
#!encrypt#!75#!~aH]8Vol]!T+`yw>HPp]{oHx:t/V,[1c,dbiwp(%ZcbuI-m@_c_ZpYgy~clV{[gr>l40nuhQ?y
#!encrypt#!1#!
#!encrypt#!21#!N%Ti<^6\+j81{o%/`38^
#!encrypt#!26#!

M*OZn:P\Yp>E.s,p#t,"kyA
#!encrypt#!4#!N%Ti#!encrypt#!16#!5Zn#H^6yUwVxQALJ#!encrypt#!3#!NTT#!encrypt#!3#!{t|#!encrypt#!6#!No<]2/#!encrypt#!4#!NJg_#!encrypt#!1#!
#!encrypt#!73#!-T_Zn;^^D!LZY3<L&!d:LC&{ct:REUm#-T_Zn;^^D!LZY3<L&!d:LC&{ct:REUm#-T_Zn;^^
#!encrypt#!81#!N%Tip^?\=p?#I#'E9^#Yy:232%b2s|!,F{&)w4 sg!835uW4x-d]?#7)oW$R>[)r5( inVKjg?+/I3x>
#!encrypt#!75#!~aH]8Vol]!T+`yw>HPp]{oHx:t/V,[1c,dbiwp(%ZcbuI-m@_c_ZpYgy~clV{[gr>l40nuhQ?y
#!encrypt#!1#!
#!encrypt#!26#!

M*OZn:P\Yp>E.s,p#tp"kyA
#!encrypt#!4#!N%Ti#!encrypt#!16#!5Zn#H^6yUwVxQAL=#!encrypt#!3#!NTT#!encrypt#!15#!)(>q64%AZ~?xEX%#!encrypt#!6#!No<]2/#!encrypt#!10#!NOe]{KBQ._#!encrypt#!5#!N+mk$#!encrypt#!1#!
#!encrypt#!73#!-T_Zn;^^D!LZY3<L&!d:LC&{ct:REUm#-T_Zn;^^D!LZY3<L&!d:LC&{ct:REUm#-T_Zn;^^
#!encrypt#!81#!N%Tip^?\=p?#I#'E9^#Yy:232%b2s|!,F{t)w4 sg!835uW4x-d]?#7)oW$R>[)r5( inVKjg?+/I3x>
#!encrypt#!75#!~aH]8Vol]!T+`yw>HPp]{oHx:t/V,[1c,dbiwp(%ZcbuI-m@_c_ZpYgy~clV{[gr>l40nuhQ?y
#!encrypt#!1#!
#!encrypt#!27#!N%Ti<^6\+j81{o%/`SeeVVi*U%
#!encrypt#!26#!

M*OZn:P\Yp>E.s,p#t#"kyA
#!encrypt#!4#!N%Ti#!encrypt#!8#!5Zn#H^6y#!encrypt#!3#!NTT#!encrypt#!2#!k1#!encrypt#!17#!Np[.Z2(yd#BmT$G.##!encrypt#!17#!Np[.Z2(yd#BmT$G.O#!encrypt#!1#!
#!encrypt#!73#!-T_Zn;^^D!LZY3<L&!d:LC&{ct:REUm#-T_Zn;^^D!LZY3<L&!d:LC&{ct:REUm#-T_Zn;^^
#!encrypt#!73#!N%Tip^?\=p?#I#'E9^#Yy:232%bN>Ct:NTT!WVIs9xLp`Hxbe1#:{7N$FL0tE4YAN-}zw;%W
#!encrypt#!75#!~aH]8Vol]!T+`yw>HPp]{oHx:t/V,[1c,dbiwp(%ZcbuI-m@_c_ZpYgy~clV{[gr>l40nuhQ?y
#!encrypt#!1#!
#!encrypt#!34#!N%Ti<^6\+j81{o%/`<H{;,HN:P#D_C(b0
#!encrypt#!34#!N%Ti<^6\+j81{o%/`<H{;,HN:P#D_C(bp
#!encrypt#!26#!

M*OZn:P\Yp>E.s,p#tc"kyA
#!encrypt#!4#!N%Ti#!encrypt#!19#!bJy*q^W:%.?O6|ZaQn<#!encrypt#!3#!NTT#!encrypt#!5#!58>q=#!encrypt#!10#!NOe]{KBQt_#!encrypt#!1#!
#!encrypt#!73#!-T_Zn;^^D!LZY3<L&!d:LC&{ct:REUm#-T_Zn;^^D!LZY3<L&!d:LC&{ct:REUm#-T_Zn;^^
#!encrypt#!84#!N%Tip^?\=p?#I#'E9^#bAVG`24qK"&-bWB="(C;gYW"pYug1`<uc{C7y]^,"94mr!|TtGJ%^g >pLqY3&-D
#!encrypt#!75#!~aH]8Vol]!T+`yw>HPp]{oHx:t/V,[1c,dbiwp(%ZcbuI-m@_c_ZpYgy~clV{[gr>l40nuhQ?y
#!encrypt#!1#!
#!encrypt#!26#!

M*OZn:P\Yp>E.s,p#t>"kyA
#!encrypt#!4#!N%Ti#!encrypt#!11#!bJy*q^W:%.?#!encrypt#!3#!NTT#!encrypt#!2#!k1#!encrypt#!20#!Nx,_(=(x+jYeGYy:I?SZ#!encrypt#!20#!Nx,_(=(x+jYeGYy:I?S+#!encrypt#!10#!NOe]{KBQt_#!encrypt#!1#!
#!encrypt#!73#!-T_Zn;^^D!LZY3<L&!d:LC&{ct:REUm#-T_Zn;^^D!LZY3<L&!d:LC&{ct:REUm#-T_Zn;^^
#!encrypt#!84#!N%Tip^?\=p?#I#'E9^#bAVG`24qK"&)r~r:inVYjgC"/I3x=A&#S8P7{0\)ko4Cg6%_iQX<jg?+/I3x~_W?
#!encrypt#!75#!~aH]8Vol]!T+`yw>HPp]{oHx:t/V,[1c,dbiwp(%ZcbuI-m@_c_ZpYgy~clV{[gr>l40nuhQ?y
#!encrypt#!1#!
#!encrypt#!37#!N%Ti<^6\+j81{o%/`xG4D:H:qRt7K1_<~QhR
#!encrypt#!27#!N%Ti<^6\+j81{o%/`SeeVVi*(%
#!encrypt#!26#!

M*OZn:P\Yp>E.s,p#ta"kyA
#!encrypt#!4#!N%Ti#!encrypt#!12#!>Af~2=o>%p?##!encrypt#!3#!NTT#!encrypt#!3#!68=#!encrypt#!12#!Nx,_(=(x+jYe#!encrypt#!6#!No<]2/#!encrypt#!1#!
#!encrypt#!73#!-T_Zn;^^D!LZY3<L&!d:LC&{ct:REUm#-T_Zn;^^D!LZY3<L&!d:LC&{ct:REUm#-T_Zn;^^
#!encrypt#!85#!N%Tip^?\=p?#I#'E9^#^f44N  1Kz&*ANFx!w;%sOxo3+u<3OEN]uZ $c^Sb@qgl@tTZwn)BOx q+u<3A/Dt
#!encrypt#!75#!~aH]8Vol]!T+`yw>HPp]{oHx:t/V,[1c,dbiwp(%ZcbuI-m@_c_ZpYgy~w/V{3gr>l40nuhQ?y
#!encrypt#!1#!
#!encrypt#!29#!N%Ti<^6\+j81{o%/`xG4D:H:qRt7
#!encrypt#!26#!

M*OZn:P\Yp>E.s,p#t "kyA
#!encrypt#!4#!N%Ti#!encrypt#!5#!>Af~2#!encrypt#!3#!NTT#!encrypt#!2#!k1#!encrypt#!10#!N{<]2/_lP.#!encrypt#!13#!N{<]2/_[=j)ep#!encrypt#!9#!N{<]2/_#_#!encrypt#!1#!
#!encrypt#!73#!-T_Zn;^^D!LZY3<L&!d:LC&{ct:REUm#-T_Zn;^^D!LZY3<L&!d:LC&{ct:REUm#-T_Zn;^^
#!encrypt#!78#!N%Tip^?\=p?#I#'E9^#^f44N]^^@$4mr%|TtSJ%^gD#[ISgr`!#-?cN$FL0tE4zCx|TaGJ%^gT_ 7
#!encrypt#!75#!~aH]8Vol]!T+`yw>HPp]{oHx:t/V,[1c,dbiwp(%ZcbuI-m@_c_ZpYgy~clV{[gr>l40nuhQ?y
#!encrypt#!1#!
#!encrypt#!27#!N%Ti<^6\+j81{o%/`nJe3wQ6hd
#!encrypt#!30#!N%Ti<^6\+j81{o%/`nJe3wQXsRO7:
#!encrypt#!26#!N%Ti<^6\+j81{o%/`nJe3wQA=
#!encrypt#!26#!

M*OZn:P\Yp>E.s,p#t5"kyA
#!encrypt#!4#!N%Ti#!encrypt#!7#!b8 zGh{#!encrypt#!4#!NPyR#!encrypt#!19#!N{e]Y=+\tX;ezEK*9^~#!encrypt#!4#!N+0g#!encrypt#!7#!NPy;`%h#!encrypt#!1#!
#!encrypt#!4#!N%Ti#!encrypt#!7#!b8 zGh{#!encrypt#!5#!NQffm#!encrypt#!13#!N}Mf$\|fy_)ep#!encrypt#!1#!
#!encrypt#!4#!N%Ti#!encrypt#!7#!b8 zGh{#!encrypt#!5#!NQffN#!encrypt#!10#!N#M*q"6F+j#!encrypt#!1#!
#!encrypt#!4#!N%Ti#!encrypt#!7#!b8 zGh{#!encrypt#!4#!NPyR#!encrypt#!13#!N{GkVZo\}c)lX#!encrypt#!4#!N+0g#!encrypt#!7#!NPy;`%h#!encrypt#!1#!
#!encrypt#!4#!N%Ti#!encrypt#!7#!b8 zGh{#!encrypt#!4#!NPyR#!encrypt#!13#!NoGkVZo\}c)lX#!encrypt#!4#!N+0g#!encrypt#!7#!NPy;`%h#!encrypt#!1#!
#!encrypt#!4#!N%Ti#!encrypt#!7#!b8 zGh{#!encrypt#!4#!NPyR#!encrypt#!8#!N{h.$^+%#!encrypt#!4#!N+0g#!encrypt#!7#!NPy;`%h#!encrypt#!1#!
#!encrypt#!4#!N%Ti#!encrypt#!7#!b8 zGh{#!encrypt#!4#!NPyR#!encrypt#!8#!Noh.$^+%#!encrypt#!4#!N+0g#!encrypt#!7#!NPy;`%h#!encrypt#!1#!
#!encrypt#!4#!N%Ti#!encrypt#!7#!b8 zGh{#!encrypt#!13#!N{GkVZo\}c)lX#!encrypt#!5#!NoEp(#!encrypt#!1#!
#!encrypt#!4#!N%Ti#!encrypt#!7#!b8 zGh{#!encrypt#!13#!NoGkVZo\}c)lX#!encrypt#!5#!N{Ep(#!encrypt#!1#!
#!encrypt#!4#!N%Ti#!encrypt#!7#!b8 zGh{#!encrypt#!4#!NPyR#!encrypt#!5#!N{Ep(#!encrypt#!4#!N+0g#!encrypt#!7#!NPy;`%h#!encrypt#!1#!
#!encrypt#!4#!N%Ti#!encrypt#!7#!b8 zGh{#!encrypt#!4#!NPyR#!encrypt#!5#!NoEp(#!encrypt#!4#!N+0g#!encrypt#!7#!NPy;`%h#!encrypt#!1#!
#!encrypt#!4#!N%Ti#!encrypt#!7#!b8 zGh{#!encrypt#!4#!NPyR#!encrypt#!13#!NaJk2P*\x#?n6#!encrypt#!4#!N+0g#!encrypt#!7#!NPy;`%h#!encrypt#!1#!
#!encrypt#!4#!N%Ti#!encrypt#!7#!b8 zGh{#!encrypt#!4#!NPyR#!encrypt#!5#!N{M~x#!encrypt#!4#!N+0g#!encrypt#!12#!N{M~x=6#m\Y4#!encrypt#!1#!
#!encrypt#!4#!N%Ti#!encrypt#!7#!b8 zGh{#!encrypt#!5#!N{M~x#!encrypt#!5#!N{l]$#!encrypt#!1#!
#!encrypt#!4#!N%Ti#!encrypt#!7#!b8 zGh{#!encrypt#!5#!N{M~x#!encrypt#!5#!Nol]$#!encrypt#!1#!
#!encrypt#!4#!N%Ti#!encrypt#!7#!b8 zGh{#!encrypt#!5#!ND4fO#!encrypt#!5#!N{M~x#!encrypt#!1#!
#!encrypt#!4#!N%Ti#!encrypt#!7#!b8 zGh{#!encrypt#!4#!NPyR#!encrypt#!8#!Np[.(\6e#!encrypt#!4#!N+0g#!encrypt#!7#!NPy;`%h#!encrypt#!1#!
#!encrypt#!4#!N%Ti#!encrypt#!7#!b8 zGh{#!encrypt#!4#!NPyR#!encrypt#!16#!Np[.T\C>mjMo}cUx#!encrypt#!4#!N+0g#!encrypt#!7#!NPy;`%h#!encrypt#!1#!
#!encrypt#!4#!N%Ti#!encrypt#!7#!b8 zGh{#!encrypt#!5#!NQffB#!encrypt#!4#!NPyR#!encrypt#!4#!N+0g#!encrypt#!5#!NQqkZ#!encrypt#!1#!
#!encrypt#!4#!N%Ti#!encrypt#!7#!b8 zGh{#!encrypt#!5#!NQffa#!encrypt#!5#!NQffB#!encrypt#!4#!N+0g#!encrypt#!4#!Nkyp#!encrypt#!1#!
#!encrypt#!4#!N%Ti#!encrypt#!7#!b8 zGh{#!encrypt#!5#!NQffm#!encrypt#!5#!NQffa#!encrypt#!4#!N+0g#!encrypt#!5#!Nkypa#!encrypt#!1#!
#!encrypt#!4#!N%Ti#!encrypt#!7#!b8 zGh{#!encrypt#!5#!NQffN#!encrypt#!5#!NQffm#!encrypt#!4#!N+0g#!encrypt#!5#!Nkypm#!encrypt#!1#!
#!encrypt#!4#!N%Ti#!encrypt#!7#!b8 zGh{#!encrypt#!5#!NQffL#!encrypt#!5#!NQffN#!encrypt#!4#!N+0g#!encrypt#!5#!NkypN#!encrypt#!1#!
#!encrypt#!4#!N%Ti#!encrypt#!7#!b8 zGh{#!encrypt#!7#!Np[.$PM#!encrypt#!9#!Np[.Z2(yd#!encrypt#!1#!
#!encrypt#!4#!N%Ti#!encrypt#!8#!)xwzeo9Y#!encrypt#!5#!N{Ep(#!encrypt#!6#!N{<]2/#!encrypt#!1#!
#!encrypt#!4#!N%Ti#!encrypt#!8#!)xwzeo9Y#!encrypt#!5#!NoEp(#!encrypt#!6#!No<]2/#!encrypt#!1#!
#!encrypt#!73#!-T_Zn;^^D!LZY3<L&!d:LC&{ct:REUm#-T_Zn;^^D!LZY3<L&!d:LC&{ct:REUm#-T_Zn;^^
#!encrypt#!75#!~aH]8Vol]!T+`-w>HP0]{oHx:t/V,S1c,dIiwp(%ZcbuI-m@mb_ZpYgy~wEV{%gr>l40nuPQ?$
#!encrypt#!1#!
#!encrypt#!30#!N%Ti<^6\+j81{o%/`XMT3}nerPqys
#!encrypt#!29#!N%Ti<^6\+j81{o%/`ni"T:4A5_t$
#!encrypt#!22#!N%Ti<^6\+j81{o%/`ni"T
#!encrypt#!24#!N%Ti<^6\+j81{o%/`uz2vnk
#!encrypt#!21#!N%Ti<^6\+j81{o%/`uzZ
#!encrypt#!22#!N%Ti<^6\+j81{o%/`?gT;
#!encrypt#!21#!N%Ti<^6\+j81{o%/`Cz$
#!encrypt#!22#!N%Ti<^6\+j81{o%/`Cz$p
#!encrypt#!22#!N%Ti<^6\+j81{o%/`Cz$#
#!encrypt#!22#!N%Ti<^6\+j81{o%/`Cz$c
#!encrypt#!22#!N%Ti<^6\+j81{o%/`nh$D
#!encrypt#!22#!N%Ti<^6\+j81{o%/`.h$D
#!encrypt#!26#!

M*OZn:P\Yp>E.s,p#t$"kyA
#!encrypt#!4#!N%Ti#!encrypt#!20#!>3f;qZ(oPJ?J}`&]N|3Z#!encrypt#!3#!NTT#!encrypt#!3#!{t|#!encrypt#!19#!N{e]Y=+\tX;ezEK.!uE#!encrypt#!5#!N{JP&#!encrypt#!1#!
#!encrypt#!73#!-T_Zn;^^D!LZY3<L&!d:LC&{ct:REUm#-T_Zn;^^D!LZY3<L&!d:LC&{ct:REUm#-T_Zn;^^
#!encrypt#!85#!N%Tip^?\=p?#I#'E9^#^R4X`sRw:_&G@u}MPx=hjge\3I3x44-\WO5&$VQ$B$ug#N;!itopgDxT[IS1r`!#u
#!encrypt#!75#!~aH]8Vol]!T+`yw>HP0]{oHx:t/V,[1c,G&iwp(%ZcbuI-m@mb_ZpYgy~clV{[gr>l40nuPQ?$
#!encrypt#!1#!
#!encrypt#!36#!N%Ti<^6\+j81{o%/`nee^:~e(Aw7G:-bLPW
#!encrypt#!26#!

M*OZn:P\Yp>E.s,p#-?"kyA
#!encrypt#!4#!N%Ti#!encrypt#!20#!>3f;qZ(oPJ?J}`&]N|3+#!encrypt#!3#!NTT#!encrypt#!3#!{t|#!encrypt#!21#!N{e]Y=+\tX;ezEKw!KE{,#!encrypt#!4#!Noh;#!encrypt#!1#!
#!encrypt#!73#!-T_Zn;^^D!LZY3<L&!d:LC&{ct:REUm#-T_Zn;^^D!LZY3<L&!d:LC&{ct:REUm#-T_Zn;^^
#!encrypt#!85#!N%Tip^?\=p?#I#'E9^#^R4X`sRw:_&G@u}MPx=djge\3I3x44-\WO5&$VQ$B$ug#N;!itopgDxT[IS1r`!#u
#!encrypt#!75#!~aH]8Vol]!T+`yw>HP0]{oHx:t/V,[1c,G&iwp(%ZcbuI-m@mb_ZpYgy~clV{[gr>l40nuPQ?$
#!encrypt#!1#!
#!encrypt#!38#!N%Ti<^6\+j81{o%/`nee^:~e(Aw7G:-wL)W.B
#!encrypt#!21#!N%Ti<^6\+j81{o%/`.S2
#!encrypt#!26#!

M*OZn:P\Yp>E.s,p#-,"kyA
#!encrypt#!4#!N%Ti#!encrypt#!20#!>3f;qZ(oPJ?J}`&]N|3##!encrypt#!3#!NTT#!encrypt#!3#!68=#!encrypt#!21#!N{e]Y=+\tX;ezEKw!KE{p#!encrypt#!19#!N{e]Y=+\tX;ezEK*9^~#!encrypt#!1#!
#!encrypt#!73#!-T_Zn;^^D!LZY3<L&!d:LC&{ct:REUm#-T_Zn;^^D!LZY3<L&!d:LC&{ct:REUm#-T_Zn;^^
#!encrypt#!85#!N%Tip^?\=p?#I#'E9^#^R4X`sRw:_&G@u}MPx=)jge\3I3x44-\WO5&$VQ$B$ug#N;!itopgDxT[IS1r`!#u
#!encrypt#!75#!~aH]8Vol]!T+`yw>HP0]{oHx:t/V,[1c,G&iwp(%ZcbuI-m@mb_ZpYgy~clV{[gr>l40nuPQ?$
#!encrypt#!1#!
#!encrypt#!38#!N%Ti<^6\+j81{o%/`nee^:~e(Aw7G:-wL)W.a
#!encrypt#!26#!

M*OZn:P\Yp>E.s,p#-p"kyA
#!encrypt#!4#!N%Ti#!encrypt#!18#!>3f;qZ(oPJ?J}`&]N|#!encrypt#!3#!NTT#!encrypt#!13#!)(>q64%A+\R(=#!encrypt#!21#!N{e]Y=+\tX;ezEKw!KE{##!encrypt#!19#!N{e]Y=+\tX;ezEK*9^~#!encrypt#!2#!N+#!encrypt#!4#!QSTn#!encrypt#!1#!
#!encrypt#!73#!-T_Zn;^^D!LZY3<L&!d:LC&{ct:REUm#-T_Zn;^^D!LZY3<L&!d:LC&{ct:REUm#-T_Zn;^^
#!encrypt#!83#!N%Tip^?\=p?#I#'E9^#^R4X`sRw:_&G@u}MPx$%Yi48ZIv=3%5;]L5=v0lZ.>UgcP%3qeV^g(,8\rMxL`b
#!encrypt#!75#!~aH]8Vol]!T+`yw>HP0]{oHx:t/V,[1c,G&iwp(%ZcbuI-m@mb_ZpYgy~clV{[gr>l40nuPQ?$
#!encrypt#!1#!
#!encrypt#!38#!N%Ti<^6\+j81{o%/`nee^:~e(Aw7G:-wL)W.m
#!encrypt#!26#!

M*OZn:P\Yp>E.s,p#-#"kyA
#!encrypt#!4#!N%Ti#!encrypt#!19#!>3f;qZ(oPJ?J}`E&N3G#!encrypt#!3#!NTT#!encrypt#!11#!@qFqq.QH7%1#!encrypt#!19#!N{e]Y=+\tX;ezEKw!KE#!encrypt#!19#!N{e]Y=+\tX;ezEK*9^~#!encrypt#!17#!N+qkK%o#xjYeGaXAt#!encrypt#!1#!
#!encrypt#!73#!-T_Zn;^^D!LZY3<L&!d:LC&{ct:REUm#-T_Zn;^^D!LZY3<L&!d:LC&{ct:REUm#-T_Zn;^^
#!encrypt#!84#!N%Tip^?\=p?#I#'E9^#^R4X`sRw:_&G@uAyP$f;gYW"pYu11`<uc{C7y]^,"94mr!|TtGJ%^g >pLqY3&-D
#!encrypt#!75#!~aH]8Vol]!T+`yw>HP0]{oHx:t/V,[1c,G&iwp(%ZcbuI-m@mb_ZpYgy~clV{[gr>l40nuPQ?$
#!encrypt#!1#!
#!encrypt#!26#!

M*OZn:P\Yp>E.s,p#-c"kyA
#!encrypt#!4#!N%Ti#!encrypt#!29#!>3f;qZ(oPJ?J}`E&N3G{&H+e S#Zb#!encrypt#!3#!NTT#!encrypt#!11#!@qFqqBQLXeo#!encrypt#!20#!N{e]Y=+\tX;ezEKT0Kh_#!encrypt#!2#!N+#!encrypt#!7#!QST&40V#!encrypt#!1#!
#!encrypt#!73#!-T_Zn;^^D!LZY3<L&!d:LC&{ct:REUm#-T_Zn;^^D!LZY3<L&!d:LC&{ct:REUm#-T_Zn;^^
#!encrypt#!94#!N%Tip^?\=p?#I#'E9^#^R4X`sRw:_&G@uAyP$f_\x:,O`Y;54-$H85&$#Q$ $ug#N;!i5ipgDxT[I?1r`!#ub5P @^:t,
#!encrypt#!75#!~aH]8Vol]!T+`yw>HP0]{oHx:t/V,[1c,G&iwp(%ZcbuI-m@mb_ZpYgy~clV{[gr>l40nuPQ?$
#!encrypt#!1#!
#!encrypt#!26#!

M*OZn:P\Yp>E.s,p#->"kyA
#!encrypt#!4#!N%Ti#!encrypt#!18#!>3f;qZ(oPJ?J}`~._N#!encrypt#!3#!NTT#!encrypt#!17#!)(>q64%A{X?TGRzC9#!encrypt#!19#!N{e]Y=+\tX;ezEKw!KE#!encrypt#!30#!N{e]Y=+\tX;ezEKT0Kh_r4i42P/iVh#!encrypt#!2#!N+#!encrypt#!4#!QSTn#!encrypt#!1#!
#!encrypt#!73#!-T_Zn;^^D!LZY3<L&!d:LC&{ct:REUm#-T_Zn;^^D!LZY3<L&!d:LC&{ct:REUm#-T_Zn;^^
#!encrypt#!83#!N%Tip^?\=p?#I#'E9^#^R4X`sRw:_&G@u;hOL$%Yi48ZIv=3%5;]L5=v0lZ.>UgcP%3qeV^g(,8\rMxL`b
#!encrypt#!75#!~aH]8Vol]!T+`yw>HP0]{oHx:t/V,[1c,G&iwp(%ZcbuI-m@mb_ZpYgy~clV{[gr>l40nuPQ?$
#!encrypt#!1#!
#!encrypt#!47#!N%Ti<^6\+j81{o%/`nee^:~e(Aw7G:-Gq)E1q^BR%#T^/*
#!encrypt#!26#!

M*OZn:P\Yp>E.s,p#-a"kyA
#!encrypt#!4#!N%Ti#!encrypt#!22#!hlJ.3KyKUwAO`Y;5}^m2rp#!encrypt#!3#!NTT#!encrypt#!3#!{t|#!encrypt#!19#!N{e]Y=+\tX;ezEK>,=|#!encrypt#!4#!N3h"#!encrypt#!1#!
#!encrypt#!73#!-T_Zn;^^D!LZY3<L&!d:LC&{ct:REUm#-T_Zn;^^D!LZY3<L&!d:LC&{ct:REUm#-T_Zn;^^
#!encrypt#!87#!N%Tip^?\=p?#I#'E9^#v&jQjhn\2sk-c>E8.#^of:,8-vvxL`5N]tZ $c^/N>7>HNTT&WVI!9xLp`Hxb[1#:{7
#!encrypt#!75#!~aH]8Vol]!T+`yw>HP0]{oHx:t/V,[1c,G&iwp(%ZcbuI-m@mb_ZpYgy~clV{[gr>l40nuPQ?$
#!encrypt#!1#!
#!encrypt#!26#!

M*OZn:P\Yp>E.s,p#- "kyA
#!encrypt#!4#!N%Ti#!encrypt#!20#!hlJ.3KyKUwAO`Y;5}^m2#!encrypt#!3#!NTT#!encrypt#!3#!68=#!encrypt#!23#!N3fIqfAR.#BJGyLPA"ee^:k#!encrypt#!5#!NKe*&#!encrypt#!1#!
#!encrypt#!73#!-T_Zn;^^D!LZY3<L&!d:LC&{ct:REUm#-T_Zn;^^D!LZY3<L&!d:LC&{ct:REUm#-T_Zn;^^
#!encrypt#!85#!N%Tip^?\=p?#I#'E9^#v&jQjhn\2sk-c>E8.#^ojge\3I3x44-\WO5&$VQ$B$ug#N;!itopgDxT[IS1r`!#u
#!encrypt#!75#!~aH]8Vol]!T+`yw>HP0]{oHx:t/V,[1c,G&iwp(%ZcbuI-m@mb_ZpYgy~clV{[gr>l40nuPQ?$
#!encrypt#!1#!
#!encrypt#!40#!N%Ti<^6\+j81{o%/`^m8rO[4UP#`K[PC;Xe]Y=h
#!encrypt#!26#!

M*OZn:P\Yp>E.s,p#-5"kyA
#!encrypt#!4#!N%Ti#!encrypt#!29#!>3f;qZ(oPJ?J}`E&N3G{&H+e S#l@#!encrypt#!3#!NTT#!encrypt#!11#!@qFqqBQLXeo#!encrypt#!20#!N{e]Y=+\tX;ezEKT0Kh_#!encrypt#!2#!N+#!encrypt#!7#!QST&4nJ#!encrypt#!1#!
#!encrypt#!73#!-T_Zn;^^D!LZY3<L&!d:LC&{ct:REUm#-T_Zn;^^D!LZY3<L&!d:LC&{ct:REUm#-T_Zn;^^
#!encrypt#!94#!N%Tip^?\=p?#I#'E9^#^R4X`sRw:_&G@uAyP$f_\x:,O`Ypt4-$H85&$#Q$ $ug#N;!i5ipgDxT[I?1r`!#ub5P @^:t,
#!encrypt#!75#!~aH]8Vol]!T+`yw>HP0]{oHx:t/V,[1c,G&iwp(%ZcbuI-m@mb_ZpYgy~clV{[gr>l40nuPQ?$
#!encrypt#!1#!
#!encrypt#!26#!

M*OZn:P\Yp>E.s,p#-$"kyA
#!encrypt#!4#!N%Ti#!encrypt#!18#!>3f;qZ(oPJ?J}`~.Sc#!encrypt#!3#!NTT#!encrypt#!17#!)(>q64%A{X?TGRzC9#!encrypt#!19#!N{e]Y=+\tX;ezEKw!KE#!encrypt#!30#!N{e]Y=+\tX;ezEKT0Kh_r4i42P/i{ #!encrypt#!2#!N+#!encrypt#!4#!QSTn#!encrypt#!1#!
#!encrypt#!73#!-T_Zn;^^D!LZY3<L&!d:LC&{ct:REUm#-T_Zn;^^D!LZY3<L&!d:LC&{ct:REUm#-T_Zn;^^
#!encrypt#!83#!N%Tip^?\=p?#I#'E9^#^R4X`sRw:_&G@u;hj $%Yi48ZIv=3%5;]L5=v0lZ.>UgcP%3qeV^g(,8\rMxL`b
#!encrypt#!75#!~aH]8Vol]!T+`yw>HP0]{oHx:t/V,[1c,G&iwp(%ZcbuI-m@mb_ZpYgy~clV{[gr>l40nuPQ?$
#!encrypt#!1#!
#!encrypt#!47#!N%Ti<^6\+j81{o%/`nee^:~e(Aw7G:-Gq)E1q^BR%#T^hJ
#!encrypt#!26#!

M*OZn:P\Yp>E.s,p#l?"kyA
#!encrypt#!4#!N%Ti#!encrypt#!22#!hlJ.3KyKUwAO`Ypt}^m2rp#!encrypt#!3#!NTT#!encrypt#!3#!{t|#!encrypt#!19#!N{e]Y=+\tX;ezEK>,g0#!encrypt#!4#!N3h"#!encrypt#!1#!
#!encrypt#!73#!-T_Zn;^^D!LZY3<L&!d:LC&{ct:REUm#-T_Zn;^^D!LZY3<L&!d:LC&{ct:REUm#-T_Zn;^^
#!encrypt#!87#!N%Tip^?\=p?#I#'E9^#v&jQjhn\2sk-c>YA.#^of:,8-vvxL`5N]tZ $c^/N>7>HNTT&WVI!9xLp`Hxb[1#:{7
#!encrypt#!75#!~aH]8Vol]!T+`yw>HP0]{oHx:t/V,[1c,G&iwp(%ZcbuI-m@mb_ZpYgy~clV{[gr>l40nuPQ?$
#!encrypt#!1#!
#!encrypt#!26#!

M*OZn:P\Yp>E.s,p#l,"kyA
#!encrypt#!4#!N%Ti#!encrypt#!20#!hlJ.3KyKUwAO`Ypt}^m2#!encrypt#!3#!NTT#!encrypt#!3#!68=#!encrypt#!23#!N3fIqfAR.#BJGyL,U"ee^:k#!encrypt#!5#!NKe*&#!encrypt#!1#!
#!encrypt#!73#!-T_Zn;^^D!LZY3<L&!d:LC&{ct:REUm#-T_Zn;^^D!LZY3<L&!d:LC&{ct:REUm#-T_Zn;^^
#!encrypt#!85#!N%Tip^?\=p?#I#'E9^#v&jQjhn\2sk-c>YA.#^ojge\3I3x44-\WO5&$VQ$B$ug#N;!itopgDxT[IS1r`!#u
#!encrypt#!75#!~aH]8Vol]!T+`yw>HP0]{oHx:t/V,[1c,G&iwp(%ZcbuI-m@mb_ZpYgy~clV{[gr>l40nuPQ?$
#!encrypt#!1#!
#!encrypt#!40#!N%Ti<^6\+j81{o%/`^m8rO[4UP#`K[PV]Xe]Y=h
#!encrypt#!26#!

M*OZn:P\Yp>E.s,p#lp"kyA
#!encrypt#!4#!N%Ti#!encrypt#!29#!>3f;qZ(oPJ?J}`E&N3G{&H+e c#*M#!encrypt#!3#!NTT#!encrypt#!11#!@qFqqBQLXeo#!encrypt#!20#!N{e]Y=+\tX;ezEKT0Kh_#!encrypt#!2#!N+#!encrypt#!7#!QSTR4eh#!encrypt#!1#!
#!encrypt#!73#!-T_Zn;^^D!LZY3<L&!d:LC&{ct:REUm#-T_Zn;^^D!LZY3<L&!d:LC&{ct:REUm#-T_Zn;^^
#!encrypt#!94#!N%Tip^?\=p?#I#'E9^#^R4X`sRw:_&G@uAyP$f_\x:,O2Y$J4-$H85&$#Q$ $ug#N;!i5ipgDxT[I?1r`!#ub5P @^:t,
#!encrypt#!75#!~aH]8Vol]!T+`yw>HP0]{oHx:t/V,[1c,G&iwp(%ZcbuI-m@mb_ZpYgy~clV{[gr>l40nuPQ?$
#!encrypt#!1#!
#!encrypt#!26#!

M*OZn:P\Yp>E.s,p#l#"kyA
#!encrypt#!4#!N%Ti#!encrypt#!18#!>3f;qZ(oPJ?J}`R.mP#!encrypt#!3#!NTT#!encrypt#!17#!)(>q64%A{X?TGRzC9#!encrypt#!19#!N{e]Y=+\tX;ezEKw!KE#!encrypt#!30#!N{e]Y=+\tX;ezEKT0Kh_r4i42P<it##!encrypt#!2#!N+#!encrypt#!4#!QSTn#!encrypt#!1#!
#!encrypt#!73#!-T_Zn;^^D!LZY3<L&!d:LC&{ct:REUm#-T_Zn;^^D!LZY3<L&!d:LC&{ct:REUm#-T_Zn;^^
#!encrypt#!83#!N%Tip^?\=p?#I#'E9^#^R4X`sRw:_&G@uIh7B$%Yi48ZIv=3%5;]L5=v0lZ.>UgcP%3qeV^g(,8\rMxL`b
#!encrypt#!75#!~aH]8Vol]!T+`yw>HP0]{oHx:t/V,[1c,G&iwp(%ZcbuI-m@mb_ZpYgy~clV{[gr>l40nuPQ?$
#!encrypt#!1#!
#!encrypt#!47#!N%Ti<^6\+j81{o%/`nee^:~e(Aw7G:-Gq)E1q^BR%#s^7-
#!encrypt#!26#!

M*OZn:P\Yp>E.s,p#lc"kyA
#!encrypt#!4#!N%Ti#!encrypt#!22#!hlJ.3KyKUwAO2Y$J}^m2rp#!encrypt#!3#!NTT#!encrypt#!3#!{t|#!encrypt#!19#!N{e]Y=+\tX;ezEKJ,E<#!encrypt#!4#!N3h"#!encrypt#!1#!
#!encrypt#!73#!-T_Zn;^^D!LZY3<L&!d:LC&{ct:REUm#-T_Zn;^^D!LZY3<L&!d:LC&{ct:REUm#-T_Zn;^^
#!encrypt#!87#!N%Tip^?\=p?#I#'E9^#v&jQjhn\2sk-p>d&.#^of:,8-vvxL`5N]tZ $c^/N>7>HNTT&WVI!9xLp`Hxb[1#:{7
#!encrypt#!75#!~aH]8Vol]!T+`yw>HP0]{oHx:t/V,[1c,G&iwp(%ZcbuI-m@mb_ZpYgy~clV{[gr>l40nuPQ?$
#!encrypt#!1#!
#!encrypt#!26#!

M*OZn:P\Yp>E.s,p#l>"kyA
#!encrypt#!4#!N%Ti#!encrypt#!20#!hlJ.3KyKUwAO2Y$J}^m2#!encrypt#!3#!NTT#!encrypt#!3#!68=#!encrypt#!23#!N3fIqfAR.#BJG-LO#"ee^:k#!encrypt#!5#!NKe*&#!encrypt#!1#!
#!encrypt#!73#!-T_Zn;^^D!LZY3<L&!d:LC&{ct:REUm#-T_Zn;^^D!LZY3<L&!d:LC&{ct:REUm#-T_Zn;^^
#!encrypt#!85#!N%Tip^?\=p?#I#'E9^#v&jQjhn\2sk-p>d&.#^ojge\3I3x44-\WO5&$VQ$B$ug#N;!itopgDxT[IS1r`!#u
#!encrypt#!75#!~aH]8Vol]!T+`yw>HP0]{oHx:t/V,[1c,G&iwp(%ZcbuI-m@mb_ZpYgy~clV{[gr>l40nuPQ?$
#!encrypt#!1#!
#!encrypt#!40#!N%Ti<^6\+j81{o%/`^m8rO[4UP#`K#PJ0Xe]Y=h
#!encrypt#!26#!

M*OZn:P\Yp>E.s,p#la"kyA
#!encrypt#!4#!N%Ti#!encrypt#!29#!>3f;qZ(oPJ?J}`E&N3G{&H+e w#{b#!encrypt#!3#!NTT#!encrypt#!11#!@qFqqBQLXeo#!encrypt#!20#!N{e]Y=+\tX;ezEKT0Kh_#!encrypt#!2#!N+#!encrypt#!7#!QSTn4XV#!encrypt#!1#!
#!encrypt#!73#!-T_Zn;^^D!LZY3<L&!d:LC&{ct:REUm#-T_Zn;^^D!LZY3<L&!d:LC&{ct:REUm#-T_Zn;^^
#!encrypt#!94#!N%Tip^?\=p?#I#'E9^#^R4X`sRw:_&G@uAyP$f_\x:,O4YS54-$H85&$#Q$ $ug#N;!i5ipgDxT[I?1r`!#ub5P @^:t,
#!encrypt#!75#!~aH]8Vol]!T+`yw>HP0]{oHx:t/V,[1c,G&iwp(%ZcbuI-m@mb_ZpYgy~clV{[gr>l40nuPQ?$
#!encrypt#!1#!
#!encrypt#!26#!

M*OZn:P\Yp>E.s,p#l "kyA
#!encrypt#!4#!N%Ti#!encrypt#!18#!>3f;qZ(oPJ?J}`m.rN#!encrypt#!3#!NTT#!encrypt#!17#!)(>q64%A{X?TGRzC9#!encrypt#!19#!N{e]Y=+\tX;ezEKw!KE#!encrypt#!30#!N{e]Y=+\tX;ezEKT0Kh_r4i42Pli<h#!encrypt#!2#!N+#!encrypt#!4#!QSTn#!encrypt#!1#!
#!encrypt#!73#!-T_Zn;^^D!LZY3<L&!d:LC&{ct:REUm#-T_Zn;^^D!LZY3<L&!d:LC&{ct:REUm#-T_Zn;^^
#!encrypt#!83#!N%Tip^?\=p?#I#'E9^#^R4X`sRw:_&G@ufhcL$%Yi48ZIv=3%5;]L5=v0lZ.>UgcP%3qeV^g(,8\rMxL`b
#!encrypt#!75#!~aH]8Vol]!T+`yw>HP0]{oHx:t/V,[1c,G&iwp(%ZcbuI-m@mb_ZpYgy~clV{[gr>l40nuPQ?$
#!encrypt#!1#!
#!encrypt#!47#!N%Ti<^6\+j81{o%/`nee^:~e(Aw7G:-Gq)E1q^BR%#5^x*
#!encrypt#!26#!

M*OZn:P\Yp>E.s,p#l5"kyA
#!encrypt#!4#!N%Ti#!encrypt#!22#!hlJ.3KyKUwAO4YS5}^m2rp#!encrypt#!3#!NTT#!encrypt#!3#!{t|#!encrypt#!19#!N{e]Y=+\tX;ezEK=,/|#!encrypt#!4#!N3h"#!encrypt#!1#!
#!encrypt#!73#!-T_Zn;^^D!LZY3<L&!d:LC&{ct:REUm#-T_Zn;^^D!LZY3<L&!d:LC&{ct:REUm#-T_Zn;^^
#!encrypt#!87#!N%Tip^?\=p?#I#'E9^#v&jQjhn\2sk-`>w8.#^of:,8-vvxL`5N]tZ $c^/N>7>HNTT&WVI!9xLp`Hxb[1#:{7
#!encrypt#!75#!~aH]8Vol]!T+`yw>HP0]{oHx:t/V,[1c,G&iwp(%ZcbuI-m@mb_ZpYgy~clV{[gr>l40nuPQ?$
#!encrypt#!1#!
#!encrypt#!26#!

M*OZn:P\Yp>E.s,p#l$"kyA
#!encrypt#!4#!N%Ti#!encrypt#!20#!hlJ.3KyKUwAO4YS5}^m2#!encrypt#!3#!NTT#!encrypt#!3#!68=#!encrypt#!23#!N3fIqfAR.#BJGiL0A"ee^:k#!encrypt#!5#!NKe*&#!encrypt#!1#!
#!encrypt#!73#!-T_Zn;^^D!LZY3<L&!d:LC&{ct:REUm#-T_Zn;^^D!LZY3<L&!d:LC&{ct:REUm#-T_Zn;^^
#!encrypt#!85#!N%Tip^?\=p?#I#'E9^#v&jQjhn\2sk-`>w8.#^ojge\3I3x44-\WO5&$VQ$B$ug#N;!itopgDxT[IS1r`!#u
#!encrypt#!75#!~aH]8Vol]!T+`yw>HP0]{oHx:t/V,[1c,G&iwp(%ZcbuI-m@mb_ZpYgy~clV{[gr>l40nuPQ?$
#!encrypt#!1#!
#!encrypt#!40#!N%Ti<^6\+j81{o%/`^m8rO[4UP#`KRP\;Xe]Y=h
#!encrypt#!26#!

M*OZn:P\Yp>E.s,p#1?"kyA
#!encrypt#!4#!N%Ti#!encrypt#!29#!>3f;qZ(oPJ?J}`E&N3G{&H+e \#'V#!encrypt#!3#!NTT#!encrypt#!11#!@qFqqBQLXeo#!encrypt#!20#!N{e]Y=+\tX;ezEKT0Kh_#!encrypt#!2#!N+#!encrypt#!7#!QST?4`)#!encrypt#!1#!
#!encrypt#!73#!-T_Zn;^^D!LZY3<L&!d:LC&{ct:REUm#-T_Zn;^^D!LZY3<L&!d:LC&{ct:REUm#-T_Zn;^^
#!encrypt#!94#!N%Tip^?\=p?#I#'E9^#^R4X`sRw:_&G@uAyP$f_\x:,OwYjP4-$H85&$#Q$ $ug#N;!i5ipgDxT[I?1r`!#ub5P @^:t,
#!encrypt#!75#!~aH]8Vol]!T+`yw>HP0]{oHx:t/V,[1c,G&iwp(%ZcbuI-m@mb_ZpYgy~clV{[gr>l40nuPQ?$
#!encrypt#!1#!
#!encrypt#!37#!N%Ti<^6\+j81{o%/`nee^:~e(Aw7G:-Gq)E1
#!encrypt#!26#!

M*OZn:P\Yp>E.s,p#1,"kyA
#!encrypt#!4#!N%Ti#!encrypt#!18#!>3f;qZ(oPJ?J}``.K=#!encrypt#!3#!NTT#!encrypt#!17#!)(>q64%A{X?TGRzC9#!encrypt#!19#!N{e]Y=+\tX;ezEKw!KE#!encrypt#!30#!N{e]Y=+\tX;ezEKT0Kh_r4i42PSinS#!encrypt#!2#!N+#!encrypt#!4#!QSTn#!encrypt#!1#!
#!encrypt#!73#!-T_Zn;^^D!LZY3<L&!d:LC&{ct:REUm#-T_Zn;^^D!LZY3<L&!d:LC&{ct:REUm#-T_Zn;^^
#!encrypt#!83#!N%Tip^?\=p?#I#'E9^#^R4X`sRw:_&G@uGh%m$%Yi48ZIv=3%5;]L5=v0lZ.>UgcP%3qeV^g(,8\rMxL`b
#!encrypt#!75#!~aH]8Vol]!T+`yw>HP0]{oHx:t/V,[1c,G&iwp(%ZcbuI-m@mb_ZpYgy~clV{[gr>l40nuPQ?$
#!encrypt#!1#!
#!encrypt#!36#!N%Ti<^6\+j81{o%/`nee^:~e(Aw7G:-wL)W
#!encrypt#!47#!N%Ti<^6\+j81{o%/`nee^:~e(Aw7G:-Gq)E1q^BR%#C^F=
#!encrypt#!26#!

M*OZn:P\Yp>E.s,p#1p"kyA
#!encrypt#!4#!N%Ti#!encrypt#!22#!hlJ.3KyKUwAOwYjP}^m2rp#!encrypt#!3#!NTT#!encrypt#!3#!{t|#!encrypt#!19#!N{e]Y=+\tX;ezEK5,i)#!encrypt#!4#!N3h"#!encrypt#!1#!
#!encrypt#!73#!-T_Zn;^^D!LZY3<L&!d:LC&{ct:REUm#-T_Zn;^^D!LZY3<L&!d:LC&{ct:REUm#-T_Zn;^^
#!encrypt#!87#!N%Tip^?\=p?#I#'E9^#v&jQjhn\2sk-Q>.b.#^of:,8-vvxL`5N]tZ $c^/N>7>HNTT&WVI!9xLp`Hxb[1#:{7
#!encrypt#!75#!~aH]8Vol]!T+`yw>HP0]{oHx:t/V,[1c,G&iwp(%ZcbuI-m@mb_ZpYgy~clV{[gr>l40nuPQ?$
#!encrypt#!1#!
#!encrypt#!21#!N%Ti<^6\+j81{o%/`^S<
#!encrypt#!26#!

M*OZn:P\Yp>E.s,p#1#"kyA
#!encrypt#!4#!N%Ti#!encrypt#!20#!hlJ.3KyKUwAOwYjP}^m2#!encrypt#!3#!NTT#!encrypt#!3#!68=#!encrypt#!23#!N3fIqfAR.#BJG*L~_"ee^:k#!encrypt#!5#!NKe*&#!encrypt#!1#!
#!encrypt#!73#!-T_Zn;^^D!LZY3<L&!d:LC&{ct:REUm#-T_Zn;^^D!LZY3<L&!d:LC&{ct:REUm#-T_Zn;^^
#!encrypt#!85#!N%Tip^?\=p?#I#'E9^#v&jQjhn\2sk-Q>.b.#^ojge\3I3x44-\WO5&$VQ$B$ug#N;!itopgDxT[IS1r`!#u
#!encrypt#!75#!~aH]8Vol]!T+`yw>HP0]{oHx:t/V,[1c,G&iwp(%ZcbuI-m@mb_ZpYgy~clV{[gr>l40nuPQ?$
#!encrypt#!1#!
#!encrypt#!40#!N%Ti<^6\+j81{o%/`^m8rO[4UP#`KhP4VXe]Y=h
#!encrypt#!26#!

M*OZn:P\Yp>E.s,p#1c"kyA
#!encrypt#!4#!N%Ti#!encrypt#!21#!hlJ.dfAR.#BJGyLPA"ee^#!encrypt#!3#!NTT#!encrypt#!3#!{t|#!encrypt#!19#!N{e]Y=+\tX;ezEK>,=|#!encrypt#!5#!NKe*&#!encrypt#!1#!
#!encrypt#!73#!-T_Zn;^^D!LZY3<L&!d:LC&{ct:REUm#-T_Zn;^^D!LZY3<L&!d:LC&{ct:REUm#-T_Zn;^^
#!encrypt#!86#!N%Tip^?\=p?#I#'E9^#v&jQ:UAW!K1G"!{b?qZ([Ox1cHu<3e&#Y8P7{0Syti~dr-%K)w1QLg!8 5u@2x-d]?
#!encrypt#!75#!~aH]8Vol]!T+`yw>HP0]{oHx:t/V,[1c,G&iwp(%ZcbuI-m@mb_ZpYgy~clV{[gr>l40nuPQ?$
#!encrypt#!1#!
#!encrypt#!36#!N%Ti<^6\+j81{o%/`nee^:~e(Aw7G:-c>E8
#!encrypt#!26#!

M*OZn:P\Yp>E.s,p#1>"kyA
#!encrypt#!4#!N%Ti#!encrypt#!21#!hlJ.dfAR.#BJGyL,U"ee^#!encrypt#!3#!NTT#!encrypt#!3#!{t|#!encrypt#!19#!N{e]Y=+\tX;ezEK>,g0#!encrypt#!5#!NKe*&#!encrypt#!1#!
#!encrypt#!73#!-T_Zn;^^D!LZY3<L&!d:LC&{ct:REUm#-T_Zn;^^D!LZY3<L&!d:LC&{ct:REUm#-T_Zn;^^
#!encrypt#!86#!N%Tip^?\=p?#I#'E9^#v&jQ:UAW!K1G"!{IuqZ([Ox1cHu<3e&#Y8P7{0Syti~dr-%K)w1QLg!8 5u@2x-d]?
#!encrypt#!75#!~aH]8Vol]!T+`yw>HP0]{oHx:t/V,[1c,G&iwp(%ZcbuI-m@mb_ZpYgy~clV{[gr>l40nuPQ?$
#!encrypt#!1#!
#!encrypt#!36#!N%Ti<^6\+j81{o%/`nee^:~e(Aw7G:-c>YA
#!encrypt#!26#!

M*OZn:P\Yp>E.s,p#1a"kyA
#!encrypt#!4#!N%Ti#!encrypt#!21#!hlJ.dfAR.#BJG-LO#"ee^#!encrypt#!3#!NTT#!encrypt#!3#!{t|#!encrypt#!19#!N{e]Y=+\tX;ezEKJ,E<#!encrypt#!5#!NKe*&#!encrypt#!1#!
#!encrypt#!73#!-T_Zn;^^D!LZY3<L&!d:LC&{ct:REUm#-T_Zn;^^D!LZY3<L&!d:LC&{ct:REUm#-T_Zn;^^
#!encrypt#!86#!N%Tip^?\=p?#I#'E9^#v&jQ:UAW!K1G"0{ORqZ([Ox1cHu<3e&#Y8P7{0Syti~dr-%K)w1QLg!8 5u@2x-d]?
#!encrypt#!75#!~aH]8Vol]!T+`yw>HP0]{oHx:t/V,[1c,G&iwp(%ZcbuI-m@mb_ZpYgy~clV{[gr>l40nuPQ?$
#!encrypt#!1#!
#!encrypt#!36#!N%Ti<^6\+j81{o%/`nee^:~e(Aw7G:-p>d&
#!encrypt#!26#!

M*OZn:P\Yp>E.s,p#1 "kyA
#!encrypt#!4#!N%Ti#!encrypt#!21#!hlJ.dfAR.#BJGiL0A"ee^#!encrypt#!3#!NTT#!encrypt#!3#!{t|#!encrypt#!19#!N{e]Y=+\tX;ezEK=,/|#!encrypt#!5#!NKe*&#!encrypt#!1#!
#!encrypt#!73#!-T_Zn;^^D!LZY3<L&!d:LC&{ct:REUm#-T_Zn;^^D!LZY3<L&!d:LC&{ct:REUm#-T_Zn;^^
#!encrypt#!86#!N%Tip^?\=p?#I#'E9^#v&jQ:UAW!K1G"p{u?qZ([Ox1cHu<3e&#Y8P7{0Syti~dr-%K)w1QLg!8 5u@2x-d]?
#!encrypt#!75#!~aH]8Vol]!T+`yw>HP0]{oHx:t/V,[1c,G&iwp(%ZcbuI-m@mb_ZpYgy~clV{[gr>l40nuPQ?$
#!encrypt#!1#!
#!encrypt#!36#!N%Ti<^6\+j81{o%/`nee^:~e(Aw7G:-`>w8
#!encrypt#!26#!

M*OZn:P\Yp>E.s,p#15"kyA
#!encrypt#!4#!N%Ti#!encrypt#!21#!hlJ.dfAR.#BJG*L~_"ee^#!encrypt#!3#!NTT#!encrypt#!3#!{t|#!encrypt#!19#!N{e]Y=+\tX;ezEK5,i)#!encrypt#!5#!NKe*&#!encrypt#!1#!
#!encrypt#!73#!-T_Zn;^^D!LZY3<L&!d:LC&{ct:REUm#-T_Zn;^^D!LZY3<L&!d:LC&{ct:REUm#-T_Zn;^^
#!encrypt#!86#!N%Tip^?\=p?#I#'E9^#v&jQ:UAW!K1G";{oOqZ([Ox1cHu<3e&#Y8P7{0Syti~dr-%K)w1QLg!8 5u@2x-d]?
#!encrypt#!75#!~aH]8Vol]!T+`yw>HP0]{oHx:t/V,[1c,G&iwp(%ZcbuI-m@mb_ZpYgy~clV{[gr>l40nuPQ?$
#!encrypt#!1#!
#!encrypt#!36#!N%Ti<^6\+j81{o%/`nee^:~e(Aw7G:-Q>.b
#!encrypt#!22#!N%Ti<^6\+j81{o%/`:e^x
#!encrypt#!26#!

M*OZn:P\Yp>E.s,p#1$"kyA
#!encrypt#!4#!N%Ti#!encrypt#!9#!.OhpYK*@=#!encrypt#!3#!NTT#!encrypt#!15#!)(>q64%A%.a1z1%#!encrypt#!5#!Nc4*&#!encrypt#!8#!Nkypm=A5#!encrypt#!2#!N+#!encrypt#!4#!a#T&#!encrypt#!1#!
#!encrypt#!73#!-T_Zn;^^D!LZY3<L&!d:LC&{ct:REUm#-T_Zn;^^D!LZY3<L&!d:LC&{ct:REUm#-T_Zn;^^
#!encrypt#!74#!N%Tip^?\=p?#I#'E9^#2VJIXhrkso4+'%%_iS$%'#>8ZIy=3=5;]L5=v0ER.>UgcP%DqeV^g(
#!encrypt#!75#!~aH]8Vol]!T+`yw>HP0]{oHx:t/V,[1c,G&iwp(%ZcbuI-m@mb_ZpYgy~clV{[gr>l40nuPQ?$
#!encrypt#!1#!
#!encrypt#!22#!N%Ti<^6\+j81{o%/`j8^x
#!encrypt#!25#!N%Ti<^6\+j81{o%/`Cz$#:[;
#!encrypt#!26#!

M*OZn:P\Yp>E.s,p#3?"kyA
#!encrypt#!4#!N%Ti#!encrypt#!7#!5Zn/{~(#!encrypt#!3#!NTT#!encrypt#!14#!)(>q64%AP.;lUR#!encrypt#!5#!ND4fO#!encrypt#!4#!NJg_#!encrypt#!1#!
#!encrypt#!73#!-T_Zn;^^D!LZY3<L&!d:LC&{ct:REUm#-T_Zn;^^D!LZY3<L&!d:LC&{ct:REUm#-T_Zn;^^
#!encrypt#!72#!N%Tip^?\=p?#I#'E9^#Yy:+xqRytTA>r-%:)w1YLg!8 5u@4x-d]?#7_#W$R>[)rS( inVK
#!encrypt#!75#!~aH]8Vol]!T+`yw>HP0]{oHx:t/V,[1c,G&iwp(%ZcbuI-m@mb_ZpYgy~clV{[gr>l40nuPQ?$
#!encrypt#!1#!
#!encrypt#!22#!N%Ti<^6\+j81{o%/`@8E&
#!encrypt#!21#!N%Ti<^6\+j81{o%/`QV4
#!encrypt#!26#!

M*OZn:P\Yp>E.s,p#3,"kyA
#!encrypt#!4#!N%Ti#!encrypt#!11#!5ZnaG4_R1/,#!encrypt#!3#!NTT#!encrypt#!13#!)(>q64%A+\R(=#!encrypt#!8#!Np[.pP*\#!encrypt#!16#!Np[.T\C>mjMo}cUx#!encrypt#!1#!
#!encrypt#!73#!-T_Zn;^^D!LZY3<L&!d:LC&{ct:REUm#-T_Zn;^^D!LZY3<L&!d:LC&{ct:REUm#-T_Zn;^^
#!encrypt#!76#!N%Tip^?\=p?#I#'E9^#Yy:P {PWypr)r~r:inVYjgC"/I3x>4-{WO5&$VQ$ gug#N;!i5opgDxT
#!encrypt#!75#!~aH]8Vol]!T+`yw>HP0]{oHx:t/V,[1c,Gbiwp(%ZcbuI-m@mb_ZpYgy~clV{[gr>l40nuPQ?$
#!encrypt#!1#!
#!encrypt#!25#!N%Ti<^6\+j81{o%/`<H{W}ne
#!encrypt#!26#!

M*OZn:P\Yp>E.s,p#3p"kyA
#!encrypt#!4#!N%Ti#!encrypt#!11#!?4ffq%G>l#)#!encrypt#!3#!NTT#!encrypt#!3#!68=#!encrypt#!5#!Nol]$#!encrypt#!12#!Np[.5o{fVp?##!encrypt#!1#!
#!encrypt#!73#!-T_Zn;^^D!LZY3<L&!d:LC&{ct:REUm#-T_Zn;^^D!LZY3<L&!d:LC&{ct:REUm#-T_Zn;^^
#!encrypt#!81#!N%Tip^?\=p?#I#'E9^#!h4n`=_1\KJ)r~r:inVYjgC"/I3x54-{WO5&$Ie/N>OnHNTTnr$%77>8ZI*p>
#!encrypt#!75#!~aH]8Vol]!T+`yw>HP0]{oHx:t/V,[1c,Gbiwp(%ZcbuI-m@mb_ZpYgy~clV{[gr>l40nuPQ?$
#!encrypt#!1#!
#!encrypt#!26#!

M*OZn:P\Yp>E.s,p#3#"kyA
#!encrypt#!4#!N%Ti#!encrypt#!9#!?4ffq%G>l#!encrypt#!3#!NTT#!encrypt#!3#!68=#!encrypt#!12#!Nol]$=?@=YMn#!encrypt#!5#!NPgfZ#!encrypt#!1#!
#!encrypt#!73#!-T_Zn;^^D!LZY3<L&!d:LC&{ct:REUm#-T_Zn;^^D!LZY3<L&!d:LC&{ct:REUm#-T_Zn;^^
#!encrypt#!79#!N%Tip^?\=p?#I#'E9^#!h4n`=_1\o4+'%%_iS$%'#>8ZI*=3=5;]L5kLVQ$ gug#NfK)w)QLg!8Ihy
#!encrypt#!75#!~aH]8Vol]!T+`yw>HP0]{oHx:t/V,[1c,Gbiwp(%ZcbuI-m@mb_ZpYgy~clV{[gr>l40nuPQ?$
#!encrypt#!1#!
#!encrypt#!26#!

M*OZn:P\Yp>E.s,p#3c"kyA
#!encrypt#!4#!N%Ti#!encrypt#!13#!?4ffq|h )#Q#u#!encrypt#!3#!NTT#!encrypt#!3#!{t|#!encrypt#!10#!Nol]$=?@=Y#!encrypt#!6#!NoY_7?#!encrypt#!1#!
#!encrypt#!73#!-T_Zn;^^D!LZY3<L&!d:LC&{ct:REUm#-T_Zn;^^D!LZY3<L&!d:LC&{ct:REUm#-T_Zn;^^
#!encrypt#!83#!N%Tip^?\=p?#I#'E9^#!h4n`Vc|{K:*aP%=3SV^g#,8SHMxL`NN]uZ $c^<*,qgl@tTZwuKjg?+/I3x5Sb
#!encrypt#!75#!~aH]8Vol]!T+`yw>HP0]{oHx:t/V,[1c,Gbiwp(%ZcbuI-m@mb_ZpYgy~ccV<Kgr>l40nuPQ?$
#!encrypt#!1#!
#!encrypt#!27#!N%Ti<^6\+j81{o%/`.teN:2!sz
#!encrypt#!26#!

M*OZn:P\Yp>E.s,p#3>"kyA
#!encrypt#!4#!N%Ti#!encrypt#!11#!>4ffq%G>l#)#!encrypt#!3#!NTT#!encrypt#!3#!68=#!encrypt#!5#!N{l]$#!encrypt#!12#!Np[.5o{fVp?##!encrypt#!1#!
#!encrypt#!73#!-T_Zn;^^D!LZY3<L&!d:LC&{ct:REUm#-T_Zn;^^D!LZY3<L&!d:LC&{ct:REUm#-T_Zn;^^
#!encrypt#!81#!N%Tip^?\=p?#I#'E9^#^h4n`=_1\KJ)r~r:inVYjgC"/I3x54-{WO5&$Ie/N>OnHNTTnr$%77>8ZI*p>
#!encrypt#!75#!~aH]8Vol]!T+`yw>HP0]{oHx:t/V,[1c,Gbiwp(%ZcbuI-m@mb_ZpYgy~clV{[gr>l40nuPQ?$
#!encrypt#!1#!
#!encrypt#!26#!

M*OZn:P\Yp>E.s,p#3a"kyA
#!encrypt#!4#!N%Ti#!encrypt#!7#![kE*7^*#!encrypt#!3#!NTT#!encrypt#!3#!{t|#!encrypt#!5#!N{l]$#!encrypt#!5#!NJgf(#!encrypt#!1#!
#!encrypt#!73#!-T_Zn;^^D!LZY3<L&!d:LC&{ct:REUm#-T_Zn;^^D!LZY3<L&!d:LC&{ct:REUm#-T_Zn;^^
#!encrypt#!72#!N%Tip^?\=p?#I#'E9^#_);Gu2rytTA>r-%:)w1YLg!8 5u@4x-d]?#7_#W$R>[)rS( inVK
#!encrypt#!75#!~aH]8Vol]!T+`yw>HP0]{oHx:t/V,[1c,Gbiwp(%ZcbuI-m@mb_ZpYgy~clV{[gr>l40nuPQ?$
#!encrypt#!1#!
#!encrypt#!22#!N%Ti<^6\+j81{o%/`QVED
#!encrypt#!26#!

M*OZn:P\Yp>E.s,p#3 "kyA
#!encrypt#!4#!N%Ti#!encrypt#!11#!>4ffq%G>l#m#!encrypt#!3#!NTT#!encrypt#!3#!68=#!encrypt#!12#!N{l]$=?@=YMn#!encrypt#!8#!NJgf(?(:#!encrypt#!1#!
#!encrypt#!73#!-T_Zn;^^D!LZY3<L&!d:LC&{ct:REUm#-T_Zn;^^D!LZY3<L&!d:LC&{ct:REUm#-T_Zn;^^
#!encrypt#!81#!N%Tip^?\=p?#I#'E9^#^h4n`=_1\KE)r~r:inVYjgC"/I3x54-{WO5&$Ie/N>OnHNTTnr$%77>8ZI*p>
#!encrypt#!75#!~aH]8Vol]!T+`yw>HP0]{oHx:t/V,[1c,Gbiwp(%ZcbuI-m@mb_ZpYgy~clV{[gr>l40nuPQ?$
#!encrypt#!1#!
#!encrypt#!29#!N%Ti<^6\+j81{o%/`nteN:2!szgy
#!encrypt#!26#!

M*OZn:P\Yp>E.s,p#35"kyA
#!encrypt#!4#!N%Ti#!encrypt#!9#!>4ffq%G>l#!encrypt#!3#!NTT#!encrypt#!3#!68=#!encrypt#!12#!N{l]$=?@=YMD#!encrypt#!5#!NPgfZ#!encrypt#!1#!
#!encrypt#!73#!-T_Zn;^^D!LZY3<L&!d:LC&{ct:REUm#-T_Zn;^^D!LZY3<L&!d:LC&{ct:REUm#-T_Zn;^^
#!encrypt#!79#!N%Tip^?\=p?#I#'E9^#^h4n`=_1\o4+'%%_iS$%'#>8ZI*=3=5;]L5kLVQ$ gug#NfK)w)QLg!8Ihy
#!encrypt#!75#!~aH]8Vol]!T+`yw>HP0]{oHx:t/V,[1c,Gbiwp(%ZcbuI-m@mb_ZpYgy~clV{[gr>l40nuPQ?$
#!encrypt#!1#!
#!encrypt#!26#!

M*OZn:P\Yp>E.s,p#3$"kyA
#!encrypt#!4#!N%Ti#!encrypt#!13#!>4ffq|h )#Q#u#!encrypt#!3#!NTT#!encrypt#!3#!{t|#!encrypt#!10#!N{l]$=?@=Y#!encrypt#!6#!N{Y_7?#!encrypt#!1#!
#!encrypt#!73#!-T_Zn;^^D!LZY3<L&!d:LC&{ct:REUm#-T_Zn;^^D!LZY3<L&!d:LC&{ct:REUm#-T_Zn;^^
#!encrypt#!83#!N%Tip^?\=p?#I#'E9^#^h4n`Vc|{K:*aP%=3SV^g#,8SHMxL`NN]uZ $c^<*,qgl@tTZwuKjg?+/I3x5Sb
#!encrypt#!75#!~aH]8Vol]!T+`yw>HP0]{oHx:t/V,[1c,Gbiwp(%ZcbuI-m@mb_ZpYgy~ccV<Kgr>l40nuPQ?$
#!encrypt#!1#!
#!encrypt#!27#!N%Ti<^6\+j81{o%/`nteN:2!sz
#!encrypt#!26#!

M*OZn:P\Yp>E.s,p#%?"kyA
#!encrypt#!4#!N%Ti#!encrypt#!7#! kE*7^*#!encrypt#!3#!NTT#!encrypt#!3#!{t|#!encrypt#!12#!N{l]$=?@=YMD#!encrypt#!5#!NPgfZ#!encrypt#!1#!
#!encrypt#!73#!-T_Zn;^^D!LZY3<L&!d:LC&{ct:REUm#-T_Zn;^^D!LZY3<L&!d:LC&{ct:REUm#-T_Zn;^^
#!encrypt#!72#!N%Tip^?\=p?#I#'E9^#");Gu2rytTA>r-%:)w1YLg!8 5u@4x-d]?#7_#W$R>[)rS( inVK
#!encrypt#!75#!~aH]8Vol]!T+`yw>HP0]{oHx:t/V,[1c,Gbiwp(%ZcbuI-m@mb_ZpYgy~clV{[gr>l40nuPQ?$
#!encrypt#!1#!
#!encrypt#!29#!N%Ti<^6\+j81{o%/`nteN:2!szg6
#!encrypt#!26#!

M*OZn:P\Yp>E.s,p#%,"kyA
#!encrypt#!4#!N%Ti#!encrypt#!16#! kE*7^*f(vVgGE%l#!encrypt#!3#!NTT#!encrypt#!3#!{t|#!encrypt#!8#!NPgf(?(:#!encrypt#!6#!N{Y_7?#!encrypt#!1#!
#!encrypt#!73#!-T_Zn;^^D!LZY3<L&!d:LC&{ct:REUm#-T_Zn;^^D!LZY3<L&!d:LC&{ct:REUm#-T_Zn;^^
#!encrypt#!81#!N%Tip^?\=p?#I#'E9^#");Gu2rgbM|@"hlq)w4 sg!835uW4x-d]?#7)oW$R>[)r5( inVKjg?+/I3x>
#!encrypt#!75#!~aH]8Vol]!T+`yw>HP0]{oHx:t/V,[1c,Gbiwp(%ZcbuI-m@mb_ZpYgy~clV{[gr>l40nuPQ?$
#!encrypt#!1#!
#!encrypt#!26#!

M*OZn:P\Yp>E.s,p#%p"kyA
#!encrypt#!4#!N%Ti#!encrypt#!7#! kE#7^*#!encrypt#!3#!NTT#!encrypt#!3#!{t|#!encrypt#!12#!Nol]$=?@=YMn#!encrypt#!5#!NPgfZ#!encrypt#!1#!
#!encrypt#!73#!-T_Zn;^^D!LZY3<L&!d:LC&{ct:REUm#-T_Zn;^^D!LZY3<L&!d:LC&{ct:REUm#-T_Zn;^^
#!encrypt#!72#!N%Tip^?\=p?#I#'E9^#");2u2rytTA>r-%:)w1YLg!8 5u@4x-d]?#7_#W$R>[)rS( inVK
#!encrypt#!75#!~aH]8Vol]!T+`yw>HP0]{oHx:t/V,[1c,Gbiwp(%ZcbuI-m@mb_ZpYgy~clV{[gr>l40nuPQ?$
#!encrypt#!1#!
#!encrypt#!29#!N%Ti<^6\+j81{o%/`.teN:2!szgy
#!encrypt#!26#!

M*OZn:P\Yp>E.s,p#%#"kyA
#!encrypt#!4#!N%Ti#!encrypt#!16#! kE#7^*f(vVgGE%l#!encrypt#!3#!NTT#!encrypt#!3#!{t|#!encrypt#!8#!NPgfZ?(:#!encrypt#!6#!NoY_7?#!encrypt#!1#!
#!encrypt#!73#!-T_Zn;^^D!LZY3<L&!d:LC&{ct:REUm#-T_Zn;^^D!LZY3<L&!d:LC&{ct:REUm#-T_Zn;^^
#!encrypt#!81#!N%Tip^?\=p?#I#'E9^#");2u2rgbM|@"hlq)w4 sg!835uW4x-d]?#7)oW$R>[)r5( inVKjg?+/I3x>
#!encrypt#!75#!~aH]8Vol]!T+`yw>HP0]{oHx:t/V,[1c,Gbiwp(%ZcbuI-m@mb_ZpYgy~clV{[gr>l40nuPQ?$
#!encrypt#!1#!
#!encrypt#!23#!N%Ti<^6\+j81{o%/`.j4h[
#!encrypt#!26#!

M*OZn:P\Yp>E.s,p#%c"kyA
#!encrypt#!4#!N%Ti#!encrypt#!16#![kE*7^*f(vVgGE%l#!encrypt#!3#!NTT#!encrypt#!3#!{t|#!encrypt#!8#!NJgf(?(:#!encrypt#!6#!N{Y_7?#!encrypt#!1#!
#!encrypt#!73#!-T_Zn;^^D!LZY3<L&!d:LC&{ct:REUm#-T_Zn;^^D!LZY3<L&!d:LC&{ct:REUm#-T_Zn;^^
#!encrypt#!81#!N%Tip^?\=p?#I#'E9^#_);Gu2rgbM|@"hlq)w4 sg!835uW4x-d]?#7)oW$R>[)r5( inVKjg?+/I3x>
#!encrypt#!75#!~aH]8Vol]!T+`yw>HP0]{oHx:t/V,[1c,Gbiwp(%ZcbuI-m@mb_ZpYgy~clV{[gr>l40nuPQ?$
#!encrypt#!1#!
#!encrypt#!23#!N%Ti<^6\+j81{o%/`nj4h[
#!encrypt#!26#!

M*OZn:P\Yp>E.s,p#%>"kyA
#!encrypt#!4#!N%Ti#!encrypt#!8#!5Zn#(\6e#!encrypt#!3#!NTT#!encrypt#!3#!{t|#!encrypt#!12#!Np[.5o{fVp?##!encrypt#!5#!NoJP&#!encrypt#!1#!
#!encrypt#!73#!-T_Zn;^^D!LZY3<L&!d:LC&{ct:REUm#-T_Zn;^^D!LZY3<L&!d:LC&{ct:REUm#-T_Zn;^^
#!encrypt#!73#!N%Tip^?\=p?#I#'E9^#Yy:26%%MN>Ct:NTT!WVIs9xLp`Hxbe1#:{7N$FL0tE4YAN-}zw;%W
#!encrypt#!75#!~aH]8Vol]!T+`yw>HP0]{oHx:t/V,[1c,Gbiwp(%ZcbuI-m@mb_ZpYgy~clV{[gr>l40nuPQ?$
#!encrypt#!1#!
#!encrypt#!26#!

M*OZn:P\Yp>E.s,p#%a"kyA
#!encrypt#!4#!N%Ti#!encrypt#!15#!5Zn#pP*\U_,h>53#!encrypt#!3#!NTT#!encrypt#!11#!@qFqq.QH7%1#!encrypt#!9#!Np[.Z"Gyk#!encrypt#!16#!Np[.T\C>mjMo}cUx#!encrypt#!17#!N+qkK%o#xjYeGaXAt#!encrypt#!1#!
#!encrypt#!73#!-T_Zn;^^D!LZY3<L&!d:LC&{ct:REUm#-T_Zn;^^D!LZY3<L&!d:LC&{ct:REUm#-T_Zn;^^
#!encrypt#!80#!N%Tip^?\=p?#I#'E9^#Yy:24Gr+2rr O7J!iDOYgDx+[I?gr`!#ub5Pn@^:t,qgl@tTZw|;g@AgpYu~
#!encrypt#!75#!~aH]8Vol]!T+`yw>HP0]{oHx:t/V,[1c,Gbiwp(%ZcbuI-m@mb_ZpYgy~clV{[gr>l40nuPQ?$
#!encrypt#!1#!
#!encrypt#!26#!

M*OZn:P\Yp>E.s,p#% "kyA
#!encrypt#!4#!N%Ti#!encrypt#!14#!5Zn#pP*\U8VFGc#!encrypt#!3#!NTT#!encrypt#!4#!2t=q#!encrypt#!16#!Np[.Z,n:%#=#Xn#7#!encrypt#!2#!N+#!encrypt#!12#! #`]w|'}g pa#!encrypt#!15#!N+M\$"C:gc,dEaX#!encrypt#!1#!
#!encrypt#!4#!N%Ti#!encrypt#!14#!5Zn#pP*\UTV Gc#!encrypt#!3#!NTT#!encrypt#!4#!2t=q#!encrypt#!16#!Np[.Z,n:%#=#Xn#7#!encrypt#!2#!N+#!encrypt#!11#! #`]w|'UgvC#!encrypt#!15#!N+M\$"C:gc,dEaX#!encrypt#!1#!
#!encrypt#!73#!-T_Zn;^^D!LZY3<L&!d:LC&{ct:REUm#-T_Zn;^^D!LZY3<L&!d:LC&{ct:REUm#-T_Zn;^^
#!encrypt#!79#!N%Tip^?\=p?#I#'E9^#Yy:24Gr+2V|q"o|T9ci%^g4>p|vY3&-Dr{sq'0t$bo4Cg6%_ir$%77>8ZIy
#!encrypt#!79#!N%Tip^?\=p?#I#'E9^#Yy:24Gr+2b|Y"o|T9ci%^g4>p|vY3&-Dr{sq'0t$bo4Cg6%_ir$%77>8ZIy
#!encrypt#!75#!~aH]8Vol]!T+`yw>HP0]{oHx:t/V,[1c,Gbiwp(%ZcbuI-m@mb_ZpYgy~clV{[gr>l40nuPQ?$
#!encrypt#!1#!
#!encrypt#!33#!N%Ti<^6\+j81{o%/`<H{;NI12PbK"P:6
#!encrypt#!26#!N%Ti<^6\+j81{o%/`<H{;J/N|
#!encrypt#!26#!

M*OZn:P\Yp>E.s,p#%5"kyA
#!encrypt#!4#!N%Ti#!encrypt#!12#!5Zn#pP*\U8VF#!encrypt#!3#!NTT#!encrypt#!3#!{t|#!encrypt#!15#!Np[.Z,n:%#Pm/`'#!encrypt#!5#!NPgfZ#!encrypt#!1#!
#!encrypt#!73#!-T_Zn;^^D!LZY3<L&!d:LC&{ct:REUm#-T_Zn;^^D!LZY3<L&!d:LC&{ct:REUm#-T_Zn;^^
#!encrypt#!77#!N%Tip^?\=p?#I#'E9^#Yy:24Gr+2V|qANFx!w;%sOxo3+u<3j&#S8P7{0Syt Qdr-%K)w)QLg!8 
#!encrypt#!75#!~aH]8Vol]!T+`yw>HP0]{oHx:t/V,[1c,Gbiwp(%ZcbuI-m@mb_ZpYgy~clV{[gr>l40nuPQ?$
#!encrypt#!1#!
#!encrypt#!32#!N%Ti<^6\+j81{o%/`<H{;NI12PmDVFO
#!encrypt#!26#!

M*OZn:P\Yp>E.s,p#%$"kyA
#!encrypt#!4#!N%Ti#!encrypt#!12#!5Zn#pP*\UTV #!encrypt#!3#!NTT#!encrypt#!3#!{t|#!encrypt#!15#!Np[.Z,n:%#Cm``'#!encrypt#!5#!NPgfZ#!encrypt#!1#!
#!encrypt#!73#!-T_Zn;^^D!LZY3<L&!d:LC&{ct:REUm#-T_Zn;^^D!LZY3<L&!d:LC&{ct:REUm#-T_Zn;^^
#!encrypt#!77#!N%Tip^?\=p?#I#'E9^#Yy:24Gr+2b|YANFx!w;%sOxo3+u<3j&#S8P7{0Syt Qdr-%K)w)QLg!8 
#!encrypt#!75#!~aH]8Vol]!T+`yw>HP0]{oHx:t/V,[1c,Gbiwp(%ZcbuI-m@mb_ZpYgy~clV{[gr>l40nuPQ?$
#!encrypt#!1#!
#!encrypt#!32#!N%Ti<^6\+j81{o%/`<H{;NI12PSD,FO
#!encrypt#!22#!N%Ti<^6\+j81{o%/`uVE;
#!encrypt#!27#!

M*OZn:P\Yp>E.s,p#Z?7p#VV
#!encrypt#!4#!N%Ti#!encrypt#!15#!5Zn/{~(fW<s P`'#!encrypt#!3#!NTT#!encrypt#!3#!68=#!encrypt#!12#!Np[.5o{fVp?##!encrypt#!13#!Np[.Z,n:%#Cm`#!encrypt#!1#!
#!encrypt#!73#!-T_Zn;^^D!LZY3<L&!d:LC&{ct:REUm#-T_Zn;^^D!LZY3<L&!d:LC&{ct:REUm#-T_Zn;^^
#!encrypt#!80#!N%Tip^?\=p?#I#'E9^#Yy:+xqRgkd#Y_uO!iDOYgDx"[I?gr`!#ub5Pn@^:t,qgl@tTZw|;g@AgpYu~
#!encrypt#!75#!~aH]8Vol]!T+`yw>HP0]{oHx:t/V,[1c,Gbiwp(%ZcbuI-m@mb_ZpYgy~clV{[gr>l40nuPQ?$
#!encrypt#!1#!
#!encrypt#!27#!

M*OZn:P\Yp>E.s,p#Z?pp#VV
#!encrypt#!4#!N%Ti#!encrypt#!15#!5Zn/{~(fW<s P`&#!encrypt#!3#!NTT#!encrypt#!3#!68=#!encrypt#!16#!Np[.pP*\UTV4`|Km#!encrypt#!13#!Np[.Z,n:%#Pm/#!encrypt#!1#!
#!encrypt#!73#!-T_Zn;^^D!LZY3<L&!d:LC&{ct:REUm#-T_Zn;^^D!LZY3<L&!d:LC&{ct:REUm#-T_Zn;^^
#!encrypt#!80#!N%Tip^?\=p?#I#'E9^#Yy:+xqRgkd#Y_u}!iDOYgDx"[I?gr`!#ub5Pn@^:t,qgl@tTZw|;g@AgpYu~
#!encrypt#!75#!~aH]8Vol]!T+`yw>HP0]{oHx:t/V,[1c,Gbiwp(%ZcbuI-m@mb_ZpYgy~clV{[gr>l40nuPQ?$
#!encrypt#!1#!
#!encrypt#!33#!N%Ti<^6\+j81{o%/`<H{W}ne \|$,|-E
#!encrypt#!27#!

M*OZn:P\Yp>E.s,p#Z?kp#VV
#!encrypt#!4#!N%Ti#!encrypt#!14#!5Zn#pP*\UTV4`|#!encrypt#!3#!NTT#!encrypt#!3#!{t|#!encrypt#!16#!Np[.pP*\UTV4`|Kw#!encrypt#!5#!NoJP&#!encrypt#!1#!
#!encrypt#!73#!-T_Zn;^^D!LZY3<L&!d:LC&{ct:REUm#-T_Zn;^^D!LZY3<L&!d:LC&{ct:REUm#-T_Zn;^^
#!encrypt#!79#!N%Tip^?\=p?#I#'E9^#Yy:24Gr+2b|kcW|T9ci%^g4>p|vY3&-Dr{sq'0t$bo4Cg6%_ir$%77>8ZIy
#!encrypt#!75#!~aH]8Vol]!T+`yw>HP0]{oHx:t/V,[1c,Gbiwp(%ZcbuI-m@mb_ZpYgy~clV{[gr>l40nuPQ?$
#!encrypt#!1#!
#!encrypt#!22#!N%Ti<^6\+j81{o%/`.MLx
#!encrypt#!27#!

M*OZn:P\Yp>E.s,p#Z?'p#VV
#!encrypt#!4#!N%Ti#!encrypt#!14#!5Zn*pP*\UTV4`|#!encrypt#!3#!NTT#!encrypt#!3#!{t|#!encrypt#!16#!Np[.pP*\UTV4`|Kw#!encrypt#!5#!N{JP&#!encrypt#!1#!
#!encrypt#!73#!-T_Zn;^^D!LZY3<L&!d:LC&{ct:REUm#-T_Zn;^^D!LZY3<L&!d:LC&{ct:REUm#-T_Zn;^^
#!encrypt#!79#!N%Tip^?\=p?#I#'E9^#Yy:G4Gr+2b|kcW|T9ci%^g4>p|vY3&-Dr{sq'0t$bo4Cg6%_ir$%77>8ZIy
#!encrypt#!75#!~aH]8Vol]!T+`yw>HP0]{oHx:t/V,[1c,Gbiwp(%ZcbuI-m@mb_ZpYgy~clV{[gr>l40nuPQ?$
#!encrypt#!1#!
#!encrypt#!33#!N%Ti<^6\+j81{o%/`<H{W}ne \|$,|-w
#!encrypt#!22#!N%Ti<^6\+j81{o%/`nMLx
#!encrypt#!27#!

M*OZn:P\Yp>E.s,p#Z?<p#VV
#!encrypt#!4#!N%Ti#!encrypt#!9#!.Oh.HKB:.#!encrypt#!3#!NTT#!encrypt#!5#!{tF`G#!encrypt#!10#!Nc4*{wA:Zc#!encrypt#!2#!N+#!encrypt#!4#!QST&#!encrypt#!1#!
#!encrypt#!73#!-T_Zn;^^D!LZY3<L&!d:LC&{ct:REUm#-T_Zn;^^D!LZY3<L&!d:LC&{ct:REUm#-T_Zn;^^
#!encrypt#!74#!N%Tip^?\=p?#I#'E9^#2VJQ3hHq!o4+'%%_iG$%'#>8ZIy=3=5;]L5=v0ER.>UgcP%DqeV^g(
#!encrypt#!75#!~aH]8Vol]!T+`yw>HP0]{oHx:t/V,[1c,Gbiwp(%ZcbuI-m@mb_ZpYgy~clV{[gr>l40nuPQ?$
#!encrypt#!1#!
#!encrypt#!27#!

M*OZn:P\Yp>E.s,p#Z?]p#VV
#!encrypt#!4#!N%Ti#!encrypt#!10#!.Oh.2^?R+h#!encrypt#!3#!NTT#!encrypt#!5#!{tF`G#!encrypt#!10#!Nc4*{wA:Zc#!encrypt#!2#!N+#!encrypt#!5#!QSTur#!encrypt#!1#!
#!encrypt#!73#!-T_Zn;^^D!LZY3<L&!d:LC&{ct:REUm#-T_Zn;^^D!LZY3<L&!d:LC&{ct:REUm#-T_Zn;^^
#!encrypt#!75#!N%Tip^?\=p?#I#'E9^#2VJQN2dW7xqg,\@TZwo;g;4gpYu~1`Iuc{C7y]^-e94mr!|TaGJ%^g 
#!encrypt#!75#!~aH]8Vol]!T+`yw>HP0]{oHx:t/V,[1c,Gbiwp(%ZcbuI-m@mb_ZpYgy~clV{[gr>l40nuPQ?$
#!encrypt#!1#!
#!encrypt#!27#!

M*OZn:P\Yp>E.s,p#Z?tp#VV
#!encrypt#!4#!N%Ti#!encrypt#!6#!t([J6o#!encrypt#!2#!N1#!encrypt#!1#!A#!encrypt#!15#!N3fIq,(5%cG(GAR#!encrypt#!1#!/#!encrypt#!9#!NQffB=+\t#!encrypt#!5#!NQffB#!encrypt#!1#!A#!encrypt#!2#!N@#!encrypt#!1#!/#!encrypt#!5#!NQffB#!encrypt#!1#!A#!encrypt#!2#!Nt#!encrypt#!1#!/#!encrypt#!1#!
#!encrypt#!4#!N%Ti#!encrypt#!6#!t([J6o#!encrypt#!2#!N1#!encrypt#!1#!A#!encrypt#!15#!N3fIq,(5%cG(GAm#!encrypt#!1#!/#!encrypt#!9#!NQffa=+\t#!encrypt#!5#!NQffa#!encrypt#!1#!A#!encrypt#!2#!N@#!encrypt#!1#!/#!encrypt#!5#!NQffa#!encrypt#!1#!A#!encrypt#!2#!Nt#!encrypt#!1#!/#!encrypt#!1#!
#!encrypt#!4#!N%Ti#!encrypt#!6#!t([J6o#!encrypt#!2#!N1#!encrypt#!1#!A#!encrypt#!15#!N3fIq,(5%cG(GA;#!encrypt#!1#!/#!encrypt#!9#!NQffm=+\t#!encrypt#!5#!NQffm#!encrypt#!1#!A#!encrypt#!2#!N@#!encrypt#!1#!/#!encrypt#!5#!NQffm#!encrypt#!1#!A#!encrypt#!2#!Nt#!encrypt#!1#!/#!encrypt#!1#!
#!encrypt#!4#!N%Ti#!encrypt#!6#!t([J6o#!encrypt#!2#!N1#!encrypt#!1#!A#!encrypt#!15#!N3fIq,(5%cG(GA$#!encrypt#!1#!/#!encrypt#!9#!NQffN=+\t#!encrypt#!5#!NQffN#!encrypt#!1#!A#!encrypt#!2#!N@#!encrypt#!1#!/#!encrypt#!5#!NQffN#!encrypt#!1#!A#!encrypt#!2#!Nt#!encrypt#!1#!/#!encrypt#!1#!
#!encrypt#!4#!N%Ti#!encrypt#!6#!t([J6o#!encrypt#!2#!N1#!encrypt#!1#!A#!encrypt#!15#!N3fIq,(5%cG(GA`#!encrypt#!1#!/#!encrypt#!9#!NQffL=+\t#!encrypt#!5#!NQffL#!encrypt#!1#!A#!encrypt#!2#!N@#!encrypt#!1#!/#!encrypt#!5#!NQffL#!encrypt#!1#!A#!encrypt#!2#!Nt#!encrypt#!1#!/#!encrypt#!1#!
#!encrypt#!4#!N%Ti#!encrypt#!6#!t([J6o#!encrypt#!2#!N1#!encrypt#!1#!A#!encrypt#!15#!N1}mqbQL7'JHGMq#!encrypt#!1#!/#!encrypt#!9#!N)y+7=+\t#!encrypt#!8#!Noh.$^+%#!encrypt#!1#!A#!encrypt#!2#!N@#!encrypt#!1#!/#!encrypt#!8#!Noh.$^+%#!encrypt#!1#!A#!encrypt#!2#!Nt#!encrypt#!1#!/#!encrypt#!1#!
#!encrypt#!4#!N%Ti#!encrypt#!6#!t([J6o#!encrypt#!2#!N1#!encrypt#!1#!A#!encrypt#!15#!N1}mqbQL7'JHGvq#!encrypt#!1#!/#!encrypt#!9#!N)y+7=+\t#!encrypt#!8#!N{h.$^+%#!encrypt#!1#!A#!encrypt#!2#!N@#!encrypt#!1#!/#!encrypt#!8#!N{h.$^+%#!encrypt#!1#!A#!encrypt#!2#!Nt#!encrypt#!1#!/#!encrypt#!1#!
#!encrypt#!4#!N%Ti#!encrypt#!6#!t([J6o#!encrypt#!3#!N~ #!encrypt#!1#!A#!encrypt#!10#!Nol]$=K]5^#!encrypt#!1#!/#!encrypt#!14#!Nol]$=K]5^M|pC#!encrypt#!5#!Nol]$#!encrypt#!1#!A#!encrypt#!2#!N&#!encrypt#!1#!/#!encrypt#!13#!NoGkVZo\}c)lX#!encrypt#!1#!A#!encrypt#!2#!NV#!encrypt#!1#!/#!encrypt#!13#!NoGkVZo\}c)lX#!encrypt#!1#!A#!encrypt#!2#!Nq#!encrypt#!1#!/#!encrypt#!6#!N{<]2/#!encrypt#!1#!A#!encrypt#!2#!Nj#!encrypt#!1#!/#!encrypt#!1#!
#!encrypt#!4#!N%Ti#!encrypt#!6#!t([J6o#!encrypt#!3#!N~:#!encrypt#!1#!A#!encrypt#!10#!N{l]$=K]5^#!encrypt#!1#!/#!encrypt#!14#!N{l]$=K]5^M|pC#!encrypt#!5#!N{l]$#!encrypt#!1#!A#!encrypt#!2#!N&#!encrypt#!1#!/#!encrypt#!13#!N{GkVZo\}c)lX#!encrypt#!1#!A#!encrypt#!2#!NV#!encrypt#!1#!/#!encrypt#!13#!N{GkVZo\}c)lX#!encrypt#!1#!A#!encrypt#!2#!Nq#!encrypt#!1#!/#!encrypt#!6#!No<]2/#!encrypt#!1#!A#!encrypt#!2#!Nj#!encrypt#!1#!/#!encrypt#!1#!
#!encrypt#!4#!N%Ti#!encrypt#!6#!t([J6o#!encrypt#!3#!N~:#!encrypt#!1#!A#!encrypt#!14#!N{l]$=K]5^M1P5#!encrypt#!1#!/#!encrypt#!17#!NPgf(?(:U smx`d n#!encrypt#!8#!NPgf(?(:#!encrypt#!1#!A#!encrypt#!2#!N&#!encrypt#!1#!/#!encrypt#!13#!N{GkVZo\}c)lX#!encrypt#!1#!A#!encrypt#!2#!NV#!encrypt#!1#!/#!encrypt#!13#!N{GkVZo\}c)lX#!encrypt#!1#!A#!encrypt#!2#!Nq#!encrypt#!1#!/#!encrypt#!6#!No<]2/#!encrypt#!1#!A#!encrypt#!2#!Nj#!encrypt#!1#!/#!encrypt#!1#!
#!encrypt#!4#!N%Ti#!encrypt#!6#!t([J6o#!encrypt#!3#!N~ #!encrypt#!1#!A#!encrypt#!14#!Nol]$=K]5^M1P5#!encrypt#!1#!/#!encrypt#!17#!NPgfZ?(:U smx`d n#!encrypt#!8#!NPgfZ?(:#!encrypt#!1#!A#!encrypt#!2#!N&#!encrypt#!1#!/#!encrypt#!13#!NoGkVZo\}c)lX#!encrypt#!1#!A#!encrypt#!2#!NV#!encrypt#!1#!/#!encrypt#!13#!NoGkVZo\}c)lX#!encrypt#!1#!A#!encrypt#!2#!Nq#!encrypt#!1#!/#!encrypt#!6#!N{<]2/#!encrypt#!1#!A#!encrypt#!2#!Nj#!encrypt#!1#!/#!encrypt#!1#!
#!encrypt#!4#!N%Ti#!encrypt#!6#!t([J6o#!encrypt#!3#!N~:#!encrypt#!1#!A#!encrypt#!14#!N{l]$=K]5^MTP5#!encrypt#!1#!/#!encrypt#!17#!NJgf(?(:U smx`d n#!encrypt#!8#!NJgf(?(:#!encrypt#!1#!A#!encrypt#!2#!N&#!encrypt#!1#!/#!encrypt#!13#!N{GkVZo\}c)lX#!encrypt#!1#!A#!encrypt#!2#!NV#!encrypt#!1#!/#!encrypt#!13#!N{GkVZo\}c)lX#!encrypt#!1#!A#!encrypt#!2#!Nq#!encrypt#!1#!/#!encrypt#!6#!No<]2/#!encrypt#!1#!A#!encrypt#!2#!Nj#!encrypt#!1#!/#!encrypt#!1#!
#!encrypt#!4#!N%Ti#!encrypt#!6#!t([J6o#!encrypt#!3#!N~ #!encrypt#!1#!A#!encrypt#!14#!Nol]$=Kw58MhP5#!encrypt#!1#!/#!encrypt#!13#!Np[.Z,n:%#Pm/#!encrypt#!12#!Np[.5o{fVp?##!encrypt#!1#!A#!encrypt#!2#!N&#!encrypt#!1#!/#!encrypt#!16#!Np[.T\C>mjMo}cUx#!encrypt#!1#!A#!encrypt#!2#!NV#!encrypt#!1#!/#!encrypt#!16#!Np[.T\C>mjMo}cUx#!encrypt#!1#!A#!encrypt#!2#!Nq#!encrypt#!1#!/#!encrypt#!6#!N{<]2/#!encrypt#!1#!A#!encrypt#!2#!Nj#!encrypt#!1#!/#!encrypt#!1#!
#!encrypt#!4#!N%Ti#!encrypt#!6#!t([J6o#!encrypt#!3#!N~ #!encrypt#!1#!A#!encrypt#!14#!Nol]$=K}5 MhP5#!encrypt#!1#!/#!encrypt#!13#!Np[.Z,n:%#Cm`#!encrypt#!12#!Np[.5o{fVp?##!encrypt#!1#!A#!encrypt#!2#!N&#!encrypt#!1#!/#!encrypt#!16#!Np[.T\C>mjMo}cUx#!encrypt#!1#!A#!encrypt#!2#!NV#!encrypt#!1#!/#!encrypt#!16#!Np[.T\C>mjMo}cUx#!encrypt#!1#!A#!encrypt#!2#!Nq#!encrypt#!1#!/#!encrypt#!6#!N{<]2/#!encrypt#!1#!A#!encrypt#!2#!Nj#!encrypt#!1#!/#!encrypt#!1#!
#!encrypt#!4#!N%Ti#!encrypt#!6#!t([J6o#!encrypt#!3#!N~ #!encrypt#!1#!A#!encrypt#!15#!Nol]$=y}5 `4`|`#!encrypt#!1#!/#!encrypt#!15#!Np[.Z,n:%#Cm2yy#!encrypt#!12#!Np[.5o{fVp?##!encrypt#!1#!A#!encrypt#!2#!N&#!encrypt#!1#!/#!encrypt#!16#!Np[.T\C>mjMo}cUx#!encrypt#!1#!A#!encrypt#!2#!NV#!encrypt#!1#!/#!encrypt#!16#!Np[.T\C>mjMo}cUx#!encrypt#!1#!A#!encrypt#!2#!Nq#!encrypt#!1#!/#!encrypt#!6#!N{<]2/#!encrypt#!1#!A#!encrypt#!2#!Nj#!encrypt#!1#!/#!encrypt#!1#!
#!encrypt#!4#!N%Ti#!encrypt#!6#!t([J6o#!encrypt#!3#!N~:#!encrypt#!1#!A#!encrypt#!15#!N{l]$=y}5 `4`|`#!encrypt#!1#!/#!encrypt#!15#!Np[.(,n:%#Cm2yy#!encrypt#!12#!Np[.5o{fVp?##!encrypt#!1#!A#!encrypt#!2#!N&#!encrypt#!1#!/#!encrypt#!16#!Np[.T\C>mjMo}cUx#!encrypt#!1#!A#!encrypt#!2#!NV#!encrypt#!1#!/#!encrypt#!16#!Np[.T\C>mjMo}cUx#!encrypt#!1#!A#!encrypt#!2#!Nq#!encrypt#!1#!/#!encrypt#!6#!No<]2/#!encrypt#!1#!A#!encrypt#!2#!Nj#!encrypt#!1#!/#!encrypt#!1#!
#!encrypt#!4#!N%Ti#!encrypt#!6#!t([J6o#!encrypt#!2#!N1#!encrypt#!1#!A#!encrypt#!17#!N3fIqfAR.#BJGyLPA#!encrypt#!1#!/#!encrypt#!21#!N3fIqfAR.#BJGyLPA"ee^#!encrypt#!19#!N{e]Y=+\tX;ezEK*9^~#!encrypt#!1#!A#!encrypt#!2#!N@#!encrypt#!1#!/#!encrypt#!19#!N{e]Y=+\tX;ezEK*9^~#!encrypt#!1#!A#!encrypt#!2#!Nt#!encrypt#!1#!/#!encrypt#!6#!N{<]2/#!encrypt#!1#!A#!encrypt#!2#!Nj#!encrypt#!1#!/#!encrypt#!9#!N+f~O}(5+#!encrypt#!2#!N1#!encrypt#!3#!N_
#!encrypt#!2#!		#!encrypt#!7#!o3fpw;%#!encrypt#!4#!o3fp#!encrypt#!22#!A3fIqfAR.#BJGyLPA"ee^?#!encrypt#!1#!
#!encrypt#!2#!		#!encrypt#!4#!i%_i#!encrypt#!1#!A#!encrypt#!8#!>le_&=o@#!encrypt#!23#!A3fIqfAR.#BJGyLPA"ee^#7#!encrypt#!19#!>3f;qZ(oPJ?J}`# l?`#!encrypt#!3#!NvT#!encrypt#!1#!p#!encrypt#!1#!/#!encrypt#!1#!
#!encrypt#!2#!		#!encrypt#!4#! %_i#!encrypt#!1#!A#!encrypt#!4#!{1}G#!encrypt#!3#!NvT#!encrypt#!1#!i#!encrypt#!1#!/#!encrypt#!1#!
#!encrypt#!3#!	9
#!encrypt#!1#!
#!encrypt#!4#!N%Ti#!encrypt#!6#!t([J6o#!encrypt#!2#!N1#!encrypt#!1#!A#!encrypt#!17#!N3fIqfAR.#BJGyL,U#!encrypt#!1#!/#!encrypt#!21#!N3fIqfAR.#BJGyL,U"ee^#!encrypt#!19#!N{e]Y=+\tX;ezEK*9^~#!encrypt#!1#!A#!encrypt#!2#!N@#!encrypt#!1#!/#!encrypt#!19#!N{e]Y=+\tX;ezEK*9^~#!encrypt#!1#!A#!encrypt#!2#!Nt#!encrypt#!1#!/#!encrypt#!6#!N{<]2/#!encrypt#!1#!A#!encrypt#!2#!Nj#!encrypt#!1#!/#!encrypt#!9#!N+f~O}(5+#!encrypt#!2#!N1#!encrypt#!3#!N_
#!encrypt#!2#!		#!encrypt#!7#!o3fpw;%#!encrypt#!4#!o3fp#!encrypt#!22#!A3fIqfAR.#BJGyL,U"ee^?#!encrypt#!1#!
#!encrypt#!2#!		#!encrypt#!4#!i%_i#!encrypt#!1#!A#!encrypt#!8#!>le_&=o@#!encrypt#!23#!A3fIqfAR.#BJGyL,U"ee^#7#!encrypt#!19#!>3f;qZ(oPJ?J}`# l?`#!encrypt#!3#!NvT#!encrypt#!1#!p#!encrypt#!1#!/#!encrypt#!1#!
#!encrypt#!2#!		#!encrypt#!4#! %_i#!encrypt#!1#!A#!encrypt#!4#!{1}G#!encrypt#!3#!NvT#!encrypt#!1#!i#!encrypt#!1#!/#!encrypt#!1#!
#!encrypt#!3#!	9
#!encrypt#!1#!
#!encrypt#!4#!N%Ti#!encrypt#!6#!t([J6o#!encrypt#!2#!N1#!encrypt#!1#!A#!encrypt#!17#!N3fIqfAR.#BJG-LO##!encrypt#!1#!/#!encrypt#!21#!N3fIqfAR.#BJG-LO#"ee^#!encrypt#!19#!N{e]Y=+\tX;ezEK*9^~#!encrypt#!1#!A#!encrypt#!2#!N@#!encrypt#!1#!/#!encrypt#!19#!N{e]Y=+\tX;ezEK*9^~#!encrypt#!1#!A#!encrypt#!2#!Nt#!encrypt#!1#!/#!encrypt#!6#!N{<]2/#!encrypt#!1#!A#!encrypt#!2#!Nj#!encrypt#!1#!/#!encrypt#!9#!N+f~O}(5+#!encrypt#!2#!N1#!encrypt#!3#!N_
#!encrypt#!2#!		#!encrypt#!7#!o3fpw;%#!encrypt#!4#!o3fp#!encrypt#!22#!A3fIqfAR.#BJG-LO#"ee^?#!encrypt#!1#!
#!encrypt#!2#!		#!encrypt#!4#!i%_i#!encrypt#!1#!A#!encrypt#!8#!>le_&=o@#!encrypt#!23#!A3fIqfAR.#BJG-LO#"ee^#7#!encrypt#!19#!>3f;qZ(oPJ?J}`# l?`#!encrypt#!3#!NvT#!encrypt#!1#!p#!encrypt#!1#!/#!encrypt#!1#!
#!encrypt#!2#!		#!encrypt#!4#! %_i#!encrypt#!1#!A#!encrypt#!4#!{1}G#!encrypt#!3#!NvT#!encrypt#!1#!i#!encrypt#!1#!/#!encrypt#!1#!
#!encrypt#!3#!	9
#!encrypt#!1#!
#!encrypt#!4#!N%Ti#!encrypt#!6#!t([J6o#!encrypt#!2#!N1#!encrypt#!1#!A#!encrypt#!17#!N3fIqfAR.#BJGiL0A#!encrypt#!1#!/#!encrypt#!21#!N3fIqfAR.#BJGiL0A"ee^#!encrypt#!19#!N{e]Y=+\tX;ezEK*9^~#!encrypt#!1#!A#!encrypt#!2#!N@#!encrypt#!1#!/#!encrypt#!19#!N{e]Y=+\tX;ezEK*9^~#!encrypt#!1#!A#!encrypt#!2#!Nt#!encrypt#!1#!/#!encrypt#!6#!N{<]2/#!encrypt#!1#!A#!encrypt#!2#!Nj#!encrypt#!1#!/#!encrypt#!9#!N+f~O}(5+#!encrypt#!2#!N1#!encrypt#!3#!N_
#!encrypt#!2#!		#!encrypt#!7#!o3fpw;%#!encrypt#!4#!o3fp#!encrypt#!22#!A3fIqfAR.#BJGiL0A"ee^?#!encrypt#!1#!
#!encrypt#!2#!		#!encrypt#!4#!i%_i#!encrypt#!1#!A#!encrypt#!8#!>le_&=o@#!encrypt#!23#!A3fIqfAR.#BJGiL0A"ee^#7#!encrypt#!19#!>3f;qZ(oPJ?J}`# l?`#!encrypt#!3#!NvT#!encrypt#!1#!p#!encrypt#!1#!/#!encrypt#!1#!
#!encrypt#!2#!		#!encrypt#!4#! %_i#!encrypt#!1#!A#!encrypt#!4#!{1}G#!encrypt#!3#!NvT#!encrypt#!1#!i#!encrypt#!1#!/#!encrypt#!1#!
#!encrypt#!3#!	9
#!encrypt#!1#!
#!encrypt#!4#!N%Ti#!encrypt#!6#!t([J6o#!encrypt#!2#!N1#!encrypt#!1#!A#!encrypt#!17#!N3fIqfAR.#BJG*L~_#!encrypt#!1#!/#!encrypt#!21#!N3fIqfAR.#BJG*L~_"ee^#!encrypt#!19#!N{e]Y=+\tX;ezEK*9^~#!encrypt#!1#!A#!encrypt#!2#!N@#!encrypt#!1#!/#!encrypt#!19#!N{e]Y=+\tX;ezEK*9^~#!encrypt#!1#!A#!encrypt#!2#!Nt#!encrypt#!1#!/#!encrypt#!6#!N{<]2/#!encrypt#!1#!A#!encrypt#!2#!Nj#!encrypt#!1#!/#!encrypt#!9#!N+f~O}(5+#!encrypt#!2#!N1#!encrypt#!3#!N_
#!encrypt#!2#!		#!encrypt#!7#!o3fpw;%#!encrypt#!4#!o3fp#!encrypt#!22#!A3fIqfAR.#BJG*L~_"ee^?#!encrypt#!1#!
#!encrypt#!2#!		#!encrypt#!4#!i%_i#!encrypt#!1#!A#!encrypt#!8#!>le_&=o@#!encrypt#!23#!A3fIqfAR.#BJG*L~_"ee^#7#!encrypt#!19#!>3f;qZ(oPJ?J}`# l?`#!encrypt#!3#!NvT#!encrypt#!1#!p#!encrypt#!1#!/#!encrypt#!1#!
#!encrypt#!2#!		#!encrypt#!4#! %_i#!encrypt#!1#!A#!encrypt#!4#!{1}G#!encrypt#!3#!NvT#!encrypt#!1#!i#!encrypt#!1#!/#!encrypt#!1#!
#!encrypt#!3#!	9
#!encrypt#!1#!
#!encrypt#!4#!N%Ti#!encrypt#!6#!t([J6o#!encrypt#!2#!N1#!encrypt#!1#!A#!encrypt#!18#!N3fIq[a#VhM^z`~._N#!encrypt#!1#!/#!encrypt#!22#!N3fIq[a#VhM^z`~._N3v&u#!encrypt#!19#!N{e]Y=+\tX;ezEK*9^~#!encrypt#!1#!A#!encrypt#!2#!N@#!encrypt#!1#!/#!encrypt#!19#!N{e]Y=+\tX;ezEK*9^~#!encrypt#!1#!A#!encrypt#!2#!Nt#!encrypt#!1#!/#!encrypt#!6#!N{<]2/#!encrypt#!1#!A#!encrypt#!2#!Nj#!encrypt#!1#!/#!encrypt#!9#!N+f~O}(5+#!encrypt#!2#!N1#!encrypt#!3#!N_
#!encrypt#!2#!		#!encrypt#!7#!o3fpw;%#!encrypt#!4#!o3fp#!encrypt#!23#!A3fIq[a#VhM^z`~._N3v&uZ#!encrypt#!1#!
#!encrypt#!2#!		#!encrypt#!4#!i%_i#!encrypt#!1#!A#!encrypt#!8#!>le_&=o@#!encrypt#!24#!A3fIq[a#VhM^z`~._N3v&uN$#!encrypt#!19#!>3f;qZ(oPJ?J}`# l?`#!encrypt#!3#!NvT#!encrypt#!1#!p#!encrypt#!1#!/#!encrypt#!1#!
#!encrypt#!2#!		#!encrypt#!4#! %_i#!encrypt#!1#!A#!encrypt#!4#!{1}G#!encrypt#!3#!NvT#!encrypt#!1#!i#!encrypt#!1#!/#!encrypt#!1#!
#!encrypt#!3#!	9
#!encrypt#!1#!
#!encrypt#!4#!N%Ti#!encrypt#!6#!t([J6o#!encrypt#!2#!N1#!encrypt#!1#!A#!encrypt#!18#!N3fIq[a#VhM^z`~.Sc#!encrypt#!1#!/#!encrypt#!22#!N3fIq[a#VhM^z`~.Sc3v&u#!encrypt#!19#!N{e]Y=+\tX;ezEK*9^~#!encrypt#!1#!A#!encrypt#!2#!N@#!encrypt#!1#!/#!encrypt#!19#!N{e]Y=+\tX;ezEK*9^~#!encrypt#!1#!A#!encrypt#!2#!Nt#!encrypt#!1#!/#!encrypt#!6#!N{<]2/#!encrypt#!1#!A#!encrypt#!2#!Nj#!encrypt#!1#!/#!encrypt#!9#!N+f~O}(5+#!encrypt#!2#!N1#!encrypt#!3#!N_
#!encrypt#!2#!		#!encrypt#!7#!o3fpw;%#!encrypt#!4#!o3fp#!encrypt#!23#!A3fIq[a#VhM^z`~.Sc3v&uZ#!encrypt#!1#!
#!encrypt#!2#!		#!encrypt#!4#!i%_i#!encrypt#!1#!A#!encrypt#!8#!>le_&=o@#!encrypt#!24#!A3fIq[a#VhM^z`~.Sc3v&uN$#!encrypt#!19#!>3f;qZ(oPJ?J}`# l?`#!encrypt#!3#!NvT#!encrypt#!1#!p#!encrypt#!1#!/#!encrypt#!1#!
#!encrypt#!2#!		#!encrypt#!4#! %_i#!encrypt#!1#!A#!encrypt#!4#!{1}G#!encrypt#!3#!NvT#!encrypt#!1#!i#!encrypt#!1#!/#!encrypt#!1#!
#!encrypt#!3#!	9
#!encrypt#!1#!
#!encrypt#!4#!N%Ti#!encrypt#!6#!t([J6o#!encrypt#!2#!N1#!encrypt#!1#!A#!encrypt#!18#!N3fIq[a#VhM^z`R.mP#!encrypt#!1#!/#!encrypt#!22#!N3fIq[a#VhM^z`R.mP3v&u#!encrypt#!19#!N{e]Y=+\tX;ezEK*9^~#!encrypt#!1#!A#!encrypt#!2#!N@#!encrypt#!1#!/#!encrypt#!19#!N{e]Y=+\tX;ezEK*9^~#!encrypt#!1#!A#!encrypt#!2#!Nt#!encrypt#!1#!/#!encrypt#!6#!N{<]2/#!encrypt#!1#!A#!encrypt#!2#!Nj#!encrypt#!1#!/#!encrypt#!9#!N+f~O}(5+#!encrypt#!2#!N1#!encrypt#!3#!N_
#!encrypt#!2#!		#!encrypt#!7#!o3fpw;%#!encrypt#!4#!o3fp#!encrypt#!23#!A3fIq[a#VhM^z`R.mP3v&uZ#!encrypt#!1#!
#!encrypt#!2#!		#!encrypt#!4#!i%_i#!encrypt#!1#!A#!encrypt#!8#!>le_&=o@#!encrypt#!24#!A3fIq[a#VhM^z`R.mP3v&uN$#!encrypt#!19#!>3f;qZ(oPJ?J}`# l?`#!encrypt#!3#!NvT#!encrypt#!1#!p#!encrypt#!1#!/#!encrypt#!1#!
#!encrypt#!2#!		#!encrypt#!4#! %_i#!encrypt#!1#!A#!encrypt#!4#!{1}G#!encrypt#!3#!NvT#!encrypt#!1#!i#!encrypt#!1#!/#!encrypt#!1#!
#!encrypt#!3#!	9
#!encrypt#!1#!
#!encrypt#!4#!N%Ti#!encrypt#!6#!t([J6o#!encrypt#!2#!N1#!encrypt#!1#!A#!encrypt#!18#!N3fIq[a#VhM^z`m.rN#!encrypt#!1#!/#!encrypt#!22#!N3fIq[a#VhM^z`m.rN3v&u#!encrypt#!19#!N{e]Y=+\tX;ezEK*9^~#!encrypt#!1#!A#!encrypt#!2#!N@#!encrypt#!1#!/#!encrypt#!19#!N{e]Y=+\tX;ezEK*9^~#!encrypt#!1#!A#!encrypt#!2#!Nt#!encrypt#!1#!/#!encrypt#!6#!N{<]2/#!encrypt#!1#!A#!encrypt#!2#!Nj#!encrypt#!1#!/#!encrypt#!9#!N+f~O}(5+#!encrypt#!2#!N1#!encrypt#!3#!N_
#!encrypt#!2#!		#!encrypt#!7#!o3fpw;%#!encrypt#!4#!o3fp#!encrypt#!23#!A3fIq[a#VhM^z`m.rN3v&uZ#!encrypt#!1#!
#!encrypt#!2#!		#!encrypt#!4#!i%_i#!encrypt#!1#!A#!encrypt#!8#!>le_&=o@#!encrypt#!24#!A3fIq[a#VhM^z`m.rN3v&uN$#!encrypt#!19#!>3f;qZ(oPJ?J}`# l?`#!encrypt#!3#!NvT#!encrypt#!1#!p#!encrypt#!1#!/#!encrypt#!1#!
#!encrypt#!2#!		#!encrypt#!4#! %_i#!encrypt#!1#!A#!encrypt#!4#!{1}G#!encrypt#!3#!NvT#!encrypt#!1#!i#!encrypt#!1#!/#!encrypt#!1#!
#!encrypt#!3#!	9
#!encrypt#!1#!
#!encrypt#!4#!N%Ti#!encrypt#!6#!t([J6o#!encrypt#!2#!N1#!encrypt#!1#!A#!encrypt#!18#!N3fIq[a#VhM^z``.K=#!encrypt#!1#!/#!encrypt#!22#!N3fIq[a#VhM^z``.K=3v&u#!encrypt#!19#!N{e]Y=+\tX;ezEK*9^~#!encrypt#!1#!A#!encrypt#!2#!N@#!encrypt#!1#!/#!encrypt#!19#!N{e]Y=+\tX;ezEK*9^~#!encrypt#!1#!A#!encrypt#!2#!Nt#!encrypt#!1#!/#!encrypt#!6#!N{<]2/#!encrypt#!1#!A#!encrypt#!2#!Nj#!encrypt#!1#!/#!encrypt#!9#!N+f~O}(5+#!encrypt#!2#!N1#!encrypt#!3#!N_
#!encrypt#!2#!		#!encrypt#!7#!o3fpw;%#!encrypt#!4#!o3fp#!encrypt#!23#!A3fIq[a#VhM^z``.K=3v&uZ#!encrypt#!1#!
#!encrypt#!2#!		#!encrypt#!4#!i%_i#!encrypt#!1#!A#!encrypt#!8#!>le_&=o@#!encrypt#!24#!A3fIq[a#VhM^z``.K=3v&uN$#!encrypt#!19#!>3f;qZ(oPJ?J}`# l?`#!encrypt#!3#!NvT#!encrypt#!1#!p#!encrypt#!1#!/#!encrypt#!1#!
#!encrypt#!2#!		#!encrypt#!4#! %_i#!encrypt#!1#!A#!encrypt#!4#!{1}G#!encrypt#!3#!NvT#!encrypt#!1#!i#!encrypt#!1#!/#!encrypt#!1#!
#!encrypt#!3#!	9
#!encrypt#!1#!
#!encrypt#!4#!N%Ti#!encrypt#!6#!t([J6o#!encrypt#!2#!Nx#!encrypt#!1#!A#!encrypt#!17#!Nc4*q}A%UYPOGG':9#!encrypt#!1#!/#!encrypt#!10#!Nc4*{wA:Zc#!encrypt#!10#!N#M*q"6F+j#!encrypt#!1#!A#!encrypt#!5#!N@>==#!encrypt#!1#!/#!encrypt#!13#!N}Mf$\|fy_)ep#!encrypt#!1#!A#!encrypt#!6#!N~*z_.#!encrypt#!1#!/#!encrypt#!2#!N*#!encrypt#!10#!Nc4*q2A0+h#!encrypt#!1#!l#!encrypt#!2#!N*#!encrypt#!11#!Nc4*q/(5V/:#!encrypt#!1#!l#!encrypt#!9#!N+f~O}(5+#!encrypt#!2#!Nx#!encrypt#!3#!N_
#!encrypt#!2#!		#!encrypt#!4#! %_i#!encrypt#!8#!>le_&=o@#!encrypt#!12#!Ac4*{wA:Zc>p#!encrypt#!11#!.Oh.2^?R+hU#!encrypt#!1#!
#!encrypt#!2#!		#!encrypt#!4#!i%_i#!encrypt#!1#!A#!encrypt#!8#!>le_&=o@#!encrypt#!12#!Ac4*{wA:Zc>p#!encrypt#!10#!.Oh.HKB:.Q#!encrypt#!3#!NvT#!encrypt#!1#!p#!encrypt#!1#!/#!encrypt#!1#!
#!encrypt#!3#!	9
#!encrypt#!1#!
#!encrypt#!73#!-T_Zn;^^D!LZY3<L&!d:LC&{ct:REUm#-T_Zn;^^D!LZY3<L&!d:LC&{ct:REUm#-T_Zn;^^
#!encrypt#!26#!

|qXD9!g'+Hf'YMIqoc{Yo*0
#!encrypt#!31#!N%Ti<^6\+j81{o%/`"wW`)qV;VlZt#
#!encrypt#!31#!N%Ti<^6\+j81{o%/`"wW`)qV;VlZtK
#!encrypt#!20#!m3yfOVs!nEqq:uV@H-

#!encrypt#!79#!N%Ti2P[\=xMqH$T4?Wy+#]0$=_qtvr ?hOE]<$%@yjQn9<.x`XM]U*2xZATyr<XrL{E_&K"\xxA.99
#!encrypt#!79#!N%Ti2P[\=xMqH$T4?Wy+#]$$=_qtvr ?hOE]<$%@yjQn9<.x`XM]U*2xZATyr<XrL{E_&K"\xxA.99
#!encrypt#!79#!N%Ti2P[\=xMqH$T4?Wy+#t=$=_qtvr ?hOE]<$%@yjQn9<.x`XM]U*2xZATyr<XrL{E_&K"\xxA.99
#!encrypt#!79#!N%Ti2P[\=xMqH$T4?Wy+#eh$=_qtvr ?hOE]<$%@yjQn9<.x`XM]U*2xZATyr<XrL{E_&K"\xxA.99
#!encrypt#!79#!N%Ti2P[\=xMqH$T4?Wy+#e6$=_qtvr ?hOE]<$%@yjQn9<.x`XM]U*2xZATyr<XrL{E_&K"\xxA.99
#!encrypt#!79#!N%Ti2P[\=xMqH$T4?Wy+#eg$=_qtvr ?hOE]<$%@yjQn9<.x`XM]U*2xZATyr<XrL{E_&K"\xxA.99
#!encrypt#!79#!N%Ti2P[\=xMqH$T4?Wy+#es$=_qtvr ?hOE]<$%@yjQn9<.x`XM]U*2xZATyr<XrL{E_&K"\xxA.99
#!encrypt#!79#!N%Ti2P[\=xMqH$T4?Wy+#>=$=_qtvr ?hOE]<$%@yjQn9<.x`XM]U*2xZATyr<XrL{E_&K"\xxA.99
#!encrypt#!79#!N%Ti2P[\=xMqH$T4?Wy+#>h$=_qtvr ?hOE]<$%@yjQn9<.x`XM]U*2xZATyr<XrL{E_&K"\xxA.99
#!encrypt#!79#!N%Ti2P[\=xMqH$T4?Wy+#>6$=_qtvr ?hOE]<$%@yjQn9<.x`XM]U*2xZATyr<XrL{E_&K"\xxA.99
#!encrypt#!79#!N%Ti2P[\=xMqH$T4?Wy+#>g$=_qtvr ?hOE]<$%@yjQn9<.x`XM]U*2xZATyr<XrL{E_&K"\xxA.99
#!encrypt#!79#!N%Ti2P[\=xMqH$T4?Wy+#>s$=_qtvr ?hOE]<$%@yjQn9<.x`XM]U*2xZATyr<XrL{E_&K"\xxA.99
#!encrypt#!79#!N%Ti2P[\=xMqH$T4?Wy+#c=$=_qtvr ?hOE]<$%@yjQn9<.x`XM]U*2xZATyr<XrL{E_&K"\xxA.99
#!encrypt#!79#!N%Ti2P[\=xMqH$T4?Wy+#ch$=_qtvr ?hOE]<$%@yjQn9<.x`XM]U*2xZATyr<XrL{E_&K"\xxA.99
#!encrypt#!79#!N%Ti2P[\=xMqH$T4?Wy+#c6$=_qtvr ?hOE]<$%@yjQn9<.x`XM]U*2xZATyr<XrL{E_&K"\xxA.99
#!encrypt#!79#!N%Ti2P[\=xMqH$T4?Wy+#cg$=_qtvr ?hOE]<$%@yjQn9<.x`XM]U*2xZATyr<XrL{E_&K"\xxA.99
#!encrypt#!79#!N%Ti2P[\=xMqH$T4?Wy+#cs$=_qtvr ?hOE]<$%@yjQn9<.x`XM]U*2xZATyr<XrL{E_&K"\xxA.99
#!encrypt#!79#!N%Ti2P[\=xMqH$T4?Wy+c7h$=_qtvr ?hOE]<$%@yjQn9<.x`XM]U*2xZATyr<XrL{E_&K"\xxA.99
#!encrypt#!75#!~aH]8Vol]!T+`yw>HWD]{oHx:t/V,#1c,GOiwp(%ZcbuI-$@mP_ZcYg#~w/V{3gr>l40nuPQ?$
#!encrypt#!1#!
#!encrypt#!22#!N%Ti<^6\+j81{o%/`?mE,
#!encrypt#!26#!N%Ti<^6\+j81{o%/`?mE,:~e(
#!encrypt#!26#!N%Ti<^6\+j81{o%/`?mEp:~e(
#!encrypt#!26#!N%Ti<^6\+j81{o%/`?mE#:~e(
#!encrypt#!26#!N%Ti<^6\+j81{o%/`?mEc:~e(
#!encrypt#!26#!N%Ti<^6\+j81{o%/`?mE>:~e(
#!encrypt#!26#!N%Ti<^6\+j81{o%/`KzCh:~e(
#!encrypt#!31#!N%Ti<^6\+j81{o%/`.teN:=#z5gs:N
#!encrypt#!22#!N%Ti<^6\+j81{o%/`.teN
#!encrypt#!31#!N%Ti<^6\+j81{o%/`nteN:=#z5gs:N
#!encrypt#!22#!N%Ti<^6\+j81{o%/`nteN
#!encrypt#!34#!N%Ti<^6\+j81{o%/`uVED[H1 S<D<Fi?.
#!encrypt#!25#!N%Ti<^6\+j81{o%/`uVED[H1
#!encrypt#!34#!N%Ti<^6\+j81{o%/`uVE;[H1 S<D<Fi?.
#!encrypt#!25#!N%Ti<^6\+j81{o%/`uVE;[H1
#!encrypt#!30#!N%Ti<^6\+j81{o%/`.2T/oXex1O:"
#!encrypt#!34#!N%Ti<^6\+j81{o%/`QVED[H1 S<D<Fi?.
#!encrypt#!25#!N%Ti<^6\+j81{o%/`QVED[H1
#!encrypt#!30#!N%Ti<^6\+j81{o%/`n2T/oXex1O:"
#!encrypt#!30#!N%Ti<^6\+j81{o%/`<H{;NI12PmDV
#!encrypt#!30#!N%Ti<^6\+j81{o%/`<H{;NI12PSD,
#!encrypt#!32#!N%Ti<^6\+j81{o%/`<H{;NI12PSDM[_
#!encrypt#!32#!N%Ti<^6\+j81{o%/`<H{DNI12PSDM[_
#!encrypt#!29#!N%Ti<^6\+j81{o%/`<H{u_1`[kqK
#!encrypt#!23#!N%Ti<^6\+j81{o%/`.Je3w
#!encrypt#!38#!N%Ti<^6\+j81{o%/`^m8rO[4UP#`K[PC;Xe]Y
#!encrypt#!38#!N%Ti<^6\+j81{o%/`^m8rO[4UP#`K[PV]Xe]Y
#!encrypt#!38#!N%Ti<^6\+j81{o%/`^m8rO[4UP#`K#PJ0Xe]Y
#!encrypt#!38#!N%Ti<^6\+j81{o%/`^m8rO[4UP#`KRP\;Xe]Y
#!encrypt#!38#!N%Ti<^6\+j81{o%/`^m8rO[4UP#`KhP4VXe]Y
#!encrypt#!39#!N%Ti<^6\+j81{o%/`^m8rUDA[*giGFYbVGn$Ow
#!encrypt#!39#!N%Ti<^6\+j81{o%/`^m8rUDA[*giGFYb9[n$Ow
#!encrypt#!39#!N%Ti<^6\+j81{o%/`^m8rUDA[*giGFkbRIn$Ow
#!encrypt#!39#!N%Ti<^6\+j81{o%/`^m8rUDA[*giGFebxGn$Ow
#!encrypt#!23#!N%Ti<^6\+j81{o%/`nJe3w
#!encrypt#!39#!N%Ti<^6\+j81{o%/`^m8rUDA[*giGF$b$En$Ow
#!encrypt#!27#!N%Ti<^6\+j81{o%/`j8^Vu[1%1
#!encrypt#!27#!N%Ti<^6\+j81{o%/`j8^r,[,q*
#!encrypt#!28#!N%Ti<^6\+j81{o%/`j8^rwH;[r\
#!encrypt#!1#!
#!encrypt#!170#!
`VA^tq`vPXk%er;*f-k0XE^u>I44*yW"`VA^tq`vPXk%er;*f-k0XE^u>I44*yW"`VA^tq`v
2.9Y:*YXci{EHd`%qY>b}(
`VA^tq`vPXk%er;*f-k0XE^u>I44*yW"`VA^tq`vPXk%er;*f-k0XE^u>I44*yW"`VA^tq`v
#!encrypt#!1#!
#!encrypt#!75#!N%T(eo%HFW+AIQn!?):c@5JkZ&bypg_?NFy"OV9sExLpIux3`-#unjZ$_LBT>UgrN%TiwVK"tQ
#!encrypt#!75#!N%T9\R%HFW+AIQn!?):c@5JkZ&bypg_?NFy"OV9sExLpIux3`-#unjZ$_LBT>UgrN%TiwVK"tQ
#!encrypt#!75#!N@w`cblLge23fhn--x:/@5JkZ&bypg_?NFy"OV9sExLpIux3`-#unjZ$_LBT>UgrN%TiwVK"tQ
#!encrypt#!75#!N@w`cblLg`+X:FO2v);)@5JkZ&bypg_?NFy"OV9sExLpIux3`-#unjZ$_LBT>UgrN%TiwVK"tQ
#!encrypt#!75#!N%TiwV%ggx8pIux3kqvQ@5JkZ&bypg_?NFy"OV9sExLpIux3`-#unjZ$_LBT>UgrN%TiwVK"tQ
#!encrypt#!75#!N%TiG<4!ge23fhn--x:/@5JkZ&bypg_?NFy"OV9sExLpIux3`-#unjZ$_LBT>UgrN%TiwVK"tQ
#!encrypt#!75#!N%TiG<4!g`+X:FO2v);)@5JkZ&bypg_?NFy"OV9sExLpIux3`-#unjZ$_LBT>UgrN%TiwVK"tQ
#!encrypt#!75#!N%TiwV%ggx8pIux+IoKW@5JkZ&bypg_?NFy"OV9sExLpIux3`-#unjZ$_LBT>UgrN%TiwVK"tQ
#!encrypt#!75#!N%TiwV%d9A8$Rz1^`e@b@5JkZ&bypg_?NFy"OV9sExLpIux3`-#unjZ$_LBT>UgrN%TiwVK"tQ
#!encrypt#!75#!N%TiwV%Y[|8$Rz1^`e@b@5JkZ&bypg_?NFy"OV9sExLpIux3`-#unjZ$_LBT>UgrN%TiwVK"tQ
#!encrypt#!75#!N%TiwV%ggx8p+q03gJwj@5JkZ&bypg_?NFy"OV9sExLpIux3`-#unjZ$_LBT>UgrN%TiwVK"tQ
#!encrypt#!75#!N%TiwV%ggx8pI81rkq$H@5JkZ&bypg_?NFy"OV9sExLpIux3`-#unjZ$_LBT>UgrN%TiwVK"tQ
#!encrypt#!75#!N%TiwV%u-aqqdh!r[d.A@5JkZ&bypg_?NFy"OV9sExLpIux3`-#unjZ$_LBT>UgrN%TiwVK"tQ
#!encrypt#!75#!N%TiwV%ggx8pILnrx),)@5JkZ&bypg_?NFy"OV9sExLpIux3`-#unjZ$_LBT>UgrN%TiwVK"tQ
#!encrypt#!75#!N%TiwV%ggx8pIuq2^q,Q@5JkZ&bypg_?NFy"OV9sExLpIux3`-#unjZ$_LBT>UgrN%TiwVK"tQ
#!encrypt#!75#!N%TiwV%ggx8pIux3`)@b@5JkZ&bypg_?NFy"OV9sExLpIux3`-#unjZ$_LBT>UgrN%TiwVK"tQ
#!encrypt#!75#!N%TiwV%sFe1q~MKFgO,Y@5JkZ&bypg_?NFy"OV9sExLpIux3`-#unjZ$_LBT>UgrN%TiwVK"tQ
#!encrypt#!75#!N%TiwV%ggx8p_ST3=q /@5JkZ&bypg_?NFy"OV9sExLpIux3`-#unjZ$_LBT>UgrN%TiwVK"tQ
#!encrypt#!2#!

#!encrypt#!41#!~<Ep2V9sEx1lWRx3`-#]{57$0^$t>4grN%PiB{7~
#!encrypt#!41#!~<Ep2V/\1_8-EA%3`-#]{57$0^$t>4grN%Pia{7~
#!encrypt#!42#!%l40wp(%ZcbpO1%j`-#]{57$0^$t>4grN%Piam$u<
#!encrypt#!47#!~<Ep2Vl>P:Gh{#x-9}~eNo|$0^$t>4grN%PiNI>": PaFx
#!encrypt#!38#!~<Ep2VQD xN.KRv79ja8{57$0^$t>4grN%Pir
#!encrypt#!42#!~<Ep2VQD xN#T6h*>-#]{57$0^$t>4grN%PirV$W<
#!encrypt#!118#!)KH"{Z[gmpYpbRxZ!:cL{V2$&AbK>eHKFl%;{}MCtvC<WA:x!^z$eh~!`'l2Q5f}u(}? |K=GpQ|p#K+ZXtE&op62nOY]y-oWB%b{Z+\d#dTEN# lDMdx
#!encrypt#!35#!

($OP*#_:8#(5dmn3zT;5ixqkuy_rg(,7
#!encrypt#!2#!

#!encrypt#!28#!6lE~Kd*g%6?|{C#&!.#CFn[dUR;t#!encrypt#!37#!?<e"{/6ezxd.Xuq n-#1{pU];~%ZV4ecpG


#!encrypt#!65#!
b az'%ggx"#>cZs>-,TxJIRhJkL>7x!qB,]<k%_].8KpCx3K-<%@k$]6e$#,R$

