#!encrypt#!1470#!Ei9@07F1K5S@3^li"~R01i(=}yUpym^uEi9@07F1K5S@3^li"~R01i(=}yUpym^uEi9@07F1K5S@3^li
5miVjMd0wmVM3%<!;IiQe%mP/86Qt:3PSc]p]7#y/E$HS@r%V=ia|dv<
<.E#z3d*t]ODo]0S<*>2*oQOJ]whn5xX`n9Rx6jPX+>lhy;eptFRqpRXh/Tl

 \BR}<D7Y-Lup<7>GH+L%rg$QBy/ZVtet/,:THxM]j1
_w4$sAW!pyg@QBf$/^Bg{\Q1UpUj9D

P1[Nr^XWXagrN%TiwBA5]68,x}K,m-)\,7oyfV"Z=rR4,2ujqnP
76,(m5%j`}cI{57$0 <'kki!a+&&4PBQl/R+pX:3<rz!/U7:yVglt4$(0d2&1m]WzT5+29%AU"y\[>g`Aep
$:GaQBJiggxggx8pI-p>UE?
';IRqAtq>Cx-QeTiwG(0gK,(Iu;3#/>-pd-y0w/#b4MvQ)TLOw%gSx5Ft*mqAb#+?k-$"h^I
Hxq[%hp#P|\+jQxtuF&]3mvVunAzR$grkU"daeiFfG%%ManWY::j=_6x!IdzA{)(k6bpX[`=D_!7Tu `+R*!W3L&fM:~%|Y#bx!7lepY~A %#;TzE#Q\}g$ND~*2dW:"r}oLDJi1[%W( sX$ijbgW/Z T<LVlSE7R4\@GKjrhd<:^9t$iR2r=,l,2P-6<R;gR"gSfK%5IP<?1Tqh=!brWy#>c-7IpEB,R'3{E(nNIQOWKu\4TjbOPDl?%6-I5m;bR43{;IOLxP$:%PXy=v0[i0u#c=-\<,Et3kUpG}&Qx<v@?q\4TjbOg<l?M--I5m;R%$gtY.O6<NO(%9Xr=~brW{l52s-\5.93Sn3Rfb%r<>w(^TXx=q2|=,-?sv#Vm/9@Rc3pG&O )NOS%9\`}m2jg:#scJ7$xl;'RqU!;|?r)N<F^TXx=q2|=,-?sv#Vm/;<S"gtE(?r)N](qTH2yq=jiL%]T-7D5/b,[YJbw&i1/GRUmG|I+3]Q*_2VfGk(SmWdX\ECky6vZGCyDM~d"iQ[)|%?7p#q_l2\r(._v-xTq'#_/,|{C#&{*38AD~1 %kJz&G@,lm/K%(Qd\ExouF:Z}eEK5X#X-ks"P%p!74P4}*Czj`.I=$OON#Z{w/XG%$a"TRoD%^/<d%=xjV< Rd]`4idN}tXhA$WpXPL2V>}BnK<(8j(2TF]l.qp,7oxrY77]b*z(7&}BV8:mxseziKj9?%G{lIA0-T`"&iK %%1`}(=mpe^m1~P3C~=VjAA~U1`]1e"=MGJqoQ}, T<25.=}Km</UpNzJ{i:PO<(B-xTw*ygMA^9+\mN*c2&ltkhr+W_jXpV;n$O/(FtjM ZyVO3(aO,'=`aDVW_jXpV;2~/d'l5_8
3^li"~R01i(=}yUpym^uEi9@07F1K5S@3^li"~R01i(=}yUpym^uEi9@07F1K5S@3^li"~R01i(=}yUp

#!encrypt#!2242#!
`VA^tq`vPXk%er;*f-k0XE^u>I44*yW"`VA^tq`vPXk%er;*f-k0XE^u>I44*yW"`VA^tq`v
!#9u3]>3#4;[/$JYd
4*yW"`VA^tq`vPXk%er;*f-k0XE^u>I44*yW"`VA^tq`vPXk%er;*f-k0XE^u>I44*yW"`VA
hYagXYGz]
3`-#<vHHN0dO\:4grN%T'wVhw+h8yp[xM]3m"nEZ$B_1K.C?=Nao-B0]W(
8pIu\.q-KY(57$0^$t>4|rNfK&akd<e
8pIu\mnQm]KV8e0^$t>4|rNEK%a|%6G
8pIuL7t7z2Vw7X%1+Y>4|rNII
wV%gd\Eluch3n}eeK57$d^$#t
grN%,g(^+A+hQ#{XUxG-i!

]eZ_1G>g mLe
iwV%w:T5 quL7t7z2Vw7(2zksl4x!C#4~2^BQ

8pIuT QOiEVwW$0^$t>4q`p.AOmu%-G
8pIuT QIee&d7$0^$t>4kJx;o%Q|%-G
8pIuT QoV$FwIQ:R%t>4e4R;b&mu%-G
8pIuosC\mvKd7$0^$t>4grN%8&ae%-G
8pIuvmnQmL@57$0^$t>4k`9do7JX%-G
8pIu[TWn,$^OH,d^$t>4grN%Tiw|%-G
8pIu!lYXVe@57$0^$t>4gV9;t&Q|%-G
8pIuixWjh4)4W$0^$t>4g^!IbRmn%-G
8pIu!lYXVen}2!=s%t>4gC!dAj|n%-G
8pIuixWjh4)4!x=_tIH4grN%Tiw|%-G
8pIu!lYXVen[[N2s%t>4gC;GtOJe%-G
8pIuixWjh4)4!uh%+IH4g^!IbRmn%-G
8pIuJx9Cz2N}TN2/$t>4grNIbOrX%-G
8pIuTA!jaeUd7$0^$t>4grN%Tiw|%-G
8pIu[TWn$TN}4]0^$t>4gJ0[OOr|%-G
8pIu[TWn{v&4W$0^$t>4gJ0[OOr|%-G
8pIu+:+SSI{57$0^$t>4grN%Tiw|%-G
8pIu+:+SS^&HW$0^$t>4grN%Tiw|%-G
8pIuq&l3EI{57$0^$t>4grN%TiQe%-G
8pIu{/03m=Vu%]0^$t>4grN%TiwX%-G
8pIu!x!.u$W4t]0^$t>4g`]EK7mn%-G
8pIuTm,nmL@57$0^$t>4gpREoj|n%-G
8pIu[7Q*~I{57$0^$t>4grNwo&r|%-G
8pIus^9jY$FfIQ:R%t>4grR[u&Je%-G
8pIu[AWk>]{57$0^$t>4gr$Gtu u%-G
8pIu[^9jY$FfIQ:R%t>4grR[u&Je%-G
8pIu[{]^m23}[(d^$t>4grpGOurX%-G
8pIus l.m"';IX9/$t>4grNIA&JX%-G
8pIugmG*$$EwHdd^$t>4grNdK7Q|%-G
8pIu[ n58i&QIQ:Rw[>4grN%t&Ln%-G
8pIuYbk".!K;IQ:R%t>4grN%Tiw|%-G
8pIuo]q.ge@57$0^$t>4grN%Tiw|%-G
8pIu{/03m=Vu%DZ'%t>4grN%Tiw|%-G
8pIuv]Q?zEwVYAq/$t>4ecVEbuQe%-G
8pIuv]Q?zEN4i`^g%t>4g\pw8%N|%-G
8pIuHgWuYT^Q/1G%%t>4qJVGA%mX)O0x}t
ux3`G~$3w/XmJ+PH4grN%TnBC<Bex}t
ux3`G~$3w/XB*DLeagrN%TiwV%g(x}t
ux3`5mv^JM]0^$t>4grN%TiB`hBex}t
ux3`<8vU,IR2xks(TPqQ)PiwV%g(x}t
ux3`ocT;xM42aOq:y|rN%&7|n>W)x}t
ux3`(G<&f}k[RZyvr!;N%TiB|dv(x}t
ux3`(G<&fq(rhOisrb;N%TiwV%g(x}t
ux3`Iz"&xM42aOq:y|rN%TiwV%g(x}t
ux3`Iz"&ZY,*k#i:Y|rN%TiwV%g(x}t
ux3`x~$`Dnx:/$t>4grN%TiwV%g(x}t
ux3`x~$uoHed^$t>4grN%TiwV%g(x}t
ux3`Hc$^uH6qR;[>4grN%TiwV%g(x}t
ux3`<%i&ZI42JgvG&OoK%TiwV%g(
8pIuWsG*u$W4t`$1+KH4grN%Tiw|
ggx8Smn%4W@m8rEtcr/$t>4grN%K
wV%g;~E#HcD >"2dRJW$0^$t>4gc
%Tiw1CR%w)dp1Uz9p#]{57$0w/*<4r&
%Tiw1CR%/=Dtux3`-#]{57$0^$t,4r&
%Tiw<A>%S??{Y$N'-#]{5kyVe)l,4r&
%Tiw<A>%S??{YmF'-#]{p6LV\)Z'4r&
%Tiw<A>%S??{YR-'-#]{psUXeml<4r&

#!encrypt#!74#!
`VA^tq`vPXk%er;*f-k0XE^u>I44*yW"`VA^tq`vPXk%er;*f-k0XE^u>I44*yW"`VA^tq`v
#!encrypt#!25#!slEiO%D#=\Y:p[#30.tT{Yo*
#!encrypt#!73#!"`VA^tq`vPXk%er;*f-k0XE^u>I44*yW"`VA^tq`vPXk%er;*f-k0XE^u>I44*yW"`VA^tq`
#!encrypt#!79#!@t[iXx/?geq$Ghihdo@H{C7\%'qW%Jb??cf-TcA:%M"q'V[{kMM_VoH\:AuWpNRq*vKc4nP=+S=gZ}
#!encrypt#!72#!@t[iXx/?geq$-`uM1J:575&$~_#7#NOzQoq]1dC#+jI3r'!+R(_8A}~e~%_6#&.o_vKc4eK
#!encrypt#!313#!@t[iXx/?geq$dmo4gO\]L5p!?r{JzY*!.l^IVK*\a4+yR"J+37G$R4pNh!{:pNRLV7O}BVT@y/I({X%xn*X8/Vne~aR)7Z&BcB,p#^TyP;Ieu#eg\M)\p5p!?r{JzY*!.l^IVK*\a4+yR"J+37G$R4pNh!{7%<R04v&}BX%=Zw?<ucz ]jmpK1[123#KvJ!.CvJ1{Z(=dXm<E5\A3=1t<p7\%'qW%Jb??cf-TcA:%MB#>cZs>MM_VoH\:AuWpNR|FP%O4u%=Zw?<ucz ]jmpK1[123#KvJ!.CvJ1{Z(=dXm<9ChA0k_Z<ps$
#!encrypt#!1#!
#!encrypt#!243#!
`VA^tq`vPXk%er;*f-k0XE^u>I44*yW"`VA^tq`vPXk%er;*f-k0XE^u>I44*yW"`VA^tq`v
"n}1UxG-,T;;~!:^,:rrgL[<H]Fwn%y~; /+yg7SM6F"yR%&##Kc/B2X}qLIKWav?J4`z Q:QJ3gt\?RWy_T!oWBqf2V'Qz
Xk%er;*f-k0XE^u>I44*yW"`VA^tq`vPXk%er;*f-k0XE^u>I44*yW"`VA^tq`vPXk%er;*f
#!encrypt#!10#!~(79q<QsYC#!encrypt#!9#!N+h$K}n>k#!encrypt#!2#!g
#!encrypt#!15#!=bk9_xSf |g/rL0#!encrypt#!7#!N+qk2\?#!encrypt#!3#!NoM#!encrypt#!2#!g
#!encrypt#!15#!=bk9_xSf |g/rL0#!encrypt#!20#!N+J]&Ko@d\YO{1Kl!ui!#!encrypt#!4#!N^fI#!encrypt#!2#!g
#!encrypt#!15#!=bk9_xSf |g/rL0#!encrypt#!8#!N+e](\+:#!encrypt#!3#!NoM#!encrypt#!2#!g
#!encrypt#!15#!=bk9_xSf |g/rL0#!encrypt#!7#!N+Y](~a#!encrypt#!9#!N+h$K}n>k#!encrypt#!2#!g
#!encrypt#!21#!+ZG.gbpd2AM3fk0+`.iz
#!encrypt#!24#!+ZG.G3Y99KMHrhuQV13Q-E3|#!encrypt#!3#!NoM#!encrypt#!2#!g
#!encrypt#!19#!+ZG."!Q94#i?$m,Qvo^#!encrypt#!3#!NEt#!encrypt#!2#!g
#!encrypt#!9#!+ZG.iNlDY#!encrypt#!9#!N+Jk7~oKr#!encrypt#!3#!NoM#!encrypt#!2#!g
#!encrypt#!9#!+ZG.iNlDY#!encrypt#!14#!N+J\("6eUjQ|zE#!encrypt#!3#!NoM#!encrypt#!2#!g
#!encrypt#!15#!+ZG.5Dp3Uaow~$[#!encrypt#!3#!NoM#!encrypt#!2#!g
#!encrypt#!31#!)xwzeo9YUr"3rkK+%ouQr230@T$LGn
#!encrypt#!34#!+ZG.;oYd2eM\gh13uPhTp:ieZ&*V(rP2g
#!encrypt#!14#!+ZG.;oYd2eM?RU#!encrypt#!3#!NGK#!encrypt#!22#!N+H_T}n:mh,oG[%*}uz<F;#!encrypt#!4#!NIK&#!encrypt#!2#!g
#!encrypt#!24#!+ZG.;Upf7'qOy?1Gz(#O&j;
#!encrypt#!14#!+ZG.;oYd2eMwH$#!encrypt#!6#!N+mkZ^#!encrypt#!2#!g
#!encrypt#!14#!Z(:(;4__E`FX~z#!encrypt#!5#!N+f$Y#!encrypt#!17#!N6&f`u_0%YR,Z1:gu#!encrypt#!9#!N+e](/n[%#!encrypt#!2#!g
#!encrypt#!11#!e$7.;ota\ed#!encrypt#!5#!N+f$Y#!encrypt#!5#!NIK&r#!encrypt#!2#!g
#!encrypt#!10#!Z(G=.4tf}q#!encrypt#!5#!N+f$Y#!encrypt#!87#!N6%1`}(=mpe^m1~P3C~=VjAA~U1`]1e"=MGJqoQ}, T<25.=}Km</UpNzJ{$pke"dlH\dk(>m#,|}ad:HSM2FV{#!encrypt#!7#!N+4IYKA#!encrypt#!2#!g
#!encrypt#!22#!)x3qCx{V # w~w!a`jj".
#!encrypt#!14#!)x3qCx{V #"XQ?#!encrypt#!74#!N6%1`}(=mpe^m1~P3C~=VjAA~U1`]1e"=MGJqoQ}, T<25.=}Km</UpNzJ{$pke"dlH\dko0dg#!encrypt#!2#!g
#!encrypt#!27#!{jwDD=lLU-icfF0Q[J@D-5|e(}
#!encrypt#!21#!+$x(_4_7o'FXQuDj>Xzz
#!encrypt#!11#!+$x(_4_sFeo#!encrypt#!77#!N6%1`}(=mpe^m1~P3C~=VjAA~U1`]1e"=MGJqoQ}, T<25.=}Km</UpNzJ{$pke"dlH\dky0tUENl#!encrypt#!2#!g
[WARN] Cmd-line override: LAYOUT_PATH "/dev/zero";
#!encrypt#!235#!
`VA^tq`vPXk%er;*f-k0XE^u>I44*yW"`VA^tq`vPXk%er;*f-k0XE^u>I44*yW"`VA^tq`v
"n}1UxG-@d347)h%+t#kPqcc4PO%o\6JRl9Rw:M|<#?:~e:ROY:FY(!7O6=+[]S M$&"w:M|<#?Y4c(Y#Dr4}(,
VA^tq`vPXk%er;*f-k0XE^u>I44*yW"`VA^tq`vPXk%er;*f-k0XE^u>I44*yW"`VA^tq`vP
#!encrypt#!21#!+$x(_4_7o'FXQuDj>Xzz
#!encrypt#!11#!+$x(_4_sFeo#!encrypt#!35#!N626T+[]S MGU`Zl}uM{r!Muhd|2M%}OdBQ#!encrypt#!2#!g
[WARN]: LAYOUT_PATH at line 28 in file /opt/cadence-suite/sky130_release_0.0.4/Sky130_LVS/sky130.lvs.pvl is skipped. It is set in control file.
#!encrypt#!45#!+$x(_4_s2EFX~zx$>vEZ#7QurPwJK<!"u}p+K%Df:$%j
[WARN] Cmd-line override: LAYOUT_PRIMARY "1to2_demux";
#!encrypt#!14#!Z(:(;4__E`FX~z#!encrypt#!5#!N+Y$Y#!encrypt#!33#!N6J0xC)WUk`OTCKA>"3=/[[;zP<l=y6-U#!encrypt#!9#!N+e](/n[%#!encrypt#!2#!g
[WARN] REPORT_SUMMARY statement at line 36 in file /opt/cadence-suite/sky130_release_0.0.4/Sky130_LVS/sky130.lvs.pvl is ignored.
       summary file has been specified as /home/campus03/vmbasvi/Group2_VLSI_EE5900/1to2_demux/lvs/1to2_demux.sum
#!encrypt#!10#!Z(G=.4tf}q#!encrypt#!5#!N+Y$Y#!encrypt#!48#!N626T+[]S MGU`Zl}uM{r!Muhd|2M%}zhcn]#ZG>tU)xu<U$#!encrypt#!7#!N+4IYKA#!encrypt#!2#!g
[WARN] option -drc is skipped at line 40 in file /opt/cadence-suite/sky130_release_0.0.4/Sky130_LVS/sky130.lvs.pvl
#!encrypt#!11#!e$7.;ota\ed#!encrypt#!5#!N+f$Y#!encrypt#!7#!NIK&r|K#!encrypt#!2#!g
[WARN]: MAX_RESULTS -erc at line 44 in file /opt/cadence-suite/sky130_release_0.0.4/Sky130_LVS/sky130.lvs.pvl is skipped. It is set in control file.
#!encrypt#!10#!e$7.Xo/Y7f#!encrypt#!5#!N+Y$Y#!encrypt#!5#!NdKuQ#!encrypt#!2#!g
[WARN] option -drc is skipped at line 48 in file /opt/cadence-suite/sky130_release_0.0.4/Sky130_LVS/sky130.lvs.pvl
#!encrypt#!26#!{jwDD=lLU-icfF0Q[J@D-52!!
[WARN]: ABORT_ON_LAYOUT_ERROR at line 52 in file /opt/cadence-suite/sky130_release_0.0.4/Sky130_LVS/sky130.lvs.pvl is skipped. It is set in control file.
#!encrypt#!10#!~(79q<QsYC#!encrypt#!9#!N+h$K}n>k#!encrypt#!2#!g
[WARN]: TEXT_DEPTH at line 54 in file /opt/cadence-suite/sky130_release_0.0.4/Sky130_LVS/sky130.lvs.pvl is skipped. It is set in control file.
#!encrypt#!19#!+ZG.;o9dX>Jzr`,[I)2#!encrypt#!6#!N+mkZ^#!encrypt#!2#!g
#!encrypt#!9#!+$xq;=s!@#!encrypt#!5#!N)y+7#!encrypt#!5#!NIK&B#!encrypt#!2#!g
#!encrypt#!9#!+$xq;=R9##!encrypt#!3#!NY8#!encrypt#!10#!N+Yp$P*eyj#!encrypt#!3#!NfK#!encrypt#!5#!NIK&B#!encrypt#!2#!g
#!encrypt#!9#!+$xq;=s!@#!encrypt#!9#!N)y+7=*x+#!encrypt#!5#!NIK&a#!encrypt#!2#!g
#!encrypt#!9#!+$xq;=R9##!encrypt#!3#!NY8#!encrypt#!10#!N+E]d~*eyj#!encrypt#!3#!NfK#!encrypt#!5#!NIK&a#!encrypt#!2#!g
#!encrypt#!9#!+$xq;=s!@#!encrypt#!4#!N#4*#!encrypt#!5#!NIK&m#!encrypt#!2#!g
#!encrypt#!9#!+$xq;=R9##!encrypt#!3#!NY8#!encrypt#!10#!N+Yp$P*eyj#!encrypt#!3#!NdO#!encrypt#!5#!NIK&m#!encrypt#!2#!g
#!encrypt#!9#!+$xq;=s!@#!encrypt#!9#!No<]2/_#_#!encrypt#!5#!NIK&N#!encrypt#!2#!g
#!encrypt#!9#!+$xq;=R9##!encrypt#!3#!NYO#!encrypt#!10#!N+Yp$P*eyj#!encrypt#!3#!NfK#!encrypt#!5#!NIK&N#!encrypt#!2#!g
#!encrypt#!9#!+$xq;=s!@#!encrypt#!7#!N)mvO/6#!encrypt#!5#!NIK&L#!encrypt#!2#!g
#!encrypt#!9#!+$xq;=R9##!encrypt#!3#!NYO#!encrypt#!10#!N+Yp$P*eyj#!encrypt#!3#!NIu#!encrypt#!5#!NIK&L#!encrypt#!2#!g
#!encrypt#!9#!+$xq;=s!@#!encrypt#!5#!N{<X&#!encrypt#!5#!NIK&Q#!encrypt#!2#!g
#!encrypt#!9#!+$xq;=R9##!encrypt#!3#!NIA#!encrypt#!10#!N+Yp$P*eyj#!encrypt#!3#!NdO#!encrypt#!5#!NIK&Q#!encrypt#!2#!g
#!encrypt#!9#!+$xq;=s!@#!encrypt#!5#!N{<PO#!encrypt#!5#!NIK&|#!encrypt#!2#!g
#!encrypt#!9#!+$xq;=R9##!encrypt#!4#!NIt7#!encrypt#!10#!N+Yp$P*eyj#!encrypt#!3#!NfK#!encrypt#!5#!NIK&|#!encrypt#!2#!g
#!encrypt#!9#!+$xq;=s!@#!encrypt#!5#!NJgf##!encrypt#!5#!NIK&J#!encrypt#!2#!g
#!encrypt#!9#!+$xq;=R9##!encrypt#!3#!NIu#!encrypt#!10#!N+Yp$P*eyj#!encrypt#!3#!NfK#!encrypt#!5#!NIK&J#!encrypt#!2#!g
#!encrypt#!9#!+$xq;=s!@#!encrypt#!5#!NJgf(#!encrypt#!5#!NIK& #!encrypt#!2#!g
#!encrypt#!9#!+$xq;=R9##!encrypt#!3#!N.u#!encrypt#!10#!N+Yp$P*eyj#!encrypt#!3#!NdO#!encrypt#!5#!NIK& #!encrypt#!2#!g
#!encrypt#!9#!+$xq;=s!@#!encrypt#!6#!NPY#$}#!encrypt#!5#!NIKRr#!encrypt#!2#!g
#!encrypt#!9#!+$xq;=R9##!encrypt#!3#!NI&#!encrypt#!10#!N+Yp$P*eyj#!encrypt#!3#!NdO#!encrypt#!5#!NIKRr#!encrypt#!2#!g
#!encrypt#!9#!+$xq;=s!@#!encrypt#!4#!NJg_#!encrypt#!5#!NIKRB#!encrypt#!2#!g
#!encrypt#!9#!+$xq;=R9##!encrypt#!3#!N.8#!encrypt#!10#!N+Yp$P*eyj#!encrypt#!3#!NfK#!encrypt#!5#!NIKRB#!encrypt#!2#!g
#!encrypt#!9#!+$xq;=s!@#!encrypt#!5#!N#p#&#!encrypt#!5#!NIKRa#!encrypt#!2#!g
#!encrypt#!9#!+$xq;=R9##!encrypt#!3#!NwK#!encrypt#!10#!N+Yp$P*eyj#!encrypt#!3#!NfK#!encrypt#!5#!NIKRa#!encrypt#!2#!g
#!encrypt#!9#!+$xq;=s!@#!encrypt#!5#!NPgfZ#!encrypt#!5#!NIKRm#!encrypt#!2#!g
#!encrypt#!9#!+$xq;=R9##!encrypt#!4#!NIt?#!encrypt#!10#!N+Yp$P*eyj#!encrypt#!3#!NdO#!encrypt#!5#!NIKRm#!encrypt#!2#!g
#!encrypt#!9#!+$xq;=s!@#!encrypt#!8#!N{M~x=A5#!encrypt#!5#!NIKRN#!encrypt#!2#!g
#!encrypt#!9#!+$xq;=R9##!encrypt#!3#!NYI#!encrypt#!10#!N+Yp$P*eyj#!encrypt#!3#!NfK#!encrypt#!5#!NIKRN#!encrypt#!2#!g
#!encrypt#!9#!+$xq;=s!@#!encrypt#!9#!N{M~x=*x+#!encrypt#!5#!NIKRL#!encrypt#!2#!g
#!encrypt#!9#!+$xq;=R9##!encrypt#!3#!NYI#!encrypt#!10#!N+E]d~*eyj#!encrypt#!3#!NfK#!encrypt#!5#!NIKRL#!encrypt#!2#!g
#!encrypt#!9#!+$xq;=s!@#!encrypt#!6#!NJg#$}#!encrypt#!5#!NIKRQ#!encrypt#!2#!g
#!encrypt#!9#!+$xq;=R9##!encrypt#!4#!NIt?#!encrypt#!10#!N+Yp$P*eyj#!encrypt#!3#!NfK#!encrypt#!5#!NIKRQ#!encrypt#!2#!g
#!encrypt#!9#!+$xq;=s!@#!encrypt#!5#!NoJP&#!encrypt#!5#!NIKR|#!encrypt#!2#!g
#!encrypt#!9#!+$xq;=R9##!encrypt#!3#!N[b#!encrypt#!10#!N+Yp$P*eyj#!encrypt#!3#!NdO#!encrypt#!5#!NIKR|#!encrypt#!2#!g
#!encrypt#!9#!+$xq;=s!@#!encrypt#!5#!N{JP&#!encrypt#!5#!NIKRJ#!encrypt#!2#!g
#!encrypt#!9#!+$xq;=R9##!encrypt#!3#!N[O#!encrypt#!10#!N+Yp$P*eyj#!encrypt#!3#!NfK#!encrypt#!5#!NIKRJ#!encrypt#!2#!g
#!encrypt#!9#!+$xq;=s!@#!encrypt#!4#!N3h"#!encrypt#!5#!NIKR #!encrypt#!2#!g
#!encrypt#!9#!+$xq;=R9##!encrypt#!3#!NwI#!encrypt#!10#!N+Yp$P*eyj#!encrypt#!3#!NfK#!encrypt#!5#!NIKR #!encrypt#!2#!g
#!encrypt#!9#!+$xq;=s!@#!encrypt#!5#!NKe*&#!encrypt#!5#!NIKnr#!encrypt#!2#!g
#!encrypt#!9#!+$xq;=R9##!encrypt#!3#!N.A#!encrypt#!10#!N+Yp$P*eyj#!encrypt#!3#!NfK#!encrypt#!5#!NIKnr#!encrypt#!2#!g
#!encrypt#!9#!+$xq;=s!@#!encrypt#!4#!Noh;#!encrypt#!5#!NIKnB#!encrypt#!2#!g
#!encrypt#!9#!+$xq;=R9##!encrypt#!3#!N[8#!encrypt#!10#!N+Yp$P*eyj#!encrypt#!3#!NfK#!encrypt#!5#!NIKnB#!encrypt#!2#!g
#!encrypt#!9#!+$xq;=s!@#!encrypt#!7#!NPy;`%h#!encrypt#!5#!NIKna#!encrypt#!2#!g
#!encrypt#!9#!+$xq;=R9##!encrypt#!3#!NYI#!encrypt#!10#!N+Yp$P*eyj#!encrypt#!3#!NdO#!encrypt#!5#!NIKna#!encrypt#!2#!g
#!encrypt#!9#!+$xq;=s!@#!encrypt#!7#!NPyRqK?#!encrypt#!5#!NIKnm#!encrypt#!2#!g
#!encrypt#!9#!+$xq;=R9##!encrypt#!3#!NYo#!encrypt#!10#!N+Yp$P*eyj#!encrypt#!3#!NfK#!encrypt#!5#!NIKnm#!encrypt#!2#!g
#!encrypt#!9#!+$xq;=s!@#!encrypt#!9#!NPyRq~(x+#!encrypt#!5#!NIKnN#!encrypt#!2#!g
#!encrypt#!9#!+$xq;=R9##!encrypt#!3#!NYo#!encrypt#!10#!N+E]d~*eyj#!encrypt#!3#!NfK#!encrypt#!5#!NIKnN#!encrypt#!2#!g
#!encrypt#!9#!+$xq;=s!@#!encrypt#!5#!NQqkZ#!encrypt#!5#!NIKnL#!encrypt#!2#!g
#!encrypt#!9#!+$xq;=R9##!encrypt#!3#!NYo#!encrypt#!10#!N+Yp$P*eyj#!encrypt#!3#!NdO#!encrypt#!5#!NIKnL#!encrypt#!2#!g
#!encrypt#!9#!+$xq;=s!@#!encrypt#!8#!NQffB=A5#!encrypt#!5#!NIKnQ#!encrypt#!2#!g
#!encrypt#!9#!+$xq;=R9##!encrypt#!3#!NYu#!encrypt#!10#!N+Yp$P*eyj#!encrypt#!3#!NfK#!encrypt#!5#!NIKnQ#!encrypt#!2#!g
#!encrypt#!9#!+$xq;=s!@#!encrypt#!10#!NQffB=*\B/#!encrypt#!5#!NIKn|#!encrypt#!2#!g
#!encrypt#!9#!+$xq;=R9##!encrypt#!3#!NYu#!encrypt#!10#!N+E]d~*eyj#!encrypt#!3#!NfK#!encrypt#!5#!NIKn|#!encrypt#!2#!g
#!encrypt#!9#!+$xq;=s!@#!encrypt#!4#!Nkyp#!encrypt#!5#!NIKnJ#!encrypt#!2#!g
#!encrypt#!9#!+$xq;=R9##!encrypt#!3#!NYu#!encrypt#!10#!N+Yp$P*eyj#!encrypt#!3#!NdO#!encrypt#!5#!NIKnJ#!encrypt#!2#!g
#!encrypt#!9#!+$xq;=s!@#!encrypt#!8#!NQffa=A5#!encrypt#!5#!NIKn #!encrypt#!2#!g
#!encrypt#!9#!+$xq;=R9##!encrypt#!3#!NYA#!encrypt#!10#!N+Yp$P*eyj#!encrypt#!3#!NfK#!encrypt#!5#!NIKn #!encrypt#!2#!g
#!encrypt#!9#!+$xq;=s!@#!encrypt#!10#!NQffa=*\B/#!encrypt#!5#!NIKOr#!encrypt#!2#!g
#!encrypt#!9#!+$xq;=R9##!encrypt#!3#!NYA#!encrypt#!10#!N+E]d~*eyj#!encrypt#!3#!NfK#!encrypt#!5#!NIKOr#!encrypt#!2#!g
#!encrypt#!9#!+$xq;=s!@#!encrypt#!5#!Nkypa#!encrypt#!5#!NIKOB#!encrypt#!2#!g
#!encrypt#!9#!+$xq;=R9##!encrypt#!3#!NYA#!encrypt#!10#!N+Yp$P*eyj#!encrypt#!3#!NdO#!encrypt#!5#!NIKOB#!encrypt#!2#!g
#!encrypt#!9#!+$xq;=s!@#!encrypt#!8#!NQffm=A5#!encrypt#!5#!NIKOa#!encrypt#!2#!g
#!encrypt#!9#!+$xq;=R9##!encrypt#!3#!N.K#!encrypt#!10#!N+Yp$P*eyj#!encrypt#!3#!NfK#!encrypt#!5#!NIKOa#!encrypt#!2#!g
#!encrypt#!9#!+$xq;=s!@#!encrypt#!10#!NQffm=*\B/#!encrypt#!5#!NIKOm#!encrypt#!2#!g
#!encrypt#!9#!+$xq;=R9##!encrypt#!3#!N.K#!encrypt#!10#!N+E]d~*eyj#!encrypt#!3#!NfK#!encrypt#!5#!NIKOm#!encrypt#!2#!g
#!encrypt#!9#!+$xq;=s!@#!encrypt#!8#!Nkypm=A5#!encrypt#!5#!NIKON#!encrypt#!2#!g
#!encrypt#!9#!+$xq;=R9##!encrypt#!3#!N.K#!encrypt#!10#!N+Yp$P*eyj#!encrypt#!3#!NdO#!encrypt#!5#!NIKON#!encrypt#!2#!g
#!encrypt#!9#!+$xq;=s!@#!encrypt#!8#!NQffN=A5#!encrypt#!5#!NIKOL#!encrypt#!2#!g
#!encrypt#!9#!+$xq;=R9##!encrypt#!3#!N.&#!encrypt#!10#!N+Yp$P*eyj#!encrypt#!3#!NfK#!encrypt#!5#!NIKOL#!encrypt#!2#!g
#!encrypt#!9#!+$xq;=s!@#!encrypt#!10#!NQffN=*\B/#!encrypt#!5#!NIKOQ#!encrypt#!2#!g
#!encrypt#!9#!+$xq;=R9##!encrypt#!3#!N.&#!encrypt#!10#!N+E]d~*eyj#!encrypt#!3#!NfK#!encrypt#!5#!NIKOQ#!encrypt#!2#!g
#!encrypt#!9#!+$xq;=s!@#!encrypt#!5#!NkypN#!encrypt#!5#!NIKO|#!encrypt#!2#!g
#!encrypt#!9#!+$xq;=R9##!encrypt#!3#!N.&#!encrypt#!10#!N+Yp$P*eyj#!encrypt#!3#!NdO#!encrypt#!5#!NIKO|#!encrypt#!2#!g
#!encrypt#!9#!+$xq;=s!@#!encrypt#!8#!NQffL=A5#!encrypt#!5#!NIKOJ#!encrypt#!2#!g
#!encrypt#!9#!+$xq;=R9##!encrypt#!3#!N.t#!encrypt#!10#!N+Yp$P*eyj#!encrypt#!3#!NfK#!encrypt#!5#!NIKOJ#!encrypt#!2#!g
#!encrypt#!9#!+$xq;=s!@#!encrypt#!10#!NQffL=*\B/#!encrypt#!5#!NIKO #!encrypt#!2#!g
#!encrypt#!9#!+$xq;=R9##!encrypt#!3#!N.t#!encrypt#!10#!N+E]d~*eyj#!encrypt#!3#!NfK#!encrypt#!5#!NIKO #!encrypt#!2#!g
#!encrypt#!9#!+$xq;=s!@#!encrypt#!4#!N{4P#!encrypt#!5#!NIK7r#!encrypt#!2#!g
#!encrypt#!9#!+$xq;=R9##!encrypt#!3#!N.I#!encrypt#!10#!N+Yp$P*eyj#!encrypt#!3#!NfK#!encrypt#!5#!NIK7r#!encrypt#!2#!g
#!encrypt#!9#!+$xq;=s!@#!encrypt#!9#!N{4Pq~(x+#!encrypt#!5#!NIK7B#!encrypt#!2#!g
#!encrypt#!9#!+$xq;=R9##!encrypt#!3#!N.I#!encrypt#!10#!N+E]d~*eyj#!encrypt#!3#!NfK#!encrypt#!5#!NIK7B#!encrypt#!2#!g
#!encrypt#!9#!+$xq;=s!@#!encrypt#!4#!NoJ"#!encrypt#!5#!NIK7a#!encrypt#!2#!g
#!encrypt#!9#!+$xq;=R9##!encrypt#!3#!NY&#!encrypt#!10#!N+Yp$P*eyj#!encrypt#!3#!NfK#!encrypt#!5#!NIK7a#!encrypt#!2#!g
#!encrypt#!9#!+$xq;=s!@#!encrypt#!5#!Nc4*&#!encrypt#!5#!NIK7m#!encrypt#!2#!g
#!encrypt#!9#!+$xq;=R9##!encrypt#!3#!NwA#!encrypt#!10#!N+Yp$P*eyj#!encrypt#!3#!NdO#!encrypt#!5#!NIK7m#!encrypt#!2#!g
#!encrypt#!9#!+$xq;=s!@#!encrypt#!6#!Nc4*a}#!encrypt#!5#!NIK7N#!encrypt#!2#!g
#!encrypt#!9#!+$xq;=R9##!encrypt#!3#!N[o#!encrypt#!10#!N+Yp$P*eyj#!encrypt#!3#!NdO#!encrypt#!5#!NIK7N#!encrypt#!2#!g
#!encrypt#!9#!+$xq;=s!@#!encrypt#!5#!Nk,xK#!encrypt#!5#!NIK7L#!encrypt#!2#!g
#!encrypt#!9#!+$xq;=R9##!encrypt#!3#!N.O#!encrypt#!10#!N+Yp$P*eyj#!encrypt#!3#!Nf&#!encrypt#!5#!NIK7L#!encrypt#!2#!g
#!encrypt#!9#!+$xq;=s!@#!encrypt#!5#!NK,xK#!encrypt#!5#!NIK7Q#!encrypt#!2#!g
#!encrypt#!9#!+$xq;=R9##!encrypt#!3#!N.O#!encrypt#!10#!N+Yp$P*eyj#!encrypt#!3#!Nft#!encrypt#!5#!NIK7Q#!encrypt#!2#!g
#!encrypt#!9#!+$xq;=s!@#!encrypt#!4#!Noh##!encrypt#!5#!NIK7|#!encrypt#!2#!g
#!encrypt#!9#!+$xq;=R9##!encrypt#!3#!Nwt#!encrypt#!10#!N+Yp$P*eyj#!encrypt#!3#!NfK#!encrypt#!5#!NIK7|#!encrypt#!2#!g
#!encrypt#!9#!+$xq;=s!@#!encrypt#!9#!NamPVw*@=#!encrypt#!5#!NIK7J#!encrypt#!2#!g
#!encrypt#!9#!+$xq;=R9##!encrypt#!3#!Nwt#!encrypt#!10#!N+Yp$P*eyj#!encrypt#!3#!NfO#!encrypt#!5#!NIK7J#!encrypt#!2#!g
#!encrypt#!9#!+$xq;=s!@#!encrypt#!13#!Nc4*{wA:ZcMlX#!encrypt#!5#!NIK7 #!encrypt#!2#!g
#!encrypt#!9#!+$xq;=R9##!encrypt#!3#!Nwt#!encrypt#!10#!N+Yp$P*eyj#!encrypt#!3#!NYO#!encrypt#!5#!NIK7 #!encrypt#!2#!g
#!encrypt#!9#!+$xq;=s!@#!encrypt#!4#!N{m*#!encrypt#!5#!NIK?r#!encrypt#!2#!g
#!encrypt#!9#!+$xq;=R9##!encrypt#!3#!Nwt#!encrypt#!10#!N+Yp$P*eyj#!encrypt#!3#!NdO#!encrypt#!5#!NIK?r#!encrypt#!2#!g
#!encrypt#!9#!+$xq;=s!@#!encrypt#!10#!NM[mq"+C_j#!encrypt#!5#!NIK?B#!encrypt#!2#!g
#!encrypt#!9#!+$xq;=R9##!encrypt#!3#!NwO#!encrypt#!10#!N+Yp$P*eyj#!encrypt#!3#!NdO#!encrypt#!5#!NIK?B#!encrypt#!2#!g
#!encrypt#!9#!+$xq;=s!@#!encrypt#!4#!Noq"#!encrypt#!5#!NIK?a#!encrypt#!2#!g
#!encrypt#!9#!+$xq;=R9##!encrypt#!3#!N[t#!encrypt#!10#!N+Yp$P*eyj#!encrypt#!3#!NdO#!encrypt#!5#!NIK?a#!encrypt#!2#!g
#!encrypt#!9#!+$xq;=s!@#!encrypt#!10#!N{4P6^?:%c#!encrypt#!5#!NIK?m#!encrypt#!2#!g
#!encrypt#!9#!+$xq;=R9##!encrypt#!3#!Nw&#!encrypt#!10#!N+Yp$P*eyj#!encrypt#!3#!NfK#!encrypt#!5#!NIK?m#!encrypt#!2#!g
#!encrypt#!9#!+$xq;=s!@#!encrypt#!7#!N#4$p^*#!encrypt#!5#!NIK?N#!encrypt#!2#!g
#!encrypt#!9#!+$xq;=R9##!encrypt#!3#!N.I#!encrypt#!10#!N+Yp$P*eyj#!encrypt#!3#!NdO#!encrypt#!5#!NIK?N#!encrypt#!2#!g
#!encrypt#!9#!+$xq;=s!@#!encrypt#!10#!NOe]{KBQt_#!encrypt#!5#!NIK?L#!encrypt#!2#!g
#!encrypt#!9#!+$xq;=R9##!encrypt#!3#!Nw&#!encrypt#!10#!N+Yp$P*eyj#!encrypt#!2#!NI#!encrypt#!5#!NIK?L#!encrypt#!2#!g
#!encrypt#!9#!+$xq;=R9##!encrypt#!3#!Nw&#!encrypt#!10#!N+Yp$P*eyj#!encrypt#!2#!N.#!encrypt#!5#!NIK?L#!encrypt#!2#!g
#!encrypt#!9#!+$xq;=s!@#!encrypt#!10#!NOe]{KBQmj#!encrypt#!5#!NIK?Q#!encrypt#!2#!g
#!encrypt#!9#!+$xq;=R9##!encrypt#!3#!Nw&#!encrypt#!10#!N+Yp$P*eyj#!encrypt#!2#!Nf#!encrypt#!5#!NIK?Q#!encrypt#!2#!g
#!encrypt#!9#!+$xq;=s!@#!encrypt#!10#!NOe]{KBQ'j#!encrypt#!5#!NIK?|#!encrypt#!2#!g
#!encrypt#!9#!+$xq;=R9##!encrypt#!3#!Nw&#!encrypt#!10#!N+Yp$P*eyj#!encrypt#!2#!NE#!encrypt#!5#!NIK?|#!encrypt#!2#!g
#!encrypt#!9#!+$xq;=s!@#!encrypt#!10#!NOe]{KBQtS#!encrypt#!5#!NIK?J#!encrypt#!2#!g
#!encrypt#!9#!+$xq;=R9##!encrypt#!3#!Nw&#!encrypt#!10#!N+Yp$P*eyj#!encrypt#!2#!Nd#!encrypt#!5#!NIK?J#!encrypt#!2#!g
#!encrypt#!9#!+$xq;=s!@#!encrypt#!10#!NOe]{KBQtk#!encrypt#!5#!NIK? #!encrypt#!2#!g
#!encrypt#!9#!+$xq;=R9##!encrypt#!3#!Nw&#!encrypt#!10#!N+Yp$P*eyj#!encrypt#!2#!NY#!encrypt#!5#!NIK? #!encrypt#!2#!g
#!encrypt#!9#!+$xq;=s!@#!encrypt#!10#!NOe]{KBQtc#!encrypt#!5#!NIKjB#!encrypt#!2#!g
#!encrypt#!9#!+$xq;=R9##!encrypt#!3#!Nw&#!encrypt#!10#!N+Yp$P*eyj#!encrypt#!2#!Nw#!encrypt#!5#!NIKjB#!encrypt#!2#!g
#!encrypt#!9#!+$xq;=s!@#!encrypt#!10#!NOe]{KBQl/#!encrypt#!5#!NIKja#!encrypt#!2#!g
#!encrypt#!9#!+$xq;=R9##!encrypt#!3#!Nw&#!encrypt#!10#!N+Yp$P*eyj#!encrypt#!3#!NIK#!encrypt#!5#!NIKja#!encrypt#!2#!g
#!encrypt#!9#!+$xq;=s!@#!encrypt#!10#!NOe]{KBQx/#!encrypt#!5#!NIKjm#!encrypt#!2#!g
#!encrypt#!9#!+$xq;=R9##!encrypt#!3#!Nw&#!encrypt#!10#!N+Yp$P*eyj#!encrypt#!3#!NI&#!encrypt#!5#!NIKjm#!encrypt#!2#!g
#!encrypt#!9#!+$xq;=s!@#!encrypt#!10#!NOe]{KBQ'/#!encrypt#!5#!NIKjN#!encrypt#!2#!g
#!encrypt#!9#!+$xq;=R9##!encrypt#!3#!Nw&#!encrypt#!10#!N+Yp$P*eyj#!encrypt#!3#!NIt#!encrypt#!5#!NIKjN#!encrypt#!2#!g
#!encrypt#!9#!+$xq;=s!@#!encrypt#!10#!NOe]{KBQ{O#!encrypt#!5#!NIKjL#!encrypt#!2#!g
#!encrypt#!9#!+$xq;=R9##!encrypt#!3#!Nw&#!encrypt#!10#!N+Yp$P*eyj#!encrypt#!3#!NIb#!encrypt#!5#!NIKjL#!encrypt#!2#!g
#!encrypt#!9#!+$xq;=s!@#!encrypt#!10#!NOe]{KBQdm#!encrypt#!5#!NIKjQ#!encrypt#!2#!g
#!encrypt#!9#!+$xq;=R9##!encrypt#!3#!Nw&#!encrypt#!10#!N+Yp$P*eyj#!encrypt#!3#!NIO#!encrypt#!5#!NIKjQ#!encrypt#!2#!g
#!encrypt#!9#!+$xq;=s!@#!encrypt#!10#!NOe]{KBQ_J#!encrypt#!5#!NIKj|#!encrypt#!2#!g
#!encrypt#!9#!+$xq;=R9##!encrypt#!3#!Nw&#!encrypt#!10#!N+Yp$P*eyj#!encrypt#!3#!NI8#!encrypt#!5#!NIKj|#!encrypt#!2#!g
#!encrypt#!9#!+$xq;=s!@#!encrypt#!10#!NOe]{KBQPB#!encrypt#!5#!NIKjJ#!encrypt#!2#!g
#!encrypt#!9#!+$xq;=R9##!encrypt#!3#!Nw&#!encrypt#!10#!N+Yp$P*eyj#!encrypt#!3#!NIo#!encrypt#!5#!NIKjJ#!encrypt#!2#!g
#!encrypt#!9#!+$xq;=s!@#!encrypt#!10#!NOe]{KBQ>c#!encrypt#!5#!NIKj #!encrypt#!2#!g
#!encrypt#!9#!+$xq;=R9##!encrypt#!3#!Nw&#!encrypt#!10#!N+Yp$P*eyj#!encrypt#!3#!NIu#!encrypt#!5#!NIKj #!encrypt#!2#!g
#!encrypt#!9#!+$xq;=s!@#!encrypt#!10#!NOe]{KBQ%m#!encrypt#!5#!NIK%r#!encrypt#!2#!g
#!encrypt#!9#!+$xq;=R9##!encrypt#!3#!Nw&#!encrypt#!10#!N+Yp$P*eyj#!encrypt#!3#!NIA#!encrypt#!5#!NIK%r#!encrypt#!2#!g
#!encrypt#!9#!+$xq;=s!@#!encrypt#!10#!NOe]{KBQxj#!encrypt#!5#!NIK%B#!encrypt#!2#!g
#!encrypt#!9#!+$xq;=R9##!encrypt#!3#!Nw&#!encrypt#!10#!N+Yp$P*eyj#!encrypt#!3#!Nfb#!encrypt#!5#!NIK%B#!encrypt#!2#!g
#!encrypt#!9#!+$xq;=s!@#!encrypt#!10#!NOe]{KBQ=m#!encrypt#!5#!NIK%a#!encrypt#!2#!g
#!encrypt#!9#!+$xq;=R9##!encrypt#!3#!Nw&#!encrypt#!10#!N+Yp$P*eyj#!encrypt#!3#!NfO#!encrypt#!5#!NIK%a#!encrypt#!2#!g
#!encrypt#!9#!+$xq;=s!@#!encrypt#!10#!NOe]{KBQx.#!encrypt#!5#!NIK%m#!encrypt#!2#!g
#!encrypt#!9#!+$xq;=R9##!encrypt#!3#!Nw&#!encrypt#!10#!N+Yp$P*eyj#!encrypt#!3#!NGK#!encrypt#!5#!NIK%m#!encrypt#!2#!g
#!encrypt#!9#!+$xq;=s!@#!encrypt#!10#!NOe]{KBQmc#!encrypt#!5#!NIK%N#!encrypt#!2#!g
#!encrypt#!9#!+$xq;=R9##!encrypt#!3#!Nw&#!encrypt#!10#!N+Yp$P*eyj#!encrypt#!3#!NG&#!encrypt#!5#!NIK%N#!encrypt#!2#!g
#!encrypt#!9#!+$xq;=s!@#!encrypt#!10#!NOe]{KBQmm#!encrypt#!5#!NIK%L#!encrypt#!2#!g
#!encrypt#!9#!+$xq;=R9##!encrypt#!3#!Nw&#!encrypt#!10#!N+Yp$P*eyj#!encrypt#!3#!NGt#!encrypt#!5#!NIK%L#!encrypt#!2#!g
#!encrypt#!9#!+$xq;=s!@#!encrypt#!10#!NOe]{KBQt/#!encrypt#!5#!NIK%Q#!encrypt#!2#!g
#!encrypt#!9#!+$xq;=R9##!encrypt#!3#!Nw&#!encrypt#!10#!N+Yp$P*eyj#!encrypt#!3#!NGb#!encrypt#!5#!NIK%Q#!encrypt#!2#!g
#!encrypt#!9#!+$xq;=s!@#!encrypt#!10#!NOe]{KBQZw#!encrypt#!5#!NIK%|#!encrypt#!2#!g
#!encrypt#!9#!+$xq;=R9##!encrypt#!3#!Nw&#!encrypt#!10#!N+Yp$P*eyj#!encrypt#!3#!NGO#!encrypt#!5#!NIK%|#!encrypt#!2#!g
#!encrypt#!9#!+$xq;=s!@#!encrypt#!10#!NOe]{KBQ%.#!encrypt#!5#!NIK%J#!encrypt#!2#!g
#!encrypt#!9#!+$xq;=R9##!encrypt#!3#!Nw&#!encrypt#!10#!N+Yp$P*eyj#!encrypt#!3#!NGo#!encrypt#!5#!NIK%J#!encrypt#!2#!g
#!encrypt#!9#!+$xq;=s!@#!encrypt#!12#!NOe]{KBQ%.5 #!encrypt#!5#!NIK% #!encrypt#!2#!g
#!encrypt#!9#!+$xq;=R9##!encrypt#!3#!Nw&#!encrypt#!10#!N+Yp$P*eyj#!encrypt#!3#!NGu#!encrypt#!5#!NIK% #!encrypt#!2#!g
#!encrypt#!9#!+$xq;=s!@#!encrypt#!10#!NOe]{KBQdj#!encrypt#!5#!NIKcr#!encrypt#!2#!g
#!encrypt#!9#!+$xq;=R9##!encrypt#!3#!Nw&#!encrypt#!10#!N+Yp$P*eyj#!encrypt#!3#!NYK#!encrypt#!5#!NIKcr#!encrypt#!2#!g
#!encrypt#!9#!+$xq;=s!@#!encrypt#!10#!NOe]{KBQ._#!encrypt#!5#!NIKcB#!encrypt#!2#!g
#!encrypt#!9#!+$xq;=R9##!encrypt#!3#!Nw&#!encrypt#!10#!N+Yp$P*eyj#!encrypt#!3#!NYb#!encrypt#!5#!NIKcB#!encrypt#!2#!g
#!encrypt#!9#!+$xq;=s!@#!encrypt#!10#!NOe]{KBQtm#!encrypt#!5#!NIKca#!encrypt#!2#!g
#!encrypt#!9#!+$xq;=R9##!encrypt#!3#!Nw&#!encrypt#!10#!N+Yp$P*eyj#!encrypt#!3#!N.K#!encrypt#!5#!NIKca#!encrypt#!2#!g
#!encrypt#!9#!+$xq;=s!@#!encrypt#!10#!NOe]{KBQy\#!encrypt#!5#!NIKcm#!encrypt#!2#!g
#!encrypt#!9#!+$xq;=R9##!encrypt#!3#!Nw&#!encrypt#!10#!N+Yp$P*eyj#!encrypt#!3#!Nw&#!encrypt#!5#!NIKcm#!encrypt#!2#!g
#!encrypt#!9#!+$xq;=s!@#!encrypt#!10#!NOe]{KBQP/#!encrypt#!5#!NIKcN#!encrypt#!2#!g
#!encrypt#!9#!+$xq;=R9##!encrypt#!3#!Nw&#!encrypt#!10#!N+Yp$P*eyj#!encrypt#!3#!NwO#!encrypt#!5#!NIKcN#!encrypt#!2#!g
#!encrypt#!9#!+$xq;=s!@#!encrypt#!10#!NOe]{KBQ%/#!encrypt#!5#!NIKcL#!encrypt#!2#!g
#!encrypt#!9#!+$xq;=R9##!encrypt#!3#!Nw&#!encrypt#!10#!N+Yp$P*eyj#!encrypt#!4#!NIKR#!encrypt#!5#!NIKcL#!encrypt#!2#!g
#!encrypt#!9#!+$xq;=s!@#!encrypt#!11#!NOe]{KBQd<?#!encrypt#!5#!NIKcQ#!encrypt#!2#!g
#!encrypt#!9#!+$xq;=R9##!encrypt#!3#!Nw&#!encrypt#!10#!N+Yp$P*eyj#!encrypt#!4#!NIKc#!encrypt#!5#!NIKcQ#!encrypt#!2#!g
#!encrypt#!9#!+$xq;=s!@#!encrypt#!10#!NOe]{KBQ=j#!encrypt#!5#!NIKc|#!encrypt#!2#!g
#!encrypt#!9#!+$xq;=R9##!encrypt#!3#!Nw&#!encrypt#!10#!N+Yp$P*eyj#!encrypt#!4#!NIt?#!encrypt#!5#!NIKc|#!encrypt#!2#!g
#!encrypt#!9#!+$xq;=s!@#!encrypt#!4#!N4M"#!encrypt#!5#!NIKcJ#!encrypt#!2#!g
#!encrypt#!9#!+$xq;=R9##!encrypt#!3#!Nft#!encrypt#!10#!N+Yp$P*eyj#!encrypt#!3#!Nfb#!encrypt#!5#!NIKcJ#!encrypt#!2#!g
#!encrypt#!9#!+$xq;=s!@#!encrypt#!10#!N{M~x=yF+j#!encrypt#!5#!NIKc #!encrypt#!2#!g
#!encrypt#!9#!+$xq;=R9##!encrypt#!3#!NYI#!encrypt#!10#!N+Yp$P*eyj#!encrypt#!2#!N[#!encrypt#!5#!NIKc #!encrypt#!2#!g
#!encrypt#!9#!+$xq;=s!@#!encrypt#!11#!N{M~x=|@xj=#!encrypt#!5#!NIKur#!encrypt#!2#!g
#!encrypt#!9#!+$xq;=R9##!encrypt#!3#!NYI#!encrypt#!10#!N+E]d~*eyj#!encrypt#!3#!Nwb#!encrypt#!5#!NIKur#!encrypt#!2#!g
#!encrypt#!9#!+$xq;=s!@#!encrypt#!9#!N{M~x=+\t#!encrypt#!5#!NIKuB#!encrypt#!2#!g
#!encrypt#!9#!+$xq;=R9##!encrypt#!3#!NYI#!encrypt#!10#!N+Yp$P*eyj#!encrypt#!3#!NIb#!encrypt#!5#!NIKuB#!encrypt#!2#!g
#!encrypt#!9#!+$xq;=s!@#!encrypt#!9#!N)y+7=+\t#!encrypt#!5#!NIKua#!encrypt#!2#!g
#!encrypt#!9#!+$xq;=R9##!encrypt#!3#!NY8#!encrypt#!10#!N+Yp$P*eyj#!encrypt#!3#!NIb#!encrypt#!5#!NIKua#!encrypt#!2#!g
#!encrypt#!9#!+$xq;=s!@#!encrypt#!10#!N{<]2/_>%J#!encrypt#!5#!NIKum#!encrypt#!2#!g
#!encrypt#!9#!+$xq;=R9##!encrypt#!3#!NYO#!encrypt#!10#!N+Yp$P*eyj#!encrypt#!3#!NIb#!encrypt#!5#!NIKum#!encrypt#!2#!g
#!encrypt#!9#!+$xq;=s!@#!encrypt#!8#!NPyRqZ(o#!encrypt#!5#!NIKuN#!encrypt#!2#!g
#!encrypt#!9#!+$xq;=R9##!encrypt#!3#!NYo#!encrypt#!10#!N+Yp$P*eyj#!encrypt#!3#!NIb#!encrypt#!5#!NIKuN#!encrypt#!2#!g
#!encrypt#!9#!+$xq;=s!@#!encrypt#!8#!N)y+7=a #!encrypt#!5#!NIKuL#!encrypt#!2#!g
#!encrypt#!9#!+$xq;=R9##!encrypt#!3#!NY8#!encrypt#!10#!N+Yp$P*eyj#!encrypt#!2#!Nw#!encrypt#!5#!NIKuL#!encrypt#!2#!g
#!encrypt#!9#!+$xq;=s!@#!encrypt#!10#!NQffN=!Ctj#!encrypt#!5#!NIKuQ#!encrypt#!2#!g
#!encrypt#!9#!+$xq;=R9##!encrypt#!3#!N.&#!encrypt#!10#!N+Yp$P*eyj#!encrypt#!3#!NIo#!encrypt#!5#!NIKuQ#!encrypt#!2#!g
#!encrypt#!9#!+$xq;=s!@#!encrypt#!14#!NamPVw*@=#?|W-#!encrypt#!5#!NIKu|#!encrypt#!2#!g
#!encrypt#!9#!+$xq;=R9##!encrypt#!3#!Nwt#!encrypt#!10#!N+Yp$P*eyj#!encrypt#!3#!NfI#!encrypt#!5#!NIKu|#!encrypt#!2#!g
#!encrypt#!9#!+$xq;=s!@#!encrypt#!14#!NamPVw*@=#?|Wi#!encrypt#!5#!NIKuJ#!encrypt#!2#!g
#!encrypt#!9#!+$xq;=R9##!encrypt#!3#!Nwt#!encrypt#!10#!N+Yp$P*eyj#!encrypt#!3#!Nfo#!encrypt#!5#!NIKuJ#!encrypt#!2#!g
#!encrypt#!9#!+$xq;=s!@#!encrypt#!14#!NamPVw*@=#?|W=#!encrypt#!5#!NIKu #!encrypt#!2#!g
#!encrypt#!9#!+$xq;=R9##!encrypt#!3#!Nwt#!encrypt#!10#!N+Yp$P*eyj#!encrypt#!3#!Nfu#!encrypt#!5#!NIKu #!encrypt#!2#!g
#!encrypt#!9#!+$xq;=s!@#!encrypt#!10#!NPyRq>6@mL#!encrypt#!5#!NI&&r#!encrypt#!2#!g
#!encrypt#!9#!+$xq;=R9##!encrypt#!3#!NYo#!encrypt#!10#!N+Yp$P*eyj#!encrypt#!3#!NIK#!encrypt#!5#!NI&&r#!encrypt#!2#!g
#!encrypt#!9#!+$xq;=s!@#!encrypt#!11#!NQffB=uyZS}#!encrypt#!5#!NI&&B#!encrypt#!2#!g
#!encrypt#!9#!+$xq;=R9##!encrypt#!3#!NYu#!encrypt#!10#!N+Yp$P*eyj#!encrypt#!3#!NIK#!encrypt#!5#!NI&&B#!encrypt#!2#!g
#!encrypt#!9#!+$xq;=s!@#!encrypt#!11#!NQffa=uyZS}#!encrypt#!5#!NI&&a#!encrypt#!2#!g
#!encrypt#!9#!+$xq;=R9##!encrypt#!3#!NYA#!encrypt#!10#!N+Yp$P*eyj#!encrypt#!3#!NIK#!encrypt#!5#!NI&&a#!encrypt#!2#!g
#!encrypt#!9#!+$xq;=s!@#!encrypt#!11#!NQffm=uyZS}#!encrypt#!5#!NI&&m#!encrypt#!2#!g
#!encrypt#!9#!+$xq;=R9##!encrypt#!3#!N.K#!encrypt#!10#!N+Yp$P*eyj#!encrypt#!3#!NIK#!encrypt#!5#!NI&&m#!encrypt#!2#!g
#!encrypt#!9#!+$xq;=s!@#!encrypt#!11#!NQffN=uyZS}#!encrypt#!5#!NI&&N#!encrypt#!2#!g
#!encrypt#!9#!+$xq;=R9##!encrypt#!3#!N.&#!encrypt#!10#!N+Yp$P*eyj#!encrypt#!3#!NIK#!encrypt#!5#!NI&&N#!encrypt#!2#!g
#!encrypt#!9#!+$xq;=s!@#!encrypt#!11#!NQffL=uyZS}#!encrypt#!5#!NI&&L#!encrypt#!2#!g
#!encrypt#!9#!+$xq;=R9##!encrypt#!3#!N.t#!encrypt#!10#!N+Yp$P*eyj#!encrypt#!3#!NIK#!encrypt#!5#!NI&&L#!encrypt#!2#!g
#!encrypt#!9#!+$xq;=s!@#!encrypt#!8#!N{ebZg+e#!encrypt#!5#!NI&&Q#!encrypt#!2#!g
#!encrypt#!9#!+$xq;=R9##!encrypt#!4#!Nfb?#!encrypt#!10#!N+Yp$P*eyj#!encrypt#!2#!Nd#!encrypt#!5#!NI&&Q#!encrypt#!2#!g
#!encrypt#!9#!+$xq;=s!@#!encrypt#!9#!N)y+7=u5x#!encrypt#!5#!NI&&|#!encrypt#!2#!g
#!encrypt#!9#!+$xq;=R9##!encrypt#!3#!NY8#!encrypt#!10#!N+Yp$P*eyj#!encrypt#!2#!Nd#!encrypt#!5#!NI&&|#!encrypt#!2#!g
#!encrypt#!9#!+$xq;=s!@#!encrypt#!8#!N#4*q>?0#!encrypt#!5#!NI&&J#!encrypt#!2#!g
#!encrypt#!9#!+$xq;=R9##!encrypt#!3#!NY8#!encrypt#!10#!N+Yp$P*eyj#!encrypt#!3#!NYK#!encrypt#!5#!NI&&J#!encrypt#!2#!g
#!encrypt#!9#!+$xq;=s!@#!encrypt#!9#!NQqkZ=u5x#!encrypt#!5#!NI&& #!encrypt#!2#!g
#!encrypt#!9#!+$xq;=R9##!encrypt#!3#!NYo#!encrypt#!10#!N+Yp$P*eyj#!encrypt#!3#!NYK#!encrypt#!5#!NI&& #!encrypt#!2#!g
#!encrypt#!9#!+$xq;=s!@#!encrypt#!9#!N{M~x=u5x#!encrypt#!5#!NI&Rr#!encrypt#!2#!g
#!encrypt#!9#!+$xq;=R9##!encrypt#!3#!NYI#!encrypt#!10#!N+Yp$P*eyj#!encrypt#!2#!Nd#!encrypt#!5#!NI&Rr#!encrypt#!2#!g
#!encrypt#!9#!+$xq;=s!@#!encrypt#!8#!Nkypq>?0#!encrypt#!5#!NI&RB#!encrypt#!2#!g
#!encrypt#!9#!+$xq;=R9##!encrypt#!3#!NYu#!encrypt#!10#!N+Yp$P*eyj#!encrypt#!3#!NYK#!encrypt#!5#!NI&RB#!encrypt#!2#!g
#!encrypt#!9#!+$xq;=s!@#!encrypt#!9#!Nkypa=u5x#!encrypt#!5#!NI&Ra#!encrypt#!2#!g
#!encrypt#!9#!+$xq;=R9##!encrypt#!3#!NYA#!encrypt#!10#!N+Yp$P*eyj#!encrypt#!3#!NYK#!encrypt#!5#!NI&Ra#!encrypt#!2#!g
#!encrypt#!9#!+$xq;=s!@#!encrypt#!9#!Nkypm=u5x#!encrypt#!5#!NI&Rm#!encrypt#!2#!g
#!encrypt#!9#!+$xq;=R9##!encrypt#!3#!N.K#!encrypt#!10#!N+Yp$P*eyj#!encrypt#!3#!NYK#!encrypt#!5#!NI&Rm#!encrypt#!2#!g
#!encrypt#!9#!+$xq;=s!@#!encrypt#!9#!NkypN=u5x#!encrypt#!5#!NI&RN#!encrypt#!2#!g
#!encrypt#!9#!+$xq;=R9##!encrypt#!3#!N.&#!encrypt#!10#!N+Yp$P*eyj#!encrypt#!3#!NYK#!encrypt#!5#!NI&RN#!encrypt#!2#!g
#!encrypt#!9#!+$xq;=s!@#!encrypt#!10#!NPyRq/nm%_#!encrypt#!5#!NI&RL#!encrypt#!2#!g
#!encrypt#!9#!+$xq;=R9##!encrypt#!3#!NYo#!encrypt#!10#!N+E]d~*eyj#!encrypt#!2#!NG#!encrypt#!5#!NI&RL#!encrypt#!2#!g
#!encrypt#!9#!+$xq;=s!@#!encrypt#!11#!NQffB=6F^j=#!encrypt#!5#!NI&RQ#!encrypt#!2#!g
#!encrypt#!9#!+$xq;=R9##!encrypt#!3#!NYu#!encrypt#!10#!N+E]d~*eyj#!encrypt#!2#!NG#!encrypt#!5#!NI&RQ#!encrypt#!2#!g
#!encrypt#!9#!+$xq;=s!@#!encrypt#!11#!NQffa=6F^j=#!encrypt#!5#!NI&R|#!encrypt#!2#!g
#!encrypt#!9#!+$xq;=R9##!encrypt#!3#!NYA#!encrypt#!10#!N+E]d~*eyj#!encrypt#!2#!NG#!encrypt#!5#!NI&R|#!encrypt#!2#!g
#!encrypt#!9#!+$xq;=s!@#!encrypt#!11#!NQffm=6F^j=#!encrypt#!5#!NI&RJ#!encrypt#!2#!g
#!encrypt#!9#!+$xq;=R9##!encrypt#!3#!N.K#!encrypt#!10#!N+E]d~*eyj#!encrypt#!2#!NG#!encrypt#!5#!NI&RJ#!encrypt#!2#!g
#!encrypt#!9#!+$xq;=s!@#!encrypt#!11#!NQffN=6F^j=#!encrypt#!5#!NI&R #!encrypt#!2#!g
#!encrypt#!9#!+$xq;=R9##!encrypt#!3#!N.&#!encrypt#!10#!N+E]d~*eyj#!encrypt#!2#!NG#!encrypt#!5#!NI&R #!encrypt#!2#!g
#!encrypt#!9#!+$xq;=s!@#!encrypt#!11#!NQffL=6F^j=#!encrypt#!5#!NI&nr#!encrypt#!2#!g
#!encrypt#!9#!+$xq;=R9##!encrypt#!3#!N.t#!encrypt#!10#!N+E]d~*eyj#!encrypt#!2#!NG#!encrypt#!5#!NI&nr#!encrypt#!2#!g
#!encrypt#!9#!+$xq;=s!@#!encrypt#!11#!N{M~x=6F^j=#!encrypt#!5#!NI&nB#!encrypt#!2#!g
#!encrypt#!9#!+$xq;=R9##!encrypt#!3#!NYI#!encrypt#!10#!N+E]d~*eyj#!encrypt#!2#!NG#!encrypt#!5#!NI&nB#!encrypt#!2#!g
#!encrypt#!9#!+$xq;=s!@#!encrypt#!11#!N)y+7=6F^j=#!encrypt#!5#!NI&na#!encrypt#!2#!g
#!encrypt#!9#!+$xq;=R9##!encrypt#!3#!NY8#!encrypt#!10#!N+E]d~*eyj#!encrypt#!2#!NY#!encrypt#!5#!NI&na#!encrypt#!2#!g
#!encrypt#!9#!+$xq;=s!@#!encrypt#!9#!N{<]2/_#_#!encrypt#!5#!NI&nm#!encrypt#!2#!g
#!encrypt#!9#!+$xq;=R9##!encrypt#!3#!NYO#!encrypt#!10#!N+Yp$P*eyj#!encrypt#!3#!NGA#!encrypt#!5#!NI&nm#!encrypt#!2#!g
#!encrypt#!9#!+$xq;=s!@#!encrypt#!12#!N{<]2/_y1;,1#!encrypt#!5#!NI&nN#!encrypt#!2#!g
#!encrypt#!9#!+$xq;=R9##!encrypt#!3#!NYO#!encrypt#!10#!N+E]d~*eyj#!encrypt#!3#!NGA#!encrypt#!5#!NI&nN#!encrypt#!2#!g
#!encrypt#!9#!+$xq;=s!@#!encrypt#!15#!N{<]2/AoZ#=nbRh#!encrypt#!5#!NI&nL#!encrypt#!2#!g
#!encrypt#!9#!+$xq;=R9##!encrypt#!3#!NdO#!encrypt#!10#!N+Yp$P*eyj#!encrypt#!2#!NG#!encrypt#!5#!NI&nL#!encrypt#!2#!g
#!encrypt#!9#!+$xq;=s!@#!encrypt#!10#!N{4Pq/nm%_#!encrypt#!5#!NI&nQ#!encrypt#!2#!g
#!encrypt#!9#!+$xq;=R9##!encrypt#!3#!N.I#!encrypt#!10#!N+E]d~*eyj#!encrypt#!2#!NG#!encrypt#!5#!NI&nQ#!encrypt#!2#!g
#!encrypt#!9#!+$xq;=s!@#!encrypt#!10#!N#4*q/nm%_#!encrypt#!5#!NI&n|#!encrypt#!2#!g
#!encrypt#!9#!+$xq;=R9##!encrypt#!3#!NY8#!encrypt#!10#!N+E]d~*eyj#!encrypt#!2#!NG#!encrypt#!5#!NI&n|#!encrypt#!2#!g
#!encrypt#!9#!+$xq;=s!@#!encrypt#!12#!No<]2/_y1;,1#!encrypt#!5#!NI&nJ#!encrypt#!2#!g
#!encrypt#!9#!+$xq;=R9##!encrypt#!3#!NYO#!encrypt#!10#!N+E]d~*eyj#!encrypt#!2#!NG#!encrypt#!5#!NI&nJ#!encrypt#!2#!g
#!encrypt#!9#!+$xq;=s!@#!encrypt#!15#!NamPVw*@=#=nbRh#!encrypt#!5#!NI&n #!encrypt#!2#!g
#!encrypt#!9#!+$xq;=R9##!encrypt#!3#!Nwt#!encrypt#!10#!N+E]d~*eyj#!encrypt#!3#!Nf8#!encrypt#!5#!NI&n #!encrypt#!2#!g
#!encrypt#!9#!+$xq;=s!@#!encrypt#!5#!N#fw$#!encrypt#!5#!NI&Or#!encrypt#!2#!g
#!encrypt#!9#!+$xq;=R9##!encrypt#!3#!Nwb#!encrypt#!10#!N+E]d~*eyj#!encrypt#!3#!NdO#!encrypt#!5#!NI&Or#!encrypt#!2#!g
#!encrypt#!9#!+$xq;=s!@#!encrypt#!8#!NPyRq%(:#!encrypt#!5#!NI&OB#!encrypt#!2#!g
#!encrypt#!9#!+$xq;=R9##!encrypt#!3#!NYo#!encrypt#!10#!N+E]d~*eyj#!encrypt#!3#!Nfb#!encrypt#!5#!NI&OB#!encrypt#!2#!g
#!encrypt#!9#!+$xq;=s!@#!encrypt#!9#!NQffB=?\+#!encrypt#!5#!NI&Oa#!encrypt#!2#!g
#!encrypt#!9#!+$xq;=R9##!encrypt#!3#!NYu#!encrypt#!10#!N+E]d~*eyj#!encrypt#!3#!Nfb#!encrypt#!5#!NI&Oa#!encrypt#!2#!g
#!encrypt#!9#!+$xq;=s!@#!encrypt#!9#!NQffa=?\+#!encrypt#!5#!NI&Om#!encrypt#!2#!g
#!encrypt#!9#!+$xq;=R9##!encrypt#!3#!NYA#!encrypt#!10#!N+E]d~*eyj#!encrypt#!3#!Nfb#!encrypt#!5#!NI&Om#!encrypt#!2#!g
#!encrypt#!9#!+$xq;=s!@#!encrypt#!9#!NQffm=?\+#!encrypt#!5#!NI&ON#!encrypt#!2#!g
#!encrypt#!9#!+$xq;=R9##!encrypt#!3#!N.K#!encrypt#!10#!N+E]d~*eyj#!encrypt#!3#!Nfb#!encrypt#!5#!NI&ON#!encrypt#!2#!g
#!encrypt#!9#!+$xq;=s!@#!encrypt#!9#!NQffN=?\+#!encrypt#!5#!NI&OL#!encrypt#!2#!g
#!encrypt#!9#!+$xq;=R9##!encrypt#!3#!N.&#!encrypt#!10#!N+E]d~*eyj#!encrypt#!3#!Nfb#!encrypt#!5#!NI&OL#!encrypt#!2#!g
#!encrypt#!9#!+$xq;=s!@#!encrypt#!9#!NQffL=?\+#!encrypt#!5#!NI&OQ#!encrypt#!2#!g
#!encrypt#!9#!+$xq;=R9##!encrypt#!3#!N.t#!encrypt#!10#!N+E]d~*eyj#!encrypt#!3#!Nfb#!encrypt#!5#!NI&OQ#!encrypt#!2#!g
#!encrypt#!9#!+$xq;=s!@#!encrypt#!9#!N{M~x=?\+#!encrypt#!5#!NI&O|#!encrypt#!2#!g
#!encrypt#!9#!+$xq;=R9##!encrypt#!3#!NYI#!encrypt#!10#!N+E]d~*eyj#!encrypt#!3#!Nfb#!encrypt#!5#!NI&O|#!encrypt#!2#!g
#!encrypt#!9#!+$xq;=s!@#!encrypt#!9#!N)y+7=?\+#!encrypt#!5#!NI&OJ#!encrypt#!2#!g
#!encrypt#!9#!+$xq;=R9##!encrypt#!3#!NY8#!encrypt#!10#!N+E]d~*eyj#!encrypt#!3#!Nfb#!encrypt#!5#!NI&OJ#!encrypt#!2#!g
#!encrypt#!9#!+$xq;=s!@#!encrypt#!8#!NPyRq"A5#!encrypt#!5#!NI&O #!encrypt#!2#!g
#!encrypt#!9#!+$xq;=R9##!encrypt#!3#!NYo#!encrypt#!10#!N+E]d~*eyj#!encrypt#!2#!N;#!encrypt#!5#!NI&O #!encrypt#!2#!g
#!encrypt#!9#!+$xq;=R9##!encrypt#!3#!NYo#!encrypt#!10#!N+Yp$P*eyj#!encrypt#!3#!NII#!encrypt#!5#!NI&O #!encrypt#!2#!g
#!encrypt#!9#!+$xq;=R9##!encrypt#!3#!NYo#!encrypt#!10#!N+E]d~*eyj#!encrypt#!3#!NII#!encrypt#!5#!NI&O #!encrypt#!2#!g
#!encrypt#!9#!+$xq;=s!@#!encrypt#!9#!NQffB=M#_#!encrypt#!5#!NI&7B#!encrypt#!2#!g
#!encrypt#!9#!+$xq;=R9##!encrypt#!3#!NYu#!encrypt#!10#!N+E]d~*eyj#!encrypt#!2#!N;#!encrypt#!5#!NI&7B#!encrypt#!2#!g
#!encrypt#!9#!+$xq;=R9##!encrypt#!3#!NYu#!encrypt#!10#!N+Yp$P*eyj#!encrypt#!3#!NII#!encrypt#!5#!NI&7B#!encrypt#!2#!g
#!encrypt#!9#!+$xq;=R9##!encrypt#!3#!NYu#!encrypt#!10#!N+E]d~*eyj#!encrypt#!3#!NII#!encrypt#!5#!NI&7B#!encrypt#!2#!g
#!encrypt#!9#!+$xq;=s!@#!encrypt#!9#!NQffa=M#_#!encrypt#!5#!NI&7m#!encrypt#!2#!g
#!encrypt#!9#!+$xq;=R9##!encrypt#!3#!NYA#!encrypt#!10#!N+E]d~*eyj#!encrypt#!2#!N;#!encrypt#!5#!NI&7m#!encrypt#!2#!g
#!encrypt#!9#!+$xq;=R9##!encrypt#!3#!NYA#!encrypt#!10#!N+Yp$P*eyj#!encrypt#!3#!NII#!encrypt#!5#!NI&7m#!encrypt#!2#!g
#!encrypt#!9#!+$xq;=R9##!encrypt#!3#!NYA#!encrypt#!10#!N+E]d~*eyj#!encrypt#!3#!NII#!encrypt#!5#!NI&7m#!encrypt#!2#!g
#!encrypt#!9#!+$xq;=s!@#!encrypt#!9#!NQffm=M#_#!encrypt#!5#!NI&7L#!encrypt#!2#!g
#!encrypt#!9#!+$xq;=R9##!encrypt#!3#!N.K#!encrypt#!10#!N+E]d~*eyj#!encrypt#!2#!N;#!encrypt#!5#!NI&7L#!encrypt#!2#!g
#!encrypt#!9#!+$xq;=R9##!encrypt#!3#!N.K#!encrypt#!10#!N+Yp$P*eyj#!encrypt#!3#!NII#!encrypt#!5#!NI&7L#!encrypt#!2#!g
#!encrypt#!9#!+$xq;=R9##!encrypt#!3#!N.K#!encrypt#!10#!N+E]d~*eyj#!encrypt#!3#!NII#!encrypt#!5#!NI&7L#!encrypt#!2#!g
#!encrypt#!9#!+$xq;=s!@#!encrypt#!9#!NQffN=M#_#!encrypt#!5#!NI&7|#!encrypt#!2#!g
#!encrypt#!9#!+$xq;=R9##!encrypt#!3#!N.&#!encrypt#!10#!N+E]d~*eyj#!encrypt#!2#!N;#!encrypt#!5#!NI&7|#!encrypt#!2#!g
#!encrypt#!9#!+$xq;=R9##!encrypt#!3#!N.&#!encrypt#!10#!N+Yp$P*eyj#!encrypt#!3#!NII#!encrypt#!5#!NI&7|#!encrypt#!2#!g
#!encrypt#!9#!+$xq;=R9##!encrypt#!3#!N.&#!encrypt#!10#!N+E]d~*eyj#!encrypt#!3#!NII#!encrypt#!5#!NI&7|#!encrypt#!2#!g
#!encrypt#!9#!+$xq;=s!@#!encrypt#!9#!NQffL=M#_#!encrypt#!5#!NI&7 #!encrypt#!2#!g
#!encrypt#!9#!+$xq;=R9##!encrypt#!3#!N.t#!encrypt#!10#!N+E]d~*eyj#!encrypt#!2#!N;#!encrypt#!5#!NI&7 #!encrypt#!2#!g
#!encrypt#!9#!+$xq;=R9##!encrypt#!3#!N.t#!encrypt#!10#!N+Yp$P*eyj#!encrypt#!3#!NII#!encrypt#!5#!NI&7 #!encrypt#!2#!g
#!encrypt#!9#!+$xq;=R9##!encrypt#!3#!N.t#!encrypt#!10#!N+E]d~*eyj#!encrypt#!3#!NII#!encrypt#!5#!NI&7 #!encrypt#!2#!g
#!encrypt#!9#!+$xq;=s!@#!encrypt#!9#!N{M~x=M#_#!encrypt#!5#!NI&?a#!encrypt#!2#!g
#!encrypt#!9#!+$xq;=R9##!encrypt#!3#!NYI#!encrypt#!10#!N+E]d~*eyj#!encrypt#!2#!N;#!encrypt#!5#!NI&?a#!encrypt#!2#!g
#!encrypt#!9#!+$xq;=R9##!encrypt#!3#!NYI#!encrypt#!10#!N+E]d~*eyj#!encrypt#!3#!NII#!encrypt#!5#!NI&?a#!encrypt#!2#!g
#!encrypt#!9#!+$xq;=s!@#!encrypt#!9#!N)y+7=M#_#!encrypt#!5#!NI&?m#!encrypt#!2#!g
#!encrypt#!9#!+$xq;=R9##!encrypt#!3#!NY8#!encrypt#!10#!N+E]d~*eyj#!encrypt#!3#!NII#!encrypt#!5#!NI&?m#!encrypt#!2#!g
#!encrypt#!9#!+$xq;=s!@#!encrypt#!10#!No<]2/_lP.#!encrypt#!5#!NI&?N#!encrypt#!2#!g
#!encrypt#!9#!+$xq;=R9##!encrypt#!3#!NYO#!encrypt#!10#!N+Yp$P*eyj#!encrypt#!3#!NII#!encrypt#!5#!NI&?N#!encrypt#!2#!g
#!encrypt#!9#!+$xq;=R9##!encrypt#!3#!NYO#!encrypt#!10#!N+E]d~*eyj#!encrypt#!2#!N;#!encrypt#!5#!NI&?N#!encrypt#!2#!g
#!encrypt#!9#!+$xq;=s!@#!encrypt#!8#!N{4Pq"A5#!encrypt#!5#!NI&?L#!encrypt#!2#!g
#!encrypt#!9#!+$xq;=R9##!encrypt#!3#!N.I#!encrypt#!10#!N+E]d~*eyj#!encrypt#!2#!N;#!encrypt#!5#!NI&?L#!encrypt#!2#!g
#!encrypt#!9#!+$xq;=R9##!encrypt#!3#!N.I#!encrypt#!10#!N+Yp$P*eyj#!encrypt#!3#!NII#!encrypt#!5#!NI&?L#!encrypt#!2#!g
#!encrypt#!9#!+$xq;=R9##!encrypt#!3#!N.I#!encrypt#!10#!N+E]d~*eyj#!encrypt#!3#!NII#!encrypt#!5#!NI&?L#!encrypt#!2#!g
#!encrypt#!9#!+$xq;=s!@#!encrypt#!10#!N{<]2/_lP.#!encrypt#!5#!NI&?|#!encrypt#!2#!g
#!encrypt#!9#!+$xq;=R9##!encrypt#!4#!NItn#!encrypt#!10#!N+Yp$P*eyj#!encrypt#!3#!NII#!encrypt#!5#!NI&?|#!encrypt#!2#!g
#!encrypt#!9#!+$xq;=R9##!encrypt#!4#!NItn#!encrypt#!10#!N+E]d~*eyj#!encrypt#!3#!NII#!encrypt#!5#!NI&?|#!encrypt#!2#!g
#!encrypt#!9#!+$xq;=R9##!encrypt#!4#!NItn#!encrypt#!10#!N+E]d~*eyj#!encrypt#!2#!N;#!encrypt#!5#!NI&?|#!encrypt#!2#!g
#!encrypt#!9#!+$xq;=s!@#!encrypt#!9#!N{<]2/AoZ#!encrypt#!5#!NI&? #!encrypt#!2#!g
#!encrypt#!9#!+$xq;=R9##!encrypt#!3#!NdO#!encrypt#!10#!N+Yp$P*eyj#!encrypt#!3#!NII#!encrypt#!5#!NI&? #!encrypt#!2#!g
#!encrypt#!9#!+$xq;=R9##!encrypt#!3#!NdO#!encrypt#!10#!N+E]d~*eyj#!encrypt#!3#!NII#!encrypt#!5#!NI&? #!encrypt#!2#!g
#!encrypt#!9#!+$xq;=s!@#!encrypt#!9#!N)y+7=oC+#!encrypt#!5#!NI&%B#!encrypt#!2#!g
#!encrypt#!9#!+$xq;=R9##!encrypt#!3#!NY8#!encrypt#!10#!N+Yp$P*eyj#!encrypt#!3#!NIO#!encrypt#!5#!NI&%B#!encrypt#!2#!g
#!encrypt#!9#!+$xq;=s!@#!encrypt#!9#!N{M~x=oC+#!encrypt#!5#!NI&%a#!encrypt#!2#!g
#!encrypt#!9#!+$xq;=R9##!encrypt#!3#!NYI#!encrypt#!10#!N+Yp$P*eyj#!encrypt#!3#!NIO#!encrypt#!5#!NI&%a#!encrypt#!2#!g
#!encrypt#!9#!+$xq;=s!@#!encrypt#!8#!NPyRqwC:#!encrypt#!5#!NI&%m#!encrypt#!2#!g
#!encrypt#!9#!+$xq;=R9##!encrypt#!3#!NYo#!encrypt#!10#!N+Yp$P*eyj#!encrypt#!3#!NIO#!encrypt#!5#!NI&%m#!encrypt#!2#!g
#!encrypt#!9#!+$xq;=s!@#!encrypt#!9#!NQffB=oC+#!encrypt#!5#!NI&%N#!encrypt#!2#!g
#!encrypt#!9#!+$xq;=R9##!encrypt#!3#!NYu#!encrypt#!10#!N+Yp$P*eyj#!encrypt#!3#!NIO#!encrypt#!5#!NI&%N#!encrypt#!2#!g
#!encrypt#!9#!+$xq;=s!@#!encrypt#!9#!NQffa=oC+#!encrypt#!5#!NI&%L#!encrypt#!2#!g
#!encrypt#!9#!+$xq;=R9##!encrypt#!3#!NYA#!encrypt#!10#!N+Yp$P*eyj#!encrypt#!3#!NIO#!encrypt#!5#!NI&%L#!encrypt#!2#!g
#!encrypt#!9#!+$xq;=s!@#!encrypt#!9#!NQffm=oC+#!encrypt#!5#!NI&%Q#!encrypt#!2#!g
#!encrypt#!9#!+$xq;=R9##!encrypt#!3#!N.K#!encrypt#!10#!N+Yp$P*eyj#!encrypt#!3#!NIO#!encrypt#!5#!NI&%Q#!encrypt#!2#!g
#!encrypt#!9#!+$xq;=s!@#!encrypt#!9#!NQffN=oC+#!encrypt#!5#!NI&%|#!encrypt#!2#!g
#!encrypt#!9#!+$xq;=R9##!encrypt#!3#!N.&#!encrypt#!10#!N+Yp$P*eyj#!encrypt#!3#!NIO#!encrypt#!5#!NI&%|#!encrypt#!2#!g
#!encrypt#!9#!+$xq;=s!@#!encrypt#!9#!NQffL=oC+#!encrypt#!5#!NI&%J#!encrypt#!2#!g
#!encrypt#!9#!+$xq;=R9##!encrypt#!3#!N.t#!encrypt#!10#!N+Yp$P*eyj#!encrypt#!3#!NIO#!encrypt#!5#!NI&%J#!encrypt#!2#!g
#!encrypt#!9#!+$xq;=s!@#!encrypt#!10#!N{<]2/_[]/#!encrypt#!5#!NI&% #!encrypt#!2#!g
#!encrypt#!9#!+$xq;=R9##!encrypt#!3#!NYO#!encrypt#!10#!N+Yp$P*eyj#!encrypt#!3#!NIO#!encrypt#!5#!NI&% #!encrypt#!2#!g
#!encrypt#!9#!+$xq;=s!@#!encrypt#!11#!NQffL=M>Z;,#!encrypt#!5#!NI&cr#!encrypt#!2#!g
#!encrypt#!9#!+$xq;=R9##!encrypt#!3#!N.t#!encrypt#!10#!N+Yp$P*eyj#!encrypt#!3#!Nf8#!encrypt#!5#!NI&cr#!encrypt#!2#!g
#!encrypt#!9#!+$xq;=s!@#!encrypt#!11#!NQffN=M>Z;,#!encrypt#!5#!NI&cB#!encrypt#!2#!g
#!encrypt#!9#!+$xq;=R9##!encrypt#!3#!N.&#!encrypt#!10#!N+Yp$P*eyj#!encrypt#!3#!Nf8#!encrypt#!5#!NI&cB#!encrypt#!2#!g
#!encrypt#!9#!+$xq;=s!@#!encrypt#!11#!NQffm=M>Z;,#!encrypt#!5#!NI&ca#!encrypt#!2#!g
#!encrypt#!9#!+$xq;=R9##!encrypt#!3#!N.K#!encrypt#!10#!N+Yp$P*eyj#!encrypt#!3#!Nf8#!encrypt#!5#!NI&ca#!encrypt#!2#!g
#!encrypt#!9#!+$xq;=s!@#!encrypt#!11#!NQffa=M>Z;,#!encrypt#!5#!NI&cm#!encrypt#!2#!g
#!encrypt#!9#!+$xq;=R9##!encrypt#!3#!NYA#!encrypt#!10#!N+Yp$P*eyj#!encrypt#!3#!Nf8#!encrypt#!5#!NI&cm#!encrypt#!2#!g
#!encrypt#!9#!+$xq;=s!@#!encrypt#!11#!NQffB=M>Z;,#!encrypt#!5#!NI&cN#!encrypt#!2#!g
#!encrypt#!9#!+$xq;=R9##!encrypt#!3#!NYu#!encrypt#!10#!N+Yp$P*eyj#!encrypt#!3#!Nf8#!encrypt#!5#!NI&cN#!encrypt#!2#!g
#!encrypt#!9#!+$xq;=s!@#!encrypt#!10#!NPyRq"+@^j#!encrypt#!5#!NI&cL#!encrypt#!2#!g
#!encrypt#!9#!+$xq;=R9##!encrypt#!3#!NYo#!encrypt#!10#!N+Yp$P*eyj#!encrypt#!3#!Nf8#!encrypt#!5#!NI&cL#!encrypt#!2#!g
#!encrypt#!9#!+$xq;=s!@#!encrypt#!11#!N{M~x=M>Z;,#!encrypt#!5#!NI&cQ#!encrypt#!2#!g
#!encrypt#!9#!+$xq;=R9##!encrypt#!3#!NYI#!encrypt#!10#!N+Yp$P*eyj#!encrypt#!3#!Nf8#!encrypt#!5#!NI&cQ#!encrypt#!2#!g
#!encrypt#!9#!+$xq;=s!@#!encrypt#!11#!N{M~x=7KZc?#!encrypt#!5#!NI&c|#!encrypt#!2#!g
#!encrypt#!9#!+$xq;=R9##!encrypt#!3#!NYI#!encrypt#!10#!N+Yp$P*eyj#!encrypt#!3#!NI8#!encrypt#!5#!NI&c|#!encrypt#!2#!g
#!encrypt#!9#!+$xq;=s!@#!encrypt#!10#!NPyRqda@=/#!encrypt#!5#!NI&cJ#!encrypt#!2#!g
#!encrypt#!9#!+$xq;=R9##!encrypt#!3#!NYo#!encrypt#!10#!N+Yp$P*eyj#!encrypt#!3#!NI8#!encrypt#!5#!NI&cJ#!encrypt#!2#!g
#!encrypt#!9#!+$xq;=s!@#!encrypt#!11#!NQffB=7KZc?#!encrypt#!5#!NI&c #!encrypt#!2#!g
#!encrypt#!9#!+$xq;=R9##!encrypt#!3#!NYu#!encrypt#!10#!N+Yp$P*eyj#!encrypt#!3#!NI8#!encrypt#!5#!NI&c #!encrypt#!2#!g
#!encrypt#!9#!+$xq;=s!@#!encrypt#!11#!NQffa=7KZc?#!encrypt#!5#!NI&ur#!encrypt#!2#!g
#!encrypt#!9#!+$xq;=R9##!encrypt#!3#!NYA#!encrypt#!10#!N+Yp$P*eyj#!encrypt#!3#!NI8#!encrypt#!5#!NI&ur#!encrypt#!2#!g
#!encrypt#!9#!+$xq;=s!@#!encrypt#!11#!NQffm=7KZc?#!encrypt#!5#!NI&uB#!encrypt#!2#!g
#!encrypt#!9#!+$xq;=R9##!encrypt#!3#!N.K#!encrypt#!10#!N+Yp$P*eyj#!encrypt#!3#!NI8#!encrypt#!5#!NI&uB#!encrypt#!2#!g
#!encrypt#!9#!+$xq;=s!@#!encrypt#!11#!NQffN=7KZc?#!encrypt#!5#!NI&ua#!encrypt#!2#!g
#!encrypt#!9#!+$xq;=R9##!encrypt#!3#!N.&#!encrypt#!10#!N+Yp$P*eyj#!encrypt#!3#!NI8#!encrypt#!5#!NI&ua#!encrypt#!2#!g
#!encrypt#!9#!+$xq;=s!@#!encrypt#!11#!NQffL=7KZc?#!encrypt#!5#!NI&um#!encrypt#!2#!g
#!encrypt#!9#!+$xq;=R9##!encrypt#!3#!N.t#!encrypt#!10#!N+Yp$P*eyj#!encrypt#!3#!NI8#!encrypt#!5#!NI&um#!encrypt#!2#!g
#!encrypt#!9#!+$xq;=s!@#!encrypt#!8#!Ncm;&=|-#!encrypt#!5#!NI&uN#!encrypt#!2#!g
#!encrypt#!9#!+$xq;=R9##!encrypt#!3#!NIo#!encrypt#!10#!N+Yp$P*eyj#!encrypt#!2#!N;#!encrypt#!5#!NI&uN#!encrypt#!2#!g
#!encrypt#!9#!+$xq;=s!@#!encrypt#!8#!Nce*&=|-#!encrypt#!5#!NI&uL#!encrypt#!2#!g
#!encrypt#!9#!+$xq;=R9##!encrypt#!3#!N[I#!encrypt#!10#!N+Yp$P*eyj#!encrypt#!2#!N;#!encrypt#!5#!NI&uL#!encrypt#!2#!g
#!encrypt#!9#!+$xq;=s!@#!encrypt#!8#!NchP&=|-#!encrypt#!5#!NI&uQ#!encrypt#!2#!g
#!encrypt#!9#!+$xq;=R9##!encrypt#!3#!NEo#!encrypt#!10#!N+Yp$P*eyj#!encrypt#!2#!N;#!encrypt#!5#!NI&uQ#!encrypt#!2#!g
#!encrypt#!9#!+$xq;=s!@#!encrypt#!8#!NcmI&=|-#!encrypt#!5#!NI&u|#!encrypt#!2#!g
#!encrypt#!9#!+$xq;=R9##!encrypt#!3#!Nft#!encrypt#!10#!N+Yp$P*eyj#!encrypt#!2#!N;#!encrypt#!5#!NI&u|#!encrypt#!2#!g
#!encrypt#!9#!+$xq;=s!@#!encrypt#!8#!NcH"L=|-#!encrypt#!5#!NI&uJ#!encrypt#!2#!g
#!encrypt#!9#!+$xq;=R9##!encrypt#!3#!NGA#!encrypt#!10#!N+Yp$P*eyj#!encrypt#!2#!N;#!encrypt#!5#!NI&uJ#!encrypt#!2#!g
#!encrypt#!9#!+$xq;=s!@#!encrypt#!10#!Ncg_{}PflL#!encrypt#!5#!NI&u #!encrypt#!2#!g
#!encrypt#!9#!+$xq;=R9##!encrypt#!3#!NGu#!encrypt#!10#!N+Yp$P*eyj#!encrypt#!2#!N;#!encrypt#!5#!NI&u #!encrypt#!2#!g
#!encrypt#!9#!+$xq;=s!@#!encrypt#!8#!NcH"N=|-#!encrypt#!5#!NIt&r#!encrypt#!2#!g
#!encrypt#!9#!+$xq;=R9##!encrypt#!3#!NG&#!encrypt#!10#!N+Yp$P*eyj#!encrypt#!2#!N;#!encrypt#!5#!NIt&r#!encrypt#!2#!g
#!encrypt#!9#!+$xq;=s!@#!encrypt#!10#!Ncg_{})flL#!encrypt#!5#!NIt&B#!encrypt#!2#!g
#!encrypt#!9#!+$xq;=R9##!encrypt#!3#!NGK#!encrypt#!10#!N+Yp$P*eyj#!encrypt#!2#!N;#!encrypt#!5#!NIt&B#!encrypt#!2#!g
#!encrypt#!9#!+$xq;=s!@#!encrypt#!8#!NcH"m=|-#!encrypt#!5#!NIt&a#!encrypt#!2#!g
#!encrypt#!9#!+$xq;=R9##!encrypt#!3#!NEO#!encrypt#!10#!N+Yp$P*eyj#!encrypt#!2#!N;#!encrypt#!5#!NIt&a#!encrypt#!2#!g
#!encrypt#!9#!+$xq;=s!@#!encrypt#!10#!Ncg_{}dflL#!encrypt#!5#!NIt&m#!encrypt#!2#!g
#!encrypt#!9#!+$xq;=R9##!encrypt#!3#!NdO#!encrypt#!10#!N+Yp$P*eyj#!encrypt#!2#!N;#!encrypt#!5#!NIt&m#!encrypt#!2#!g
#!encrypt#!9#!+$xq;=s!@#!encrypt#!8#!NcH"a=|-#!encrypt#!5#!NIt&N#!encrypt#!2#!g
#!encrypt#!9#!+$xq;=R9##!encrypt#!3#!Nd&#!encrypt#!10#!N+Yp$P*eyj#!encrypt#!2#!N;#!encrypt#!5#!NIt&N#!encrypt#!2#!g
#!encrypt#!9#!+$xq;=s!@#!encrypt#!9#!Ncg_{}_%r#!encrypt#!5#!NIt&L#!encrypt#!2#!g
#!encrypt#!9#!+$xq;=R9##!encrypt#!3#!NdK#!encrypt#!10#!N+Yp$P*eyj#!encrypt#!2#!N;#!encrypt#!5#!NIt&L#!encrypt#!2#!g
#!encrypt#!9#!+$xq;=s!@#!encrypt#!8#!NcH"B=|-#!encrypt#!5#!NIt&Q#!encrypt#!2#!g
#!encrypt#!9#!+$xq;=R9##!encrypt#!3#!NEI#!encrypt#!10#!N+Yp$P*eyj#!encrypt#!2#!N;#!encrypt#!5#!NIt&Q#!encrypt#!2#!g
#!encrypt#!9#!+$xq;=s!@#!encrypt#!8#!NcE"B=|-#!encrypt#!5#!NIt&|#!encrypt#!2#!g
#!encrypt#!9#!+$xq;=R9##!encrypt#!3#!NE8#!encrypt#!10#!N+Yp$P*eyj#!encrypt#!2#!N;#!encrypt#!5#!NIt&|#!encrypt#!2#!g
#!encrypt#!9#!+$xq;=s!@#!encrypt#!9#!Nc-_B}_%r#!encrypt#!5#!NIt&J#!encrypt#!2#!g
#!encrypt#!9#!+$xq;=R9##!encrypt#!3#!NGI#!encrypt#!10#!N+Yp$P*eyj#!encrypt#!2#!N;#!encrypt#!5#!NIt&J#!encrypt#!2#!g
#!encrypt#!9#!+$xq;=s!@#!encrypt#!10#!Nc-_Y}hflL#!encrypt#!5#!NIt& #!encrypt#!2#!g
#!encrypt#!9#!+$xq;=R9##!encrypt#!3#!Ndb#!encrypt#!10#!N+Yp$P*eyj#!encrypt#!2#!N;#!encrypt#!5#!NIt& #!encrypt#!2#!g
#!encrypt#!9#!+$xq;=s!@#!encrypt#!9#!NchI<}_%r#!encrypt#!5#!NItRr#!encrypt#!2#!g
#!encrypt#!9#!+$xq;=R9##!encrypt#!3#!NEt#!encrypt#!10#!N+Yp$P*eyj#!encrypt#!2#!N;#!encrypt#!5#!NItRr#!encrypt#!2#!g
#!encrypt#!9#!+$xq;=s!@#!encrypt#!9#!NcmI<}_%r#!encrypt#!5#!NItRB#!encrypt#!2#!g
#!encrypt#!9#!+$xq;=R9##!encrypt#!3#!NEK#!encrypt#!10#!N+Yp$P*eyj#!encrypt#!2#!N;#!encrypt#!5#!NItRB#!encrypt#!2#!g
#!encrypt#!9#!+$xq;=s!@#!encrypt#!10#!Nc-PZ~|flL#!encrypt#!5#!NItRa#!encrypt#!2#!g
#!encrypt#!9#!+$xq;=R9##!encrypt#!3#!NI&#!encrypt#!10#!N+Yp$P*eyj#!encrypt#!2#!N;#!encrypt#!5#!NItRa#!encrypt#!2#!g
#!encrypt#!9#!+$xq;=s!@#!encrypt#!8#!Ncm*Y=|-#!encrypt#!5#!NItRm#!encrypt#!2#!g
#!encrypt#!9#!+$xq;=R9##!encrypt#!3#!NdA#!encrypt#!10#!N+Yp$P*eyj#!encrypt#!2#!N;#!encrypt#!5#!NItRm#!encrypt#!2#!g
#!encrypt#!9#!+$xq;=s!@#!encrypt#!10#!Nc,xZ~|flL#!encrypt#!5#!NItRN#!encrypt#!2#!g
#!encrypt#!9#!+$xq;=R9##!encrypt#!3#!NEA#!encrypt#!10#!N+Yp$P*eyj#!encrypt#!2#!N;#!encrypt#!5#!NItRN#!encrypt#!2#!g
#!encrypt#!9#!+$xq;=s!@#!encrypt#!8#!Ncmf&=|-#!encrypt#!5#!NItRL#!encrypt#!2#!g
#!encrypt#!9#!+$xq;=R9##!encrypt#!3#!Nfo#!encrypt#!10#!N+Yp$P*eyj#!encrypt#!2#!N;#!encrypt#!5#!NItRL#!encrypt#!2#!g
#!encrypt#!9#!+$xq;=s!@#!encrypt#!8#!NchR&=|-#!encrypt#!5#!NItRQ#!encrypt#!2#!g
#!encrypt#!9#!+$xq;=R9##!encrypt#!3#!Nfu#!encrypt#!10#!N+Yp$P*eyj#!encrypt#!2#!N;#!encrypt#!5#!NItRQ#!encrypt#!2#!g
#!encrypt#!9#!+$xq;=s!@#!encrypt#!9#!Nc-x`}_%r#!encrypt#!5#!NItR|#!encrypt#!2#!g
#!encrypt#!9#!+$xq;=R9##!encrypt#!3#!NdI#!encrypt#!10#!N+Yp$P*eyj#!encrypt#!2#!N;#!encrypt#!5#!NItR|#!encrypt#!2#!g
#!encrypt#!9#!+$xq;=s!@#!encrypt#!9#!NcM#`}_%r#!encrypt#!5#!NItRJ#!encrypt#!2#!g
#!encrypt#!9#!+$xq;=R9##!encrypt#!3#!Nwu#!encrypt#!10#!N+Yp$P*eyj#!encrypt#!2#!N;#!encrypt#!5#!NItRJ#!encrypt#!2#!g
#!encrypt#!9#!+$xq;=s!@#!encrypt#!9#!NcE\Z}_%r#!encrypt#!5#!NItR #!encrypt#!2#!g
#!encrypt#!9#!+$xq;=R9##!encrypt#!3#!NfK#!encrypt#!10#!N+Yp$P*eyj#!encrypt#!2#!N;#!encrypt#!5#!NItR #!encrypt#!2#!g
#!encrypt#!9#!+$xq;=s!@#!encrypt#!10#!Nc,x$Z|flL#!encrypt#!5#!NItnr#!encrypt#!2#!g
#!encrypt#!9#!+$xq;=R9##!encrypt#!3#!N[u#!encrypt#!10#!N+Yp$P*eyj#!encrypt#!2#!N;#!encrypt#!5#!NItnr#!encrypt#!2#!g
#!encrypt#!9#!+$xq;=s!@#!encrypt#!10#!Nc,x$"|flL#!encrypt#!5#!NItnB#!encrypt#!2#!g
#!encrypt#!9#!+$xq;=R9##!encrypt#!3#!N[o#!encrypt#!10#!N+Yp$P*eyj#!encrypt#!2#!N;#!encrypt#!5#!NItnB#!encrypt#!2#!g
#!encrypt#!9#!+$xq;=s!@#!encrypt#!10#!Nc-x$%|flL#!encrypt#!5#!NItna#!encrypt#!2#!g
#!encrypt#!9#!+$xq;=R9##!encrypt#!3#!Nf8#!encrypt#!10#!N+Yp$P*eyj#!encrypt#!2#!N;#!encrypt#!5#!NItna#!encrypt#!2#!g
#!encrypt#!9#!+$xq;=s!@#!encrypt#!8#!Ncmv&=|-#!encrypt#!5#!NItnm#!encrypt#!2#!g
#!encrypt#!9#!+$xq;=R9##!encrypt#!3#!Nf&#!encrypt#!10#!N+Yp$P*eyj#!encrypt#!2#!N;#!encrypt#!5#!NItnm#!encrypt#!2#!g
#!encrypt#!9#!+$xq;=s!@#!encrypt#!8#!NcY#&=|-#!encrypt#!5#!NItnN#!encrypt#!2#!g
#!encrypt#!9#!+$xq;=R9##!encrypt#!3#!Ndu#!encrypt#!10#!N+Yp$P*eyj#!encrypt#!2#!N;#!encrypt#!5#!NItnN#!encrypt#!2#!g
#!encrypt#!9#!+$xq;=s!@#!encrypt#!8#!Nclk&=|-#!encrypt#!5#!NItnL#!encrypt#!2#!g
#!encrypt#!9#!+$xq;=R9##!encrypt#!3#!Nfb#!encrypt#!10#!N+Yp$P*eyj#!encrypt#!2#!N;#!encrypt#!5#!NItnL#!encrypt#!2#!g
#!encrypt#!9#!+$xq;=s!@#!encrypt#!5#!Nclk&#!encrypt#!5#!NItnQ#!encrypt#!2#!g
#!encrypt#!9#!+$xq;=R9##!encrypt#!3#!Nft#!encrypt#!10#!N+Yp$P*eyj#!encrypt#!3#!NfK#!encrypt#!5#!NItnQ#!encrypt#!2#!g
#!encrypt#!9#!+$xq;=s!@#!encrypt#!7#!Nc-x$%|#!encrypt#!5#!NItn|#!encrypt#!2#!g
#!encrypt#!9#!+$xq;=R9##!encrypt#!3#!Nf8#!encrypt#!10#!N+Yp$P*eyj#!encrypt#!3#!NdO#!encrypt#!5#!NItn|#!encrypt#!2#!g
#!encrypt#!9#!+$xq;=s!@#!encrypt#!7#!Nc,x$"|#!encrypt#!5#!NItnJ#!encrypt#!2#!g
#!encrypt#!9#!+$xq;=R9##!encrypt#!3#!Nwu#!encrypt#!10#!N+Yp$P*eyj#!encrypt#!3#!NdO#!encrypt#!5#!NItnJ#!encrypt#!2#!g
#!encrypt#!9#!+$xq;=s!@#!encrypt#!6#!NcM#`}#!encrypt#!5#!NItn #!encrypt#!2#!g
#!encrypt#!9#!+$xq;=R9##!encrypt#!3#!Nwo#!encrypt#!10#!N+Yp$P*eyj#!encrypt#!3#!NdO#!encrypt#!5#!NItn #!encrypt#!2#!g
#!encrypt#!9#!+$xq;=s!@#!encrypt#!6#!Nc-x`}#!encrypt#!5#!NItOr#!encrypt#!2#!g
#!encrypt#!9#!+$xq;=R9##!encrypt#!3#!Nd8#!encrypt#!10#!N+Yp$P*eyj#!encrypt#!3#!NfK#!encrypt#!5#!NItOr#!encrypt#!2#!g
#!encrypt#!9#!+$xq;=s!@#!encrypt#!5#!Ncmf&#!encrypt#!5#!NItOB#!encrypt#!2#!g
#!encrypt#!9#!+$xq;=R9##!encrypt#!3#!NfI#!encrypt#!10#!N+Yp$P*eyj#!encrypt#!3#!NfK#!encrypt#!5#!NItOB#!encrypt#!2#!g
#!encrypt#!9#!+$xq;=s!@#!encrypt#!7#!Nc,xZ~|#!encrypt#!5#!NItOa#!encrypt#!2#!g
#!encrypt#!9#!+$xq;=R9##!encrypt#!3#!NEu#!encrypt#!10#!N+Yp$P*eyj#!encrypt#!3#!NfK#!encrypt#!5#!NItOa#!encrypt#!2#!g
#!encrypt#!9#!+$xq;=s!@#!encrypt#!5#!Ncm*Y#!encrypt#!5#!NItOm#!encrypt#!2#!g
#!encrypt#!9#!+$xq;=R9##!encrypt#!3#!NdO#!encrypt#!10#!N+Yp$P*eyj#!encrypt#!3#!NfK#!encrypt#!5#!NItOm#!encrypt#!2#!g
#!encrypt#!9#!+$xq;=s!@#!encrypt#!6#!NcmI<}#!encrypt#!5#!NItON#!encrypt#!2#!g
#!encrypt#!9#!+$xq;=R9##!encrypt#!3#!NfA#!encrypt#!10#!N+Yp$P*eyj#!encrypt#!3#!NfK#!encrypt#!5#!NItON#!encrypt#!2#!g
#!encrypt#!9#!+$xq;=s!@#!encrypt#!6#!NchI<}#!encrypt#!5#!NItOL#!encrypt#!2#!g
#!encrypt#!9#!+$xq;=R9##!encrypt#!3#!NE&#!encrypt#!10#!N+Yp$P*eyj#!encrypt#!3#!NfK#!encrypt#!5#!NItOL#!encrypt#!2#!g
#!encrypt#!9#!+$xq;=s!@#!encrypt#!6#!Nc-_B}#!encrypt#!5#!NItOQ#!encrypt#!2#!g
#!encrypt#!9#!+$xq;=R9##!encrypt#!4#!NI&?#!encrypt#!10#!N+Yp$P*eyj#!encrypt#!3#!NdO#!encrypt#!5#!NItOQ#!encrypt#!2#!g
#!encrypt#!9#!+$xq;=s!@#!encrypt#!7#!Ncg_{})#!encrypt#!5#!NItO|#!encrypt#!2#!g
#!encrypt#!9#!+$xq;=R9##!encrypt#!4#!NI&n#!encrypt#!10#!N+Yp$P*eyj#!encrypt#!3#!NfK#!encrypt#!5#!NItO|#!encrypt#!2#!g
#!encrypt#!9#!+$xq;=s!@#!encrypt#!7#!Ncg_{}P#!encrypt#!5#!NItOJ#!encrypt#!2#!g
#!encrypt#!9#!+$xq;=R9##!encrypt#!4#!NI&%#!encrypt#!10#!N+Yp$P*eyj#!encrypt#!3#!NfK#!encrypt#!5#!NItOJ#!encrypt#!2#!g
#!encrypt#!9#!+$xq;=s!@#!encrypt#!5#!Ncm;&#!encrypt#!5#!NItO #!encrypt#!2#!g
#!encrypt#!9#!+$xq;=R9##!encrypt#!3#!N[I#!encrypt#!10#!N+Yp$P*eyj#!encrypt#!3#!NdO#!encrypt#!5#!NItO #!encrypt#!2#!g
#!encrypt#!9#!+$xq;=s!@#!encrypt#!12#!Ncmf&=|-Up`o#!encrypt#!5#!NIt7r#!encrypt#!2#!g
#!encrypt#!9#!+$xq;=R9##!encrypt#!3#!NfI#!encrypt#!10#!N+Yp$P*eyj#!encrypt#!3#!Nf&#!encrypt#!5#!NIt7r#!encrypt#!2#!g
#!encrypt#!9#!+$xq;=s!@#!encrypt#!14#!Nc-x$%|flLMnUX#!encrypt#!5#!NIt7B#!encrypt#!2#!g
#!encrypt#!9#!+$xq;=R9##!encrypt#!3#!Nf8#!encrypt#!10#!N+Yp$P*eyj#!encrypt#!3#!Ndb#!encrypt#!5#!NIt7B#!encrypt#!2#!g
#!encrypt#!9#!+$xq;=s!@#!encrypt#!14#!Nc,x$"|flLMnUX#!encrypt#!5#!NIt7a#!encrypt#!2#!g
#!encrypt#!9#!+$xq;=R9##!encrypt#!3#!N[o#!encrypt#!10#!N+Yp$P*eyj#!encrypt#!3#!Ndb#!encrypt#!5#!NIt7a#!encrypt#!2#!g
#!encrypt#!9#!+$xq;=s!@#!encrypt#!13#!Nc-_B}_%r#)oU#!encrypt#!5#!NIt7m#!encrypt#!2#!g
#!encrypt#!9#!+$xq;=R9##!encrypt#!4#!NI&?#!encrypt#!10#!N+Yp$P*eyj#!encrypt#!3#!Ndb#!encrypt#!5#!NIt7m#!encrypt#!2#!g
#!encrypt#!9#!+$xq;=s!@#!encrypt#!14#!Nc-_Y}hflLMnUX#!encrypt#!5#!NIt7N#!encrypt#!2#!g
#!encrypt#!9#!+$xq;=R9##!encrypt#!4#!NIKj#!encrypt#!10#!N+Yp$P*eyj#!encrypt#!3#!Ndb#!encrypt#!5#!NIt7N#!encrypt#!2#!g
#!encrypt#!9#!+$xq;=s!@#!encrypt#!13#!NchI<}_%r#)oU#!encrypt#!5#!NIt7L#!encrypt#!2#!g
#!encrypt#!9#!+$xq;=R9##!encrypt#!3#!NE&#!encrypt#!10#!N+Yp$P*eyj#!encrypt#!3#!Nf&#!encrypt#!5#!NIt7L#!encrypt#!2#!g
#!encrypt#!9#!+$xq;=s!@#!encrypt#!13#!NcmI<}_%r#)oU#!encrypt#!5#!NIt7Q#!encrypt#!2#!g
#!encrypt#!9#!+$xq;=R9##!encrypt#!3#!NfA#!encrypt#!10#!N+Yp$P*eyj#!encrypt#!3#!Nf&#!encrypt#!5#!NIt7Q#!encrypt#!2#!g
#!encrypt#!9#!+$xq;=s!@#!encrypt#!12#!NchR&=|-Up`o#!encrypt#!5#!NIt7|#!encrypt#!2#!g
#!encrypt#!9#!+$xq;=R9##!encrypt#!3#!NEb#!encrypt#!10#!N+Yp$P*eyj#!encrypt#!3#!Ndb#!encrypt#!5#!NIt7|#!encrypt#!2#!g
#!encrypt#!9#!+$xq;=s!@#!encrypt#!12#!Nclk&=|-Up`o#!encrypt#!5#!NIt7J#!encrypt#!2#!g
#!encrypt#!9#!+$xq;=R9##!encrypt#!3#!Nft#!encrypt#!10#!N+Yp$P*eyj#!encrypt#!3#!Nf&#!encrypt#!5#!NIt7J#!encrypt#!2#!g
#!encrypt#!9#!+$xq;=s!@#!encrypt#!13#!Ncmf&=|-UmQJ6#!encrypt#!5#!NIt7 #!encrypt#!2#!g
#!encrypt#!9#!+$xq;=R9##!encrypt#!3#!NfI#!encrypt#!10#!N+Yp$P*eyj#!encrypt#!3#!Nft#!encrypt#!5#!NIt7 #!encrypt#!2#!g
#!encrypt#!9#!+$xq;=s!@#!encrypt#!15#!Nc-x$%|flLMo}aL#!encrypt#!5#!NIt?r#!encrypt#!2#!g
#!encrypt#!9#!+$xq;=R9##!encrypt#!3#!Nf8#!encrypt#!10#!N+Yp$P*eyj#!encrypt#!3#!Ndt#!encrypt#!5#!NIt?r#!encrypt#!2#!g
#!encrypt#!9#!+$xq;=s!@#!encrypt#!15#!Nc,x$"|flLMo}aL#!encrypt#!5#!NIt?B#!encrypt#!2#!g
#!encrypt#!9#!+$xq;=R9##!encrypt#!3#!N[o#!encrypt#!10#!N+Yp$P*eyj#!encrypt#!3#!Ndt#!encrypt#!5#!NIt?B#!encrypt#!2#!g
#!encrypt#!9#!+$xq;=s!@#!encrypt#!14#!Nc-_B}_%r#`|zY#!encrypt#!5#!NIt?a#!encrypt#!2#!g
#!encrypt#!9#!+$xq;=R9##!encrypt#!4#!NI&?#!encrypt#!10#!N+Yp$P*eyj#!encrypt#!3#!Ndt#!encrypt#!5#!NIt?a#!encrypt#!2#!g
#!encrypt#!9#!+$xq;=s!@#!encrypt#!15#!Nc-_Y}hflLMo}aL#!encrypt#!5#!NIt?m#!encrypt#!2#!g
#!encrypt#!9#!+$xq;=R9##!encrypt#!4#!NIKj#!encrypt#!10#!N+Yp$P*eyj#!encrypt#!3#!Ndt#!encrypt#!5#!NIt?m#!encrypt#!2#!g
#!encrypt#!9#!+$xq;=s!@#!encrypt#!14#!NchI<}_%r#`|zY#!encrypt#!5#!NIt?N#!encrypt#!2#!g
#!encrypt#!9#!+$xq;=R9##!encrypt#!3#!NE&#!encrypt#!10#!N+Yp$P*eyj#!encrypt#!3#!Nft#!encrypt#!5#!NIt?N#!encrypt#!2#!g
#!encrypt#!9#!+$xq;=s!@#!encrypt#!14#!NcmI<}_%r#`|zY#!encrypt#!5#!NIt?L#!encrypt#!2#!g
#!encrypt#!9#!+$xq;=R9##!encrypt#!3#!NfA#!encrypt#!10#!N+Yp$P*eyj#!encrypt#!3#!Nft#!encrypt#!5#!NIt?L#!encrypt#!2#!g
#!encrypt#!9#!+$xq;=s!@#!encrypt#!13#!NchR&=|-UmQJ6#!encrypt#!5#!NIt?Q#!encrypt#!2#!g
#!encrypt#!9#!+$xq;=R9##!encrypt#!3#!NEb#!encrypt#!10#!N+Yp$P*eyj#!encrypt#!3#!Ndt#!encrypt#!5#!NIt?Q#!encrypt#!2#!g
#!encrypt#!9#!+$xq;=s!@#!encrypt#!13#!Nclk&=|-UmQJ6#!encrypt#!5#!NIt?|#!encrypt#!2#!g
#!encrypt#!9#!+$xq;=R9##!encrypt#!3#!Nft#!encrypt#!10#!N+Yp$P*eyj#!encrypt#!3#!Nft#!encrypt#!5#!NIt?|#!encrypt#!2#!g
#!encrypt#!9#!+$xq;=s!@#!encrypt#!17#!NcH"N=LF'k=#GXd],#!encrypt#!5#!NIt?J#!encrypt#!2#!g
#!encrypt#!9#!+$xq;=R9##!encrypt#!4#!NI&n#!encrypt#!10#!N+Yp$P*eyj#!encrypt#!2#!Nd#!encrypt#!5#!NIt?J#!encrypt#!2#!g
#!encrypt#!9#!+$xq;=s!@#!encrypt#!17#!NcH"m=LF'k=#GXd],#!encrypt#!5#!NIt? #!encrypt#!2#!g
#!encrypt#!9#!+$xq;=R9##!encrypt#!4#!NIK%#!encrypt#!10#!N+Yp$P*eyj#!encrypt#!3#!NfO#!encrypt#!5#!NIt? #!encrypt#!2#!g
#!encrypt#!9#!+$xq;=s!@#!encrypt#!17#!NcH"a=LF'k=#GXd],#!encrypt#!5#!NItjr#!encrypt#!2#!g
#!encrypt#!9#!+$xq;=R9##!encrypt#!4#!NIK?#!encrypt#!10#!N+Yp$P*eyj#!encrypt#!3#!NGt#!encrypt#!5#!NItjr#!encrypt#!2#!g
#!encrypt#!9#!+$xq;=s!@#!encrypt#!17#!NcH"B=LF'k=#GXd],#!encrypt#!5#!NItjB#!encrypt#!2#!g
#!encrypt#!9#!+$xq;=R9##!encrypt#!3#!NYt#!encrypt#!10#!N+Yp$P*eyj#!encrypt#!3#!NfO#!encrypt#!5#!NItjB#!encrypt#!2#!g
#!encrypt#!9#!+$xq;=s!@#!encrypt#!17#!NchR&=LF'k=#GXd],#!encrypt#!5#!NItja#!encrypt#!2#!g
#!encrypt#!9#!+$xq;=R9##!encrypt#!3#!NEb#!encrypt#!10#!N+Yp$P*eyj#!encrypt#!3#!NfO#!encrypt#!5#!NItja#!encrypt#!2#!g
#!encrypt#!9#!+$xq;=s!@#!encrypt#!17#!Nclk&=LF'k=#GXd],#!encrypt#!5#!NItjm#!encrypt#!2#!g
#!encrypt#!9#!+$xq;=R9##!encrypt#!3#!Nft#!encrypt#!10#!N+Yp$P*eyj#!encrypt#!3#!NfO#!encrypt#!5#!NItjm#!encrypt#!2#!g
#!encrypt#!9#!+$xq;=s!@#!encrypt#!17#!NcH"L=LF'k=#GXd],#!encrypt#!5#!NItjN#!encrypt#!2#!g
#!encrypt#!9#!+$xq;=R9##!encrypt#!4#!NI&%#!encrypt#!10#!N+Yp$P*eyj#!encrypt#!2#!Nd#!encrypt#!5#!NItjN#!encrypt#!2#!g
#!encrypt#!9#!+$xq;=s!@#!encrypt#!9#!NQffB=+\t#!encrypt#!5#!NItjL#!encrypt#!2#!g
#!encrypt#!9#!+$xq;=R9##!encrypt#!3#!NYu#!encrypt#!10#!N+Yp$P*eyj#!encrypt#!3#!NIb#!encrypt#!5#!NItjL#!encrypt#!2#!g
#!encrypt#!9#!+$xq;=s!@#!encrypt#!9#!NQffa=+\t#!encrypt#!5#!NItjQ#!encrypt#!2#!g
#!encrypt#!9#!+$xq;=R9##!encrypt#!3#!NYA#!encrypt#!10#!N+Yp$P*eyj#!encrypt#!3#!NIb#!encrypt#!5#!NItjQ#!encrypt#!2#!g
#!encrypt#!9#!+$xq;=s!@#!encrypt#!9#!NQffm=+\t#!encrypt#!5#!NItj|#!encrypt#!2#!g
#!encrypt#!9#!+$xq;=R9##!encrypt#!3#!N.K#!encrypt#!10#!N+Yp$P*eyj#!encrypt#!3#!NIb#!encrypt#!5#!NItj|#!encrypt#!2#!g
#!encrypt#!9#!+$xq;=s!@#!encrypt#!9#!NQffN=+\t#!encrypt#!5#!NItjJ#!encrypt#!2#!g
#!encrypt#!9#!+$xq;=R9##!encrypt#!3#!N.&#!encrypt#!10#!N+Yp$P*eyj#!encrypt#!3#!NIb#!encrypt#!5#!NItjJ#!encrypt#!2#!g
#!encrypt#!9#!+$xq;=s!@#!encrypt#!9#!NQffL=+\t#!encrypt#!5#!NItj #!encrypt#!2#!g
#!encrypt#!9#!+$xq;=R9##!encrypt#!3#!N.t#!encrypt#!10#!N+Yp$P*eyj#!encrypt#!3#!NIb#!encrypt#!5#!NItj #!encrypt#!2#!g
#!encrypt#!4#!%8k9#!encrypt#!12#!N+E]d~_y1n,|#!encrypt#!9#!NQffB=M#_#!encrypt#!11#!NQffB=6F^j=#!encrypt#!11#!NQffa=6F^j=#!encrypt#!11#!NQffm=6F^j=#!encrypt#!11#!NQffN=6F^j=#!encrypt#!11#!NQffL=6F^j=#!encrypt#!10#!NPyRq/nm%_#!encrypt#!12#!No<]2/_y1;,1#!encrypt#!12#!N{<]2/_y1;,1#!encrypt#!2#!g
#!encrypt#!3#!68=#!encrypt#!12#!Nx,_(=(x+jYe#!encrypt#!6#!No<]2/#!encrypt#!13#!N+M\$"C:dpb#}#!encrypt#!13#!N{<]2/_[=j)ep#!encrypt#!2#!g
#!encrypt#!3#!68=#!encrypt#!8#!Nkypm=A5#!encrypt#!5#!Nc4*&#!encrypt#!13#!N+M\$"C:dpb#}#!encrypt#!5#!Nkypm#!encrypt#!2#!g
#!encrypt#!2#!k1#!encrypt#!9#!NQffL=M#_#!encrypt#!8#!NQffL=A5#!encrypt#!13#!N+M\$"C:dpb#}#!encrypt#!9#!NQffL=nyd#!encrypt#!2#!g
#!encrypt#!2#!k1#!encrypt#!9#!NQffN=M#_#!encrypt#!8#!NQffN=A5#!encrypt#!13#!N+M\$"C:dpb#}#!encrypt#!9#!NQffN=nyd#!encrypt#!2#!g
#!encrypt#!2#!k1#!encrypt#!9#!NQffm=M#_#!encrypt#!8#!NQffm=A5#!encrypt#!13#!N+M\$"C:dpb#}#!encrypt#!9#!NQffm=nyd#!encrypt#!2#!g
#!encrypt#!2#!k1#!encrypt#!9#!NQffa=M#_#!encrypt#!8#!NQffa=A5#!encrypt#!13#!N+M\$"C:dpb#}#!encrypt#!9#!NQffa=nyd#!encrypt#!2#!g
#!encrypt#!2#!k1#!encrypt#!9#!NQffB=M#_#!encrypt#!8#!NQffB=A5#!encrypt#!13#!N+M\$"C:dpb#}#!encrypt#!9#!NQffB=nyd#!encrypt#!2#!g
#!encrypt#!3#!68=#!encrypt#!9#!NQffL=nyd#!encrypt#!9#!NQffL=+\t#!encrypt#!13#!N+M\$"C:dpb#}#!encrypt#!5#!NQffL#!encrypt#!2#!g
#!encrypt#!3#!68=#!encrypt#!9#!NQffN=nyd#!encrypt#!9#!NQffN=+\t#!encrypt#!13#!N+M\$"C:dpb#}#!encrypt#!5#!NQffN#!encrypt#!2#!g
#!encrypt#!3#!68=#!encrypt#!9#!NQffm=nyd#!encrypt#!9#!NQffm=+\t#!encrypt#!13#!N+M\$"C:dpb#}#!encrypt#!5#!NQffm#!encrypt#!2#!g
#!encrypt#!3#!68=#!encrypt#!9#!NQffa=nyd#!encrypt#!9#!NQffa=+\t#!encrypt#!13#!N+M\$"C:dpb#}#!encrypt#!5#!NQffa#!encrypt#!2#!g
#!encrypt#!3#!68=#!encrypt#!9#!NQffB=nyd#!encrypt#!9#!NQffB=+\t#!encrypt#!13#!N+M\$"C:dpb#}#!encrypt#!5#!NQffB#!encrypt#!2#!g
#!encrypt#!2#!k1#!encrypt#!8#!NPyRq"A5#!encrypt#!7#!NPyRqK?#!encrypt#!13#!N+M\$"C:dpb#}#!encrypt#!4#!NPyR#!encrypt#!2#!g
#!encrypt#!2#!k1#!encrypt#!10#!No<]2/_lP.#!encrypt#!9#!No<]2/_#_#!encrypt#!13#!N+M\$"C:dpb#}#!encrypt#!6#!No<]2/#!encrypt#!2#!g
#!encrypt#!2#!k1#!encrypt#!10#!N{<]2/_lP.#!encrypt#!13#!N{<]2/_[=j)ep#!encrypt#!9#!N{<]2/_#_#!encrypt#!13#!N+M\$"C:dpb#}#!encrypt#!6#!N{<]2/#!encrypt#!2#!g
#!encrypt#!6#!{F=G61#!encrypt#!11#!NQffL=6F^j=#!encrypt#!5#!NQffL#!encrypt#!2#!g
#!encrypt#!6#!{F=G61#!encrypt#!11#!NQffN=6F^j=#!encrypt#!5#!NQffN#!encrypt#!2#!g
#!encrypt#!6#!{F=G61#!encrypt#!11#!NQffm=6F^j=#!encrypt#!5#!NQffm#!encrypt#!2#!g
#!encrypt#!6#!{F=G61#!encrypt#!11#!NQffa=6F^j=#!encrypt#!5#!NQffa#!encrypt#!2#!g
#!encrypt#!6#!{F=G61#!encrypt#!11#!NQffB=6F^j=#!encrypt#!5#!NQffB#!encrypt#!2#!g
#!encrypt#!6#!{F=G61#!encrypt#!9#!NQffB=M#_#!encrypt#!5#!NQffB#!encrypt#!2#!g
#!encrypt#!6#!{F=G61#!encrypt#!10#!NPyRq/nm%_#!encrypt#!4#!NPyR#!encrypt#!2#!g
#!encrypt#!6#!{F=G61#!encrypt#!12#!No<]2/_y1;,1#!encrypt#!6#!No<]2/#!encrypt#!2#!g
#!encrypt#!6#!{F=G61#!encrypt#!12#!N{<]2/_y1;,1#!encrypt#!6#!N{<]2/#!encrypt#!2#!g
#!encrypt#!6#!t([J6o#!encrypt#!2#!N1#!encrypt#!2#!Nn#!encrypt#!15#!N3fIq,(5%cG(GAR#!encrypt#!2#!Ng#!encrypt#!9#!NQffB=+\t#!encrypt#!5#!NQffB#!encrypt#!2#!Nn#!encrypt#!2#!N@#!encrypt#!2#!Ng#!encrypt#!5#!NQffB#!encrypt#!2#!Nn#!encrypt#!2#!Nt#!encrypt#!2#!Ng#!encrypt#!2#!g
#!encrypt#!6#!t([J6o#!encrypt#!2#!N1#!encrypt#!2#!Nn#!encrypt#!15#!N3fIq,(5%cG(GAm#!encrypt#!2#!Ng#!encrypt#!9#!NQffa=+\t#!encrypt#!5#!NQffa#!encrypt#!2#!Nn#!encrypt#!2#!N@#!encrypt#!2#!Ng#!encrypt#!5#!NQffa#!encrypt#!2#!Nn#!encrypt#!2#!Nt#!encrypt#!2#!Ng#!encrypt#!2#!g
#!encrypt#!6#!t([J6o#!encrypt#!2#!N1#!encrypt#!2#!Nn#!encrypt#!15#!N3fIq,(5%cG(GA;#!encrypt#!2#!Ng#!encrypt#!9#!NQffm=+\t#!encrypt#!5#!NQffm#!encrypt#!2#!Nn#!encrypt#!2#!N@#!encrypt#!2#!Ng#!encrypt#!5#!NQffm#!encrypt#!2#!Nn#!encrypt#!2#!Nt#!encrypt#!2#!Ng#!encrypt#!2#!g
#!encrypt#!6#!t([J6o#!encrypt#!2#!N1#!encrypt#!2#!Nn#!encrypt#!15#!N3fIq,(5%cG(GA$#!encrypt#!2#!Ng#!encrypt#!9#!NQffN=+\t#!encrypt#!5#!NQffN#!encrypt#!2#!Nn#!encrypt#!2#!N@#!encrypt#!2#!Ng#!encrypt#!5#!NQffN#!encrypt#!2#!Nn#!encrypt#!2#!Nt#!encrypt#!2#!Ng#!encrypt#!2#!g
#!encrypt#!6#!t([J6o#!encrypt#!2#!N1#!encrypt#!2#!Nn#!encrypt#!15#!N3fIq,(5%cG(GA`#!encrypt#!2#!Ng#!encrypt#!9#!NQffL=+\t#!encrypt#!5#!NQffL#!encrypt#!2#!Nn#!encrypt#!2#!N@#!encrypt#!2#!Ng#!encrypt#!5#!NQffL#!encrypt#!2#!Nn#!encrypt#!2#!Nt#!encrypt#!2#!Ng#!encrypt#!2#!g
#!encrypt#!6#!)(>q64#!encrypt#!9#!N+M\$dA0%#!encrypt#!4#!N{4P#!encrypt#!10#!NOe]{KBQ'/#!encrypt#!13#!N+M\$"C:dpb#}#!encrypt#!8#!N}M#<in0#!encrypt#!2#!g
#!encrypt#!6#!)(>q64#!encrypt#!7#!N+-p?^6#!encrypt#!10#!N6hk2L_#_g#!encrypt#!10#!N+E]d~?Flj#!encrypt#!13#!N6Y\&}[fy\=Rl#!encrypt#!11#!N+E]d~6FkjQ#!encrypt#!5#!N#fw$#!encrypt#!13#!N+M\$"C:dpb#}#!encrypt#!11#!N)p"&L_lZ_b#!encrypt#!2#!g
#!encrypt#!5#!58>q=#!encrypt#!10#!NOe]{KBQt_#!encrypt#!13#!N+M\$"C:dpb#}#!encrypt#!20#!Nx,_(=(x+jYeGYy:I?SZ#!encrypt#!2#!g
#!encrypt#!6#!@'=qe4#!encrypt#!13#!N+M\$"C:dpb#}#!encrypt#!20#!Nx,_(=(x+jYeGYy:I?S+#!encrypt#!2#!g
#!encrypt#!2#!k1#!encrypt#!20#!Nx,_(=(x+jYeGYy:I?SZ#!encrypt#!20#!Nx,_(=(x+jYeGYy:I?S+#!encrypt#!10#!NOe]{KBQt_#!encrypt#!13#!N+M\$"C:dpb#}#!encrypt#!12#!Nx,_(=(x+jYe#!encrypt#!2#!g
#!encrypt#!2#!k1#!encrypt#!5#!Nclk&#!encrypt#!8#!NchR&=|-#!encrypt#!8#!NcH"B=|-#!encrypt#!8#!NcH"a=|-#!encrypt#!13#!N+M\$"C:dpb#}#!encrypt#!19#!Nqy]Yc*fyYeO6|ZaQn<#!encrypt#!2#!g
#!encrypt#!3#!68=#!encrypt#!10#!NOe]{KBQx/#!encrypt#!19#!Nqy]Yc*fyYeO6|ZaQn<#!encrypt#!13#!N+M\$"C:dpb#}#!encrypt#!11#!Nqy]Yc*fyYe#!encrypt#!2#!g
#!encrypt#!10#!mb=tqGi3YC#!encrypt#!5#!NQffB#!encrypt#!4#!N+`f#!encrypt#!2#!NE#!encrypt#!13#!N+M\$"C:dpb#}#!encrypt#!10#!NJp/O=|\+v#!encrypt#!2#!g
#!encrypt#!10#!mb=tqGi3YC#!encrypt#!5#!NQffa#!encrypt#!4#!N+`f#!encrypt#!2#!NE#!encrypt#!13#!N+M\$"C:dpb#}#!encrypt#!10#!NJp/O=|\+D#!encrypt#!2#!g
#!encrypt#!10#!mb=tqGi3YC#!encrypt#!5#!NQffm#!encrypt#!4#!N+`f#!encrypt#!2#!NE#!encrypt#!13#!N+M\$"C:dpb#}#!encrypt#!10#!NJp/O=|\+8#!encrypt#!2#!g
#!encrypt#!10#!mb=tqGi3YC#!encrypt#!5#!NQffN#!encrypt#!4#!N+`f#!encrypt#!2#!NE#!encrypt#!13#!N+M\$"C:dpb#}#!encrypt#!10#!NJp/O=|\+y#!encrypt#!2#!g
#!encrypt#!10#!mb=tqGi3YC#!encrypt#!5#!NQffL#!encrypt#!4#!N+`f#!encrypt#!2#!NE#!encrypt#!13#!N+M\$"C:dpb#}#!encrypt#!10#!NJp/O=|\+T#!encrypt#!2#!g
#!encrypt#!10#!mb=tqGi3YC#!encrypt#!4#!N{4P#!encrypt#!4#!N+`f#!encrypt#!4#!NIK&#!encrypt#!13#!N+M\$"C:dpb#}#!encrypt#!8#!NJp/Oin0#!encrypt#!2#!g
#!encrypt#!3#!{t|#!encrypt#!6#!N{<]2/#!encrypt#!7#!N)mvO/6#!encrypt#!13#!N+M\$"C:dpb#}#!encrypt#!10#!NaJkq"L\d_#!encrypt#!2#!g
#!encrypt#!6#!)(>q64#!encrypt#!10#!N+y#$^+Fm/#!encrypt#!8#!N{M~x=A5#!encrypt#!9#!N{M~x=+\t#!encrypt#!13#!N+M\$"C:dpb#}#!encrypt#!19#!N{e]Y=+\tX;ezEK.!uE#!encrypt#!2#!g
#!encrypt#!3#!68=#!encrypt#!8#!N{M~x=A5#!encrypt#!19#!N{e]Y=+\tX;ezEK.!uE#!encrypt#!13#!N+M\$"C:dpb#}#!encrypt#!5#!N{M~x#!encrypt#!2#!g
#!encrypt#!3#!{t|#!encrypt#!5#!N{M~x#!encrypt#!5#!N)y+7#!encrypt#!13#!N+M\$"C:dpb#}#!encrypt#!5#!ND4fO#!encrypt#!2#!g
#!encrypt#!6#!)(>q64#!encrypt#!8#!N+y#TKB\#!encrypt#!5#!ND4fO#!encrypt#!5#!NPgfZ#!encrypt#!13#!N+M\$"C:dpb#}#!encrypt#!10#!NM[9e=yF+j#!encrypt#!2#!g
#!encrypt#!3#!{t|#!encrypt#!4#!N#4*#!encrypt#!5#!NoJP&#!encrypt#!13#!N+M\$"C:dpb#}#!encrypt#!7#!Noh.$PM#!encrypt#!2#!g
#!encrypt#!6#!)(>q64#!encrypt#!8#!N+y#TKB\#!encrypt#!6#!No<]2/#!encrypt#!10#!NOe]{KBQ%m#!encrypt#!13#!N+M\$"C:dpb#}#!encrypt#!10#!NlJPq%L\d_#!encrypt#!2#!g
#!encrypt#!6#!)(>q64#!encrypt#!7#!N+EkVwa#!encrypt#!7#!Noh.$PM#!encrypt#!10#!NlJPq%L\d_#!encrypt#!13#!N+M\$"C:dpb#}#!encrypt#!24#!NlJPq%L\d_Me{YKxYSS{^}2,#!encrypt#!2#!g
#!encrypt#!5#!58>q=#!encrypt#!10#!NlJPq%L\d_#!encrypt#!13#!N+M\$"C:dpb#}#!encrypt#!16#!NlJPq%L\d_MTz#%:#!encrypt#!2#!g
#!encrypt#!6#!)(>q64#!encrypt#!7#!N+EkVwa#!encrypt#!24#!NlJPq%L\d_Me{YKxYSS{^}2,#!encrypt#!16#!NlJPq%L\d_MTz#%:#!encrypt#!13#!N+M\$"C:dpb#}#!encrypt#!26#!NlJPq%L\d_Me{YKlW.j{FnD!:R#!encrypt#!2#!g
#!encrypt#!6#!)(>q64#!encrypt#!7#!N+EkVwa#!encrypt#!10#!NlJPq%L\d_#!encrypt#!26#!NlJPq%L\d_Me{YKlW.j{FnD!:R#!encrypt#!13#!N+M\$"C:dpb#}#!encrypt#!24#!NlJPq%L\d_Me{YKT9uY{^}2,#!encrypt#!2#!g
#!encrypt#!2#!k1#!encrypt#!26#!NlJPq%L\d_Me{YKlW.j{FnD!:R#!encrypt#!24#!NlJPq%L\d_Me{YKT9uY{^}2,#!encrypt#!13#!N+M\$"C:dpb#}#!encrypt#!23#!NlJPq%L\d_Me{YK.!7M4EwH#!encrypt#!2#!g
#!encrypt#!3#!G8k#!encrypt#!23#!NlJPq%L\d_Me{YK.!7M4EwH#!encrypt#!26#!NlJPq%L\d_Me{YKlW.j{FnD!:R#!encrypt#!13#!N+M\$"C:dpb#}#!encrypt#!18#!NlJPq%L\d_Me{YKx!3#!encrypt#!2#!g
#!encrypt#!6#!)(>q64#!encrypt#!10#!N+y#$^+Fm/#!encrypt#!5#!N+mk$#!encrypt#!24#!NlJPq%L\d_Me{YKT9uY{^}2,#!encrypt#!18#!NlJPq%L\d_Me{YKx!3#!encrypt#!13#!N+M\$"C:dpb#}#!encrypt#!14#!N(GLq%L\d_Me{Y#!encrypt#!2#!g
#!encrypt#!5#!58>q=#!encrypt#!5#!NoJP&#!encrypt#!13#!N+M\$"C:dpb#}#!encrypt#!10#!NoJP&1Gy%J#!encrypt#!2#!g
#!encrypt#!2#!k1#!encrypt#!4#!NoJ"#!encrypt#!8#!NcmI&=|-#!encrypt#!13#!N+M\$"C:dpb#}#!encrypt#!12#!NtG8q+(\y\Re#!encrypt#!2#!g
#!encrypt#!5#!58>q=#!encrypt#!5#!N{JP&#!encrypt#!13#!N+M\$"C:dpb#}#!encrypt#!10#!N{JP&1Gy%J#!encrypt#!2#!g
#!encrypt#!6#!)(>q64#!encrypt#!7#!N+EkVwa#!encrypt#!5#!N{Ep(#!encrypt#!10#!N{<]2/_>%J#!encrypt#!13#!N+M\$"C:dpb#}#!encrypt#!15#!N{<$Od_:%celXch#!encrypt#!2#!g
#!encrypt#!3#!{t|#!encrypt#!5#!N)y+7#!encrypt#!4#!N{m*#!encrypt#!13#!N+M\$"C:dpb#}#!encrypt#!14#!N{m*q^|#+/,|G-#!encrypt#!2#!g
#!encrypt#!3#!{t|#!encrypt#!14#!N{m*q^|#+/,|G-#!encrypt#!5#!N{JP&#!encrypt#!13#!N+M\$"C:dpb#}#!encrypt#!12#!N{m*q^|#+/,|#!encrypt#!2#!g
#!encrypt#!3#!68=#!encrypt#!10#!NOe]{KBQ'/#!encrypt#!10#!NOe]{KBQx/#!encrypt#!13#!N+M\$"C:dpb#}#!encrypt#!12#!NBq$K>(fdXY##!encrypt#!2#!g
#!encrypt#!3#!{t|#!encrypt#!19#!N{e]Y=+\tX;ezEK.!uE#!encrypt#!4#!NPyR#!encrypt#!13#!N+M\$"C:dpb#}#!encrypt#!19#!N{e]Y=+\tX;ezEK*9^~#!encrypt#!2#!g
#!encrypt#!3#!{t|#!encrypt#!19#!N{e]Y=+\tX;ezEK.!uE#!encrypt#!5#!N{JP&#!encrypt#!13#!N+M\$"C:dpb#}#!encrypt#!21#!N{e]Y=+\tX;ezEKw!KE{,#!encrypt#!2#!g
#!encrypt#!3#!{t|#!encrypt#!21#!N{e]Y=+\tX;ezEKw!KE{,#!encrypt#!4#!Noh;#!encrypt#!13#!N+M\$"C:dpb#}#!encrypt#!21#!N{e]Y=+\tX;ezEKw!KE{p#!encrypt#!2#!g
#!encrypt#!3#!68=#!encrypt#!21#!N{e]Y=+\tX;ezEKw!KE{p#!encrypt#!19#!N{e]Y=+\tX;ezEK*9^~#!encrypt#!13#!N+M\$"C:dpb#}#!encrypt#!21#!N{e]Y=+\tX;ezEKw!KE{##!encrypt#!2#!g
#!encrypt#!6#!)(>q64#!encrypt#!7#!N+EkVwa#!encrypt#!21#!N{e]Y=+\tX;ezEKw!KE{##!encrypt#!19#!N{e]Y=+\tX;ezEK*9^~#!encrypt#!4#!N+fQ#!encrypt#!2#!Nf#!encrypt#!13#!N+M\$"C:dpb#}#!encrypt#!19#!N{e]Y=+\tX;ezEKw!KE#!encrypt#!2#!g
#!encrypt#!11#!@qFqq.QH7%1#!encrypt#!17#!N+qkK%o#xjYeGaXAt#!encrypt#!19#!N{e]Y=+\tX;ezEKw!KE#!encrypt#!19#!N{e]Y=+\tX;ezEK*9^~#!encrypt#!13#!N+M\$"C:dpb#}#!encrypt#!20#!N{e]Y=+\tX;ezEKT0Kh_#!encrypt#!2#!g
#!encrypt#!11#!@qFqqBQLXeo#!encrypt#!20#!N{e]Y=+\tX;ezEKT0Kh_#!encrypt#!4#!N+fQ#!encrypt#!5#!N;2OL#!encrypt#!13#!N+M\$"C:dpb#}#!encrypt#!30#!N{e]Y=+\tX;ezEKT0Kh_r4i42P/iVh#!encrypt#!2#!g
#!encrypt#!11#!@qFqqBQLXeo#!encrypt#!20#!N{e]Y=+\tX;ezEKT0Kh_#!encrypt#!4#!N+fQ#!encrypt#!5#!N;2j #!encrypt#!13#!N+M\$"C:dpb#}#!encrypt#!30#!N{e]Y=+\tX;ezEKT0Kh_r4i42P/i{ #!encrypt#!2#!g
#!encrypt#!11#!@qFqqBQLXeo#!encrypt#!20#!N{e]Y=+\tX;ezEKT0Kh_#!encrypt#!4#!N+fQ#!encrypt#!5#!NI27B#!encrypt#!13#!N+M\$"C:dpb#}#!encrypt#!30#!N{e]Y=+\tX;ezEKT0Kh_r4i42P<it##!encrypt#!2#!g
#!encrypt#!11#!@qFqqBQLXeo#!encrypt#!20#!N{e]Y=+\tX;ezEKT0Kh_#!encrypt#!4#!N+fQ#!encrypt#!5#!Nf2cL#!encrypt#!13#!N+M\$"C:dpb#}#!encrypt#!30#!N{e]Y=+\tX;ezEKT0Kh_r4i42Pli<h#!encrypt#!2#!g
#!encrypt#!11#!@qFqqBQLXeo#!encrypt#!20#!N{e]Y=+\tX;ezEKT0Kh_#!encrypt#!4#!N+fQ#!encrypt#!5#!NG2%m#!encrypt#!13#!N+M\$"C:dpb#}#!encrypt#!30#!N{e]Y=+\tX;ezEKT0Kh_r4i42PSinS#!encrypt#!2#!g
#!encrypt#!6#!)(>q64#!encrypt#!11#!N+<_$f_\x:,#!encrypt#!19#!N{e]Y=+\tX;ezEKw!KE#!encrypt#!30#!N{e]Y=+\tX;ezEKT0Kh_r4i42P/iVh#!encrypt#!4#!N+fQ#!encrypt#!2#!Nf#!encrypt#!13#!N+M\$"C:dpb#}#!encrypt#!19#!N{e]Y=+\tX;ezEK>,=|#!encrypt#!2#!g
#!encrypt#!6#!)(>q64#!encrypt#!11#!N+<_$f_\x:,#!encrypt#!19#!N{e]Y=+\tX;ezEKw!KE#!encrypt#!30#!N{e]Y=+\tX;ezEKT0Kh_r4i42P/i{ #!encrypt#!4#!N+fQ#!encrypt#!2#!Nf#!encrypt#!13#!N+M\$"C:dpb#}#!encrypt#!19#!N{e]Y=+\tX;ezEK>,g0#!encrypt#!2#!g
#!encrypt#!6#!)(>q64#!encrypt#!11#!N+<_$f_\x:,#!encrypt#!19#!N{e]Y=+\tX;ezEKw!KE#!encrypt#!30#!N{e]Y=+\tX;ezEKT0Kh_r4i42P<it##!encrypt#!4#!N+fQ#!encrypt#!2#!Nf#!encrypt#!13#!N+M\$"C:dpb#}#!encrypt#!19#!N{e]Y=+\tX;ezEKJ,E<#!encrypt#!2#!g
#!encrypt#!6#!)(>q64#!encrypt#!11#!N+<_$f_\x:,#!encrypt#!19#!N{e]Y=+\tX;ezEKw!KE#!encrypt#!30#!N{e]Y=+\tX;ezEKT0Kh_r4i42Pli<h#!encrypt#!4#!N+fQ#!encrypt#!2#!Nf#!encrypt#!13#!N+M\$"C:dpb#}#!encrypt#!19#!N{e]Y=+\tX;ezEK=,/|#!encrypt#!2#!g
#!encrypt#!6#!)(>q64#!encrypt#!11#!N+<_$f_\x:,#!encrypt#!19#!N{e]Y=+\tX;ezEKw!KE#!encrypt#!30#!N{e]Y=+\tX;ezEKT0Kh_r4i42PSinS#!encrypt#!4#!N+fQ#!encrypt#!2#!Nf#!encrypt#!13#!N+M\$"C:dpb#}#!encrypt#!19#!N{e]Y=+\tX;ezEK5,i)#!encrypt#!2#!g
#!encrypt#!3#!{t|#!encrypt#!19#!N{e]Y=+\tX;ezEK>,=|#!encrypt#!4#!N3h"#!encrypt#!13#!N+M\$"C:dpb#}#!encrypt#!23#!N3fIqfAR.#BJGyLPA"ee^:k#!encrypt#!2#!g
#!encrypt#!3#!68=#!encrypt#!23#!N3fIqfAR.#BJGyLPA"ee^:k#!encrypt#!5#!NKe*&#!encrypt#!13#!N+M\$"C:dpb#}#!encrypt#!21#!N3fIqfAR.#BJGyLPA"ee^#!encrypt#!2#!g
#!encrypt#!3#!{t|#!encrypt#!19#!N{e]Y=+\tX;ezEK>,g0#!encrypt#!4#!N3h"#!encrypt#!13#!N+M\$"C:dpb#}#!encrypt#!23#!N3fIqfAR.#BJGyL,U"ee^:k#!encrypt#!2#!g
#!encrypt#!3#!68=#!encrypt#!23#!N3fIqfAR.#BJGyL,U"ee^:k#!encrypt#!5#!NKe*&#!encrypt#!13#!N+M\$"C:dpb#}#!encrypt#!21#!N3fIqfAR.#BJGyL,U"ee^#!encrypt#!2#!g
#!encrypt#!3#!{t|#!encrypt#!19#!N{e]Y=+\tX;ezEKJ,E<#!encrypt#!4#!N3h"#!encrypt#!13#!N+M\$"C:dpb#}#!encrypt#!23#!N3fIqfAR.#BJG-LO#"ee^:k#!encrypt#!2#!g
#!encrypt#!3#!68=#!encrypt#!23#!N3fIqfAR.#BJG-LO#"ee^:k#!encrypt#!5#!NKe*&#!encrypt#!13#!N+M\$"C:dpb#}#!encrypt#!21#!N3fIqfAR.#BJG-LO#"ee^#!encrypt#!2#!g
#!encrypt#!3#!{t|#!encrypt#!19#!N{e]Y=+\tX;ezEK=,/|#!encrypt#!4#!N3h"#!encrypt#!13#!N+M\$"C:dpb#}#!encrypt#!23#!N3fIqfAR.#BJGiL0A"ee^:k#!encrypt#!2#!g
#!encrypt#!3#!68=#!encrypt#!23#!N3fIqfAR.#BJGiL0A"ee^:k#!encrypt#!5#!NKe*&#!encrypt#!13#!N+M\$"C:dpb#}#!encrypt#!21#!N3fIqfAR.#BJGiL0A"ee^#!encrypt#!2#!g
#!encrypt#!3#!{t|#!encrypt#!19#!N{e]Y=+\tX;ezEK5,i)#!encrypt#!4#!N3h"#!encrypt#!13#!N+M\$"C:dpb#}#!encrypt#!23#!N3fIqfAR.#BJG*L~_"ee^:k#!encrypt#!2#!g
#!encrypt#!3#!68=#!encrypt#!23#!N3fIqfAR.#BJG*L~_"ee^:k#!encrypt#!5#!NKe*&#!encrypt#!13#!N+M\$"C:dpb#}#!encrypt#!21#!N3fIqfAR.#BJG*L~_"ee^#!encrypt#!2#!g
#!encrypt#!3#!{t|#!encrypt#!19#!N{e]Y=+\tX;ezEK>,=|#!encrypt#!5#!NKe*&#!encrypt#!13#!N+M\$"C:dpb#}#!encrypt#!22#!N3fIq[a#VhM^z`~._N3v&u#!encrypt#!2#!g
#!encrypt#!3#!{t|#!encrypt#!19#!N{e]Y=+\tX;ezEK>,g0#!encrypt#!5#!NKe*&#!encrypt#!13#!N+M\$"C:dpb#}#!encrypt#!22#!N3fIq[a#VhM^z`~.Sc3v&u#!encrypt#!2#!g
#!encrypt#!3#!{t|#!encrypt#!19#!N{e]Y=+\tX;ezEKJ,E<#!encrypt#!5#!NKe*&#!encrypt#!13#!N+M\$"C:dpb#}#!encrypt#!22#!N3fIq[a#VhM^z`R.mP3v&u#!encrypt#!2#!g
#!encrypt#!3#!{t|#!encrypt#!19#!N{e]Y=+\tX;ezEK=,/|#!encrypt#!5#!NKe*&#!encrypt#!13#!N+M\$"C:dpb#}#!encrypt#!22#!N3fIq[a#VhM^z`m.rN3v&u#!encrypt#!2#!g
#!encrypt#!3#!{t|#!encrypt#!19#!N{e]Y=+\tX;ezEK5,i)#!encrypt#!5#!NKe*&#!encrypt#!13#!N+M\$"C:dpb#}#!encrypt#!22#!N3fIq[a#VhM^z``.K=3v&u#!encrypt#!2#!g
#!encrypt#!7#!b8 zGh{#!encrypt#!4#!NPyR#!encrypt#!19#!N{e]Y=+\tX;ezEK*9^~#!encrypt#!4#!N+0g#!encrypt#!7#!NPy;`%h#!encrypt#!2#!g
#!encrypt#!3#!{t|#!encrypt#!5#!Nc4*&#!encrypt#!5#!NQffm#!encrypt#!13#!N+M\$"C:dpb#}#!encrypt#!13#!N}Mf$\|fy_)ep#!encrypt#!2#!g
#!encrypt#!3#!{t|#!encrypt#!5#!Nc4*&#!encrypt#!5#!NQffN#!encrypt#!13#!N+M\$"C:dpb#}#!encrypt#!10#!N#M*q"6F+j#!encrypt#!2#!g
#!encrypt#!6#!)(>q64#!encrypt#!9#!N+f#Y/Go%#!encrypt#!5#!Nc4*&#!encrypt#!8#!Nkypm=A5#!encrypt#!4#!N+`f#!encrypt#!2#!N;#!encrypt#!13#!N+M\$"C:dpb#}#!encrypt#!10#!Nc4*{wA:Zc#!encrypt#!2#!g
#!encrypt#!6#!)(>q64#!encrypt#!5#!N+q\$#!encrypt#!5#!N+mk$#!encrypt#!5#!Nc4*&#!encrypt#!8#!Nkypm=A5#!encrypt#!13#!N+M\$"C:dpb#}#!encrypt#!16#!N)p"&L_[1w)(E5./#!encrypt#!2#!g
#!encrypt#!7#!b8 zGh{#!encrypt#!5#!NQffm#!encrypt#!13#!N}Mf$\|fy_)ep#!encrypt#!2#!g
#!encrypt#!7#!b8 zGh{#!encrypt#!5#!NQffN#!encrypt#!10#!N#M*q"6F+j#!encrypt#!2#!g
#!encrypt#!2#!k1#!encrypt#!5#!N)y+7#!encrypt#!4#!N#4*#!encrypt#!5#!N{M~x#!encrypt#!10#!N{<]2/_>%J#!encrypt#!4#!N{4P#!encrypt#!5#!Nclk&#!encrypt#!8#!Nclk&=|-#!encrypt#!8#!NchR&=|-#!encrypt#!13#!N+M\$"C:dpb#}#!encrypt#!19#!N4M"9c|%k#}#pY.sYD<#!encrypt#!2#!g
#!encrypt#!3#!68=#!encrypt#!5#!ND4fO#!encrypt#!6#!No<]2/#!encrypt#!13#!N+M\$"C:dpb#}#!encrypt#!5#!Nol]$#!encrypt#!2#!g
#!encrypt#!3#!{t|#!encrypt#!5#!ND4fO#!encrypt#!6#!No<]2/#!encrypt#!13#!N+M\$"C:dpb#}#!encrypt#!5#!N{l]$#!encrypt#!2#!g
#!encrypt#!3#!68=#!encrypt#!5#!N)y+7#!encrypt#!6#!No<]2/#!encrypt#!13#!N+M\$"C:dpb#}#!encrypt#!10#!NoY_7?_Fd_#!encrypt#!2#!g
#!encrypt#!3#!68=#!encrypt#!10#!NoY_7?_Fd_#!encrypt#!9#!N)y+7=+\t#!encrypt#!13#!N+M\$"C:dpb#}#!encrypt#!6#!NoY_7?#!encrypt#!2#!g
#!encrypt#!6#!)(>q64#!encrypt#!7#!N+EkVwa#!encrypt#!6#!NoY_7?#!encrypt#!9#!N)y+7=+\t#!encrypt#!13#!N+M\$"C:dpb#}#!encrypt#!8#!Noh.$^+%#!encrypt#!2#!g
#!encrypt#!3#!{t|#!encrypt#!5#!N)y+7#!encrypt#!6#!No<]2/#!encrypt#!13#!N+M\$"C:dpb#}#!encrypt#!10#!N{Y_7?_Fd_#!encrypt#!2#!g
#!encrypt#!3#!68=#!encrypt#!10#!N{Y_7?_Fd_#!encrypt#!9#!N)y+7=+\t#!encrypt#!13#!N+M\$"C:dpb#}#!encrypt#!6#!N{Y_7?#!encrypt#!2#!g
#!encrypt#!6#!)(>q64#!encrypt#!7#!N+EkVwa#!encrypt#!6#!N{Y_7?#!encrypt#!9#!N)y+7=+\t#!encrypt#!13#!N+M\$"C:dpb#}#!encrypt#!8#!N{h.$^+%#!encrypt#!2#!g
#!encrypt#!6#!t([J6o#!encrypt#!2#!N1#!encrypt#!2#!Nn#!encrypt#!15#!N1}mqbQL7'JHGMq#!encrypt#!2#!Ng#!encrypt#!9#!N)y+7=+\t#!encrypt#!8#!Noh.$^+%#!encrypt#!2#!Nn#!encrypt#!2#!N@#!encrypt#!2#!Ng#!encrypt#!8#!Noh.$^+%#!encrypt#!2#!Nn#!encrypt#!2#!Nt#!encrypt#!2#!Ng#!encrypt#!2#!g
#!encrypt#!6#!t([J6o#!encrypt#!2#!N1#!encrypt#!2#!Nn#!encrypt#!15#!N1}mqbQL7'JHGvq#!encrypt#!2#!Ng#!encrypt#!9#!N)y+7=+\t#!encrypt#!8#!N{h.$^+%#!encrypt#!2#!Nn#!encrypt#!2#!N@#!encrypt#!2#!Ng#!encrypt#!8#!N{h.$^+%#!encrypt#!2#!Nn#!encrypt#!2#!Nt#!encrypt#!2#!Ng#!encrypt#!2#!g
#!encrypt#!3#!{t|#!encrypt#!4#!N#4*#!encrypt#!6#!No<]2/#!encrypt#!13#!N+M\$"C:dpb#}#!encrypt#!5#!NoEp(#!encrypt#!2#!g
#!encrypt#!3#!68=#!encrypt#!4#!N#4*#!encrypt#!6#!No<]2/#!encrypt#!13#!N+M\$"C:dpb#}#!encrypt#!5#!N{Ep(#!encrypt#!2#!g
#!encrypt#!3#!68=#!encrypt#!6#!N{Y_7?#!encrypt#!5#!N{l]$#!encrypt#!13#!N+M\$"C:dpb#}#!encrypt#!13#!N{GkVZo\}c)lX#!encrypt#!2#!g
#!encrypt#!3#!68=#!encrypt#!6#!NoY_7?#!encrypt#!5#!Nol]$#!encrypt#!13#!N+M\$"C:dpb#}#!encrypt#!13#!NoGkVZo\}c)lX#!encrypt#!2#!g
#!encrypt#!6#!)(>q64#!encrypt#!10#!N+y#$^+Fm/#!encrypt#!5#!N+mk$#!encrypt#!4#!N#4*#!encrypt#!5#!N)y+7#!encrypt#!13#!N+M\$"C:dpb#}#!encrypt#!13#!NaJk2P*\x#?n6#!encrypt#!2#!g
#!encrypt#!3#!68=#!encrypt#!6#!No<]2/#!encrypt#!4#!NJg_#!encrypt#!13#!N+M\$"C:dpb#}#!encrypt#!8#!NM[#H^6y#!encrypt#!2#!g
#!encrypt#!7#!b8 zGh{#!encrypt#!4#!NPyR#!encrypt#!13#!N{GkVZo\}c)lX#!encrypt#!4#!N+0g#!encrypt#!7#!NPy;`%h#!encrypt#!2#!g
#!encrypt#!7#!b8 zGh{#!encrypt#!4#!NPyR#!encrypt#!13#!NoGkVZo\}c)lX#!encrypt#!4#!N+0g#!encrypt#!7#!NPy;`%h#!encrypt#!2#!g
#!encrypt#!7#!b8 zGh{#!encrypt#!4#!NPyR#!encrypt#!8#!N{h.$^+%#!encrypt#!4#!N+0g#!encrypt#!7#!NPy;`%h#!encrypt#!2#!g
#!encrypt#!7#!b8 zGh{#!encrypt#!4#!NPyR#!encrypt#!8#!Noh.$^+%#!encrypt#!4#!N+0g#!encrypt#!7#!NPy;`%h#!encrypt#!2#!g
#!encrypt#!7#!b8 zGh{#!encrypt#!13#!N{GkVZo\}c)lX#!encrypt#!5#!NoEp(#!encrypt#!2#!g
#!encrypt#!7#!b8 zGh{#!encrypt#!13#!NoGkVZo\}c)lX#!encrypt#!5#!N{Ep(#!encrypt#!2#!g
#!encrypt#!7#!b8 zGh{#!encrypt#!4#!NPyR#!encrypt#!5#!N{Ep(#!encrypt#!4#!N+0g#!encrypt#!7#!NPy;`%h#!encrypt#!2#!g
#!encrypt#!7#!b8 zGh{#!encrypt#!4#!NPyR#!encrypt#!5#!NoEp(#!encrypt#!4#!N+0g#!encrypt#!7#!NPy;`%h#!encrypt#!2#!g
#!encrypt#!7#!b8 zGh{#!encrypt#!4#!NPyR#!encrypt#!13#!NaJk2P*\x#?n6#!encrypt#!4#!N+0g#!encrypt#!7#!NPy;`%h#!encrypt#!2#!g
#!encrypt#!8#!)xwzeo9Y#!encrypt#!5#!N{Ep(#!encrypt#!6#!N{<]2/#!encrypt#!2#!g
#!encrypt#!8#!)xwzeo9Y#!encrypt#!5#!NoEp(#!encrypt#!6#!No<]2/#!encrypt#!2#!g
#!encrypt#!7#!b8 zGh{#!encrypt#!4#!NPyR#!encrypt#!5#!N{M~x#!encrypt#!4#!N+0g#!encrypt#!12#!N{M~x=6#m\Y4#!encrypt#!2#!g
#!encrypt#!7#!b8 zGh{#!encrypt#!5#!N{M~x#!encrypt#!5#!N{l]$#!encrypt#!2#!g
#!encrypt#!7#!b8 zGh{#!encrypt#!5#!N{M~x#!encrypt#!5#!Nol]$#!encrypt#!2#!g
#!encrypt#!7#!b8 zGh{#!encrypt#!5#!ND4fO#!encrypt#!5#!N{M~x#!encrypt#!2#!g
#!encrypt#!7#!b8 zGh{#!encrypt#!4#!NPyR#!encrypt#!8#!Np[.(\6e#!encrypt#!4#!N+0g#!encrypt#!7#!NPy;`%h#!encrypt#!2#!g
#!encrypt#!7#!b8 zGh{#!encrypt#!4#!NPyR#!encrypt#!16#!Np[.T\C>mjMo}cUx#!encrypt#!4#!N+0g#!encrypt#!7#!NPy;`%h#!encrypt#!2#!g
#!encrypt#!7#!b8 zGh{#!encrypt#!5#!NQffB#!encrypt#!4#!NPyR#!encrypt#!4#!N+0g#!encrypt#!5#!NQqkZ#!encrypt#!2#!g
#!encrypt#!7#!b8 zGh{#!encrypt#!5#!NQffa#!encrypt#!5#!NQffB#!encrypt#!4#!N+0g#!encrypt#!4#!Nkyp#!encrypt#!2#!g
#!encrypt#!7#!b8 zGh{#!encrypt#!5#!NQffm#!encrypt#!5#!NQffa#!encrypt#!4#!N+0g#!encrypt#!5#!Nkypa#!encrypt#!2#!g
#!encrypt#!7#!b8 zGh{#!encrypt#!5#!NQffN#!encrypt#!5#!NQffm#!encrypt#!4#!N+0g#!encrypt#!5#!Nkypm#!encrypt#!2#!g
#!encrypt#!7#!b8 zGh{#!encrypt#!5#!NQffL#!encrypt#!5#!NQffN#!encrypt#!4#!N+0g#!encrypt#!5#!NkypN#!encrypt#!2#!g
#!encrypt#!7#!b8 zGh{#!encrypt#!7#!Np[.$PM#!encrypt#!9#!Np[.Z2(yd#!encrypt#!2#!g
#!encrypt#!2#!k1#!encrypt#!5#!N)y+7#!encrypt#!4#!N#4*#!encrypt#!13#!N+M\$"C:dpb#}#!encrypt#!20#!N{M~x=6#m\Y4GYy:I?SZ#!encrypt#!2#!g
#!encrypt#!3#!68=#!encrypt#!20#!N{M~x=6#m\Y4GYy:I?SZ#!encrypt#!5#!N{M~x#!encrypt#!13#!N+M\$"C:dpb#}#!encrypt#!20#!N{M~x=6#m\Y4GYy:I?S+#!encrypt#!2#!g
#!encrypt#!6#!)(>q64#!encrypt#!5#!N+q\$#!encrypt#!5#!N+mk$#!encrypt#!7#!NPy;`%h#!encrypt#!20#!N{M~x=6#m\Y4GYy:I?S+#!encrypt#!13#!N+M\$"C:dpb#}#!encrypt#!12#!N{M~x=6#m\Y4#!encrypt#!2#!g
#!encrypt#!3#!{t|#!encrypt#!4#!N#4*#!encrypt#!7#!NPy;`%h#!encrypt#!13#!N+M\$"C:dpb#}#!encrypt#!10#!N#4*q/A[Z.#!encrypt#!2#!g
#!encrypt#!3#!68=#!encrypt#!4#!N#4*#!encrypt#!5#!N{M~x#!encrypt#!13#!N+M\$"C:dpb#}#!encrypt#!12#!N#4*q%G:#\=R#!encrypt#!2#!g
#!encrypt#!6#!)(>q64#!encrypt#!8#!N+y#TKB\#!encrypt#!4#!N#4*#!encrypt#!6#!No<]2/#!encrypt#!13#!N+M\$"C:dpb#}#!encrypt#!10#!N#4*q%L\d_#!encrypt#!2#!g
#!encrypt#!3#!68=#!encrypt#!6#!No<]2/#!encrypt#!4#!NJg_#!encrypt#!13#!N+M\$"C:dpb#}#!encrypt#!20#!NZ4$qwaF_.,1GYy:I?SZ#!encrypt#!2#!g
#!encrypt#!3#!{t|#!encrypt#!5#!N{M~x#!encrypt#!4#!N#4*#!encrypt#!13#!N+M\$"C:dpb#}#!encrypt#!20#!NZ4$qwaF_.,1GYy:I?S+#!encrypt#!2#!g
#!encrypt#!3#!{t|#!encrypt#!20#!NZ4$qwaF_.,1GYy:I?S+#!encrypt#!20#!NZ4$qwaF_.,1GYy:I?SZ#!encrypt#!13#!N+M\$"C:dpb#}#!encrypt#!20#!NZ4$qwaF_.,1GYy:I?S##!encrypt#!2#!g
#!encrypt#!3#!68=#!encrypt#!20#!NZ4$qwaF_.,1GYy:I?S##!encrypt#!10#!NOe]{KBQmj#!encrypt#!13#!N+M\$"C:dpb#}#!encrypt#!12#!NZ4$qwaF_.,1#!encrypt#!2#!g
#!encrypt#!6#!)(>q64#!encrypt#!9#!N+M\$dA0%#!encrypt#!5#!N+mk$#!encrypt#!4#!N#4*#!encrypt#!12#!NZ4$qwaF_.,1#!encrypt#!13#!N+M\$"C:dpb#}#!encrypt#!9#!NZ4${w{Fy#!encrypt#!2#!g
#!encrypt#!3#!{t|#!encrypt#!8#!NchR&=|-#!encrypt#!4#!Npg_#!encrypt#!13#!N+M\$"C:dpb#}#!encrypt#!8#!NchR&=Iz#!encrypt#!2#!g
#!encrypt#!3#!{t|#!encrypt#!13#!NaJk2P*\x#?n6#!encrypt#!10#!NOe]{KBQ%.#!encrypt#!13#!N+M\$"C:dpb#}#!encrypt#!22#!N)f.Z)(:UmQnE[K.{7$<Dp#!encrypt#!2#!g
#!encrypt#!6#!)(>q64#!encrypt#!9#!N+M\$dA0%#!encrypt#!5#!N+mk$#!encrypt#!22#!N)f.Z)(:UmQnE[K.{7$<Dp#!encrypt#!6#!No<]2/#!encrypt#!13#!N+M\$"C:dpb#}#!encrypt#!14#!N)f.Z)(:UmQnE[#!encrypt#!2#!g
#!encrypt#!3#!{t|#!encrypt#!5#!N{M~x#!encrypt#!10#!NOe]{KBQ%.#!encrypt#!13#!N+M\$"C:dpb#}#!encrypt#!19#!N)faG4_R1/,O6|ZaQn<#!encrypt#!2#!g
#!encrypt#!6#!)(>q64#!encrypt#!9#!N+M\$dA0%#!encrypt#!19#!N)faG4_R1/,O6|ZaQn<#!encrypt#!5#!N{<PO#!encrypt#!13#!N+M\$"C:dpb#}#!encrypt#!11#!N)faG4_R1/,#!encrypt#!2#!g
#!encrypt#!3#!68=#!encrypt#!5#!N)y+7#!encrypt#!7#!N)mvO/6#!encrypt#!13#!N+M\$"C:dpb#}#!encrypt#!21#!N)f.Z)(:U:)ep`LR>O~^,#!encrypt#!2#!g
#!encrypt#!6#!)(>q64#!encrypt#!9#!N+M\$dA0%#!encrypt#!5#!N+mk$#!encrypt#!11#!N)faG4_R1/,#!encrypt#!21#!N)f.Z)(:U:)ep`LR>O~^,#!encrypt#!13#!N+M\$"C:dpb#}#!encrypt#!13#!N)f.Z)(:U:)ep#!encrypt#!2#!g
#!encrypt#!3#!{t|#!encrypt#!5#!N)y+7#!encrypt#!10#!NOe]{KBQ%.#!encrypt#!13#!N+M\$"C:dpb#}#!encrypt#!23#!N)f.Z)(:UJA.}C%Q,CM)xJk#!encrypt#!2#!g
#!encrypt#!6#!)(>q64#!encrypt#!9#!N+M\$dA0%#!encrypt#!5#!N+mk$#!encrypt#!23#!N)f.Z)(:UJA.}C%Q,CM)xJk#!encrypt#!13#!N)f.Z)(:U:)ep#!encrypt#!13#!N+M\$"C:dpb#}#!encrypt#!15#!N)f.Z)(:UJA.}C%#!encrypt#!2#!g
#!encrypt#!3#!{t|#!encrypt#!13#!NaJk2P*\x#?n6#!encrypt#!10#!NOe]{KBQ%.#!encrypt#!13#!N+M\$"C:dpb#}#!encrypt#!22#!N)f.()(:UmQnE[K.{7$<Dp#!encrypt#!2#!g
#!encrypt#!6#!)(>q64#!encrypt#!9#!N+M\$dA0%#!encrypt#!22#!N)f.()(:UmQnE[K.{7$<Dp#!encrypt#!6#!No<]2/#!encrypt#!13#!N+M\$"C:dpb#}#!encrypt#!14#!N)f.()(:UmQnE[#!encrypt#!2#!g
#!encrypt#!3#!{t|#!encrypt#!5#!N)y+7#!encrypt#!7#!N)mvO/6#!encrypt#!13#!N+M\$"C:dpb#}#!encrypt#!21#!N)f.()(:U:)ep`LR>O~^,#!encrypt#!2#!g
#!encrypt#!6#!)(>q64#!encrypt#!9#!N+M\$dA0%#!encrypt#!5#!N+mk$#!encrypt#!11#!N)faG4_R1/,#!encrypt#!21#!N)f.()(:U:)ep`LR>O~^,#!encrypt#!13#!N+M\$"C:dpb#}#!encrypt#!13#!N)f.()(:U:)ep#!encrypt#!2#!g
#!encrypt#!3#!{t|#!encrypt#!5#!N)y+7#!encrypt#!10#!NOe]{KBQ%.#!encrypt#!13#!N+M\$"C:dpb#}#!encrypt#!23#!N)f.()(:UJA.}C%Q,CM)xJk#!encrypt#!2#!g
#!encrypt#!6#!)(>q64#!encrypt#!9#!N+M\$dA0%#!encrypt#!5#!N+mk$#!encrypt#!23#!N)f.(?(:UJA.}C%Q,CM)xJk#!encrypt#!13#!N)f.()(:U:)ep#!encrypt#!13#!N+M\$"C:dpb#}#!encrypt#!15#!N)f.()(:UJA.}C%#!encrypt#!2#!g
#!encrypt#!3#!{t|#!encrypt#!5#!N)y+7#!encrypt#!4#!Npg_#!encrypt#!13#!N+M\$"C:dpb#}#!encrypt#!8#!Np[.9K!I#!encrypt#!2#!g
#!encrypt#!3#!{t|#!encrypt#!5#!N{M~x#!encrypt#!4#!Npg_#!encrypt#!13#!N+M\$"C:dpb#}#!encrypt#!8#!Np[.(\6e#!encrypt#!2#!g
#!encrypt#!6#!)(>q64#!encrypt#!8#!N+y#TKB\#!encrypt#!5#!ND4fO#!encrypt#!4#!NJg_#!encrypt#!13#!N+M\$"C:dpb#}#!encrypt#!8#!Np[.pP*\#!encrypt#!2#!g
#!encrypt#!3#!{t|#!encrypt#!4#!N#4*#!encrypt#!4#!Npg_#!encrypt#!13#!N+M\$"C:dpb#}#!encrypt#!7#!Np[.$PM#!encrypt#!2#!g
#!encrypt#!3#!68=#!encrypt#!8#!Np[.9K!I#!encrypt#!8#!Np[.(\6e#!encrypt#!13#!N+M\$"C:dpb#}#!encrypt#!16#!Np[.T\C>mjMo}cUx#!encrypt#!2#!g
#!encrypt#!6#!)(>q64#!encrypt#!7#!N+EkVwa#!encrypt#!8#!Np[.pP*\#!encrypt#!16#!Np[.T\C>mjMo}cUx#!encrypt#!13#!N+M\$"C:dpb#}#!encrypt#!12#!Np[.5o{fVp?##!encrypt#!2#!g
#!encrypt#!3#!{t|#!encrypt#!6#!No<]2/#!encrypt#!4#!NJg_#!encrypt#!13#!N+M\$"C:dpb#}#!encrypt#!17#!Np[.Z2(yd#BmT$G.##!encrypt#!2#!g
#!encrypt#!6#!)(>q64#!encrypt#!9#!N+M\$dA0%#!encrypt#!5#!N+mk$#!encrypt#!6#!No<]2/#!encrypt#!10#!NOe]{KBQ._#!encrypt#!13#!N+M\$"C:dpb#}#!encrypt#!17#!Np[.Z2(yd#BmT$G.O#!encrypt#!2#!g
#!encrypt#!2#!k1#!encrypt#!17#!Np[.Z2(yd#BmT$G.##!encrypt#!17#!Np[.Z2(yd#BmT$G.O#!encrypt#!13#!N+M\$"C:dpb#}#!encrypt#!9#!Np[.Z2(yd#!encrypt#!2#!g
#!encrypt#!3#!{t|#!encrypt#!5#!N)y+7#!encrypt#!4#!Npg_#!encrypt#!13#!N+M\$"C:dpb#}#!encrypt#!25#!NBEpY+_K5#=mGXUZC"S6KQY6I#!encrypt#!2#!g
#!encrypt#!3#!68=#!encrypt#!25#!NBEpY+_K5#=mGXUZC"S6KQY6I#!encrypt#!6#!No<]2/#!encrypt#!13#!N+M\$"C:dpb#}#!encrypt#!25#!NBEpY+_K5#=mGXUZC"S6KQY6;#!encrypt#!2#!g
#!encrypt#!3#!68=#!encrypt#!5#!N)y+7#!encrypt#!6#!No<]2/#!encrypt#!13#!N+M\$"C:dpb#}#!encrypt#!25#!NBEpY+_K5#=mGXUZC"S6KQY66#!encrypt#!2#!g
#!encrypt#!6#!)(>q64#!encrypt#!7#!N+EkVwa#!encrypt#!25#!NBEpY+_K5#=mGXUZC"S6KQY6;#!encrypt#!25#!NBEpY+_K5#=mGXUZC"S6KQY66#!encrypt#!13#!N+M\$"C:dpb#}#!encrypt#!17#!NBEpY+_K5#=mGXUZC#!encrypt#!2#!g
#!encrypt#!3#!{t|#!encrypt#!5#!N)y+7#!encrypt#!5#!NK,xK#!encrypt#!13#!N+M\$"C:dpb#}#!encrypt#!8#!NH32<K!I#!encrypt#!2#!g
#!encrypt#!6#!)(>q64#!encrypt#!9#!N+M\$dA0%#!encrypt#!5#!N+mk$#!encrypt#!5#!N{M~x#!encrypt#!5#!NK,xK#!encrypt#!13#!N+M\$"C:dpb#}#!encrypt#!8#!NH32S\6e#!encrypt#!2#!g
#!encrypt#!3#!{t|#!encrypt#!8#!NH32S\6e#!encrypt#!5#!N)y+7#!encrypt#!13#!N+M\$"C:dpb#}#!encrypt#!8#!NH32vP*\#!encrypt#!2#!g
#!encrypt#!3#!{t|#!encrypt#!5#!N)y+7#!encrypt#!5#!NK,xK#!encrypt#!13#!N+M\$"C:dpb#}#!encrypt#!23#!NH32=\C>mj*|{<XQ,CM)xJk#!encrypt#!2#!g
#!encrypt#!3#!68=#!encrypt#!23#!NH32=\C>mj*|{<XQ,CM)xJk#!encrypt#!5#!N{M~x#!encrypt#!13#!N+M\$"C:dpb#}#!encrypt#!23#!NH32=\C>mj*|{<XQ,CM)xJh#!encrypt#!2#!g
#!encrypt#!3#!68=#!encrypt#!23#!NH32=\C>mj*|{<XQ,CM)xJh#!encrypt#!9#!N)y+7=+\t#!encrypt#!13#!N+M\$"C:dpb#}#!encrypt#!15#!NH32=\C>mj*|{<X#!encrypt#!2#!g
#!encrypt#!3#!{t|#!encrypt#!5#!N)y+7#!encrypt#!5#!Nk,xK#!encrypt#!13#!N+M\$"C:dpb#}#!encrypt#!8#!NZ329K!I#!encrypt#!2#!g
#!encrypt#!6#!)(>q64#!encrypt#!9#!N+M\$dA0%#!encrypt#!5#!N+mk$#!encrypt#!5#!N{M~x#!encrypt#!5#!Nk,xK#!encrypt#!13#!N+M\$"C:dpb#}#!encrypt#!8#!NZ32S\6e#!encrypt#!2#!g
#!encrypt#!3#!{t|#!encrypt#!8#!NZ32S\6e#!encrypt#!5#!N)y+7#!encrypt#!13#!N+M\$"C:dpb#}#!encrypt#!8#!NZ32vP*\#!encrypt#!2#!g
#!encrypt#!3#!{t|#!encrypt#!5#!N)y+7#!encrypt#!4#!N#4*#!encrypt#!13#!N+M\$"C:dpb#}#!encrypt#!23#!NV32=\C>mj*|{<XQ,CM)xJk#!encrypt#!2#!g
#!encrypt#!3#!{t|#!encrypt#!23#!NV32=\C>mj*|{<XQ,CM)xJk#!encrypt#!5#!Nk,xK#!encrypt#!13#!N+M\$"C:dpb#}#!encrypt#!23#!NV32=\C>mj*|{<XQ,CM)xJh#!encrypt#!2#!g
#!encrypt#!3#!68=#!encrypt#!23#!NV32=\C>mj*|{<XQ,CM)xJh#!encrypt#!5#!N{M~x#!encrypt#!13#!N+M\$"C:dpb#}#!encrypt#!23#!NV32=\C>mj*|{<XQ,CM)xJ0#!encrypt#!2#!g
#!encrypt#!3#!68=#!encrypt#!23#!NV32=\C>mj*|{<XQ,CM)xJ0#!encrypt#!9#!N)y+7=+\t#!encrypt#!13#!N+M\$"C:dpb#}#!encrypt#!15#!NV32=\C>mj*|{<X#!encrypt#!2#!g
#!encrypt#!2#!k1#!encrypt#!5#!NQffB#!encrypt#!5#!NQffa#!encrypt#!5#!NQffm#!encrypt#!13#!N+M\$"C:dpb#}#!encrypt#!23#!NamPVw*@=#e#9chQ,CM)xJk#!encrypt#!2#!g
#!encrypt#!3#!{t|#!encrypt#!9#!NamPVw*@=#!encrypt#!23#!NamPVw*@=#e#9chQ,CM)xJk#!encrypt#!13#!N+M\$"C:dpb#}#!encrypt#!23#!NamPVw*@=#e#9chQ,CM)xJh#!encrypt#!2#!g
#!encrypt#!4#!)b$q#!encrypt#!23#!NamPVw*@=#e#9chQ,CM)xJh#!encrypt#!4#!N+0g#!encrypt#!3#!NIK#!encrypt#!13#!N+M\$"C:dpb#}#!encrypt#!15#!NamPVw*@=#e#9ch#!encrypt#!2#!g
#!encrypt#!3#!68=#!encrypt#!5#!Nol]$#!encrypt#!12#!Np[.5o{fVp?##!encrypt#!13#!N+M\$"C:dpb#}#!encrypt#!12#!Nol]$=?@=YMn#!encrypt#!2#!g
#!encrypt#!3#!68=#!encrypt#!12#!Nol]$=?@=YMn#!encrypt#!5#!NPgfZ#!encrypt#!13#!N+M\$"C:dpb#}#!encrypt#!10#!Nol]$=?@=Y#!encrypt#!2#!g
#!encrypt#!3#!{t|#!encrypt#!10#!Nol]$=?@=Y#!encrypt#!6#!NoY_7?#!encrypt#!13#!N+M\$"C:dpb#}#!encrypt#!14#!Nol]$=K]5^M|pC#!encrypt#!2#!g
#!encrypt#!6#!t([J6o#!encrypt#!3#!N~ #!encrypt#!2#!Nn#!encrypt#!10#!Nol]$=K]5^#!encrypt#!2#!Ng#!encrypt#!14#!Nol]$=K]5^M|pC#!encrypt#!5#!Nol]$#!encrypt#!2#!Nn#!encrypt#!2#!N&#!encrypt#!2#!Ng#!encrypt#!13#!NoGkVZo\}c)lX#!encrypt#!2#!Nn#!encrypt#!2#!NV#!encrypt#!2#!Ng#!encrypt#!13#!NoGkVZo\}c)lX#!encrypt#!2#!Nn#!encrypt#!2#!Nq#!encrypt#!2#!Ng#!encrypt#!6#!N{<]2/#!encrypt#!2#!Nn#!encrypt#!2#!Nj#!encrypt#!2#!Ng#!encrypt#!2#!g
#!encrypt#!3#!{t|#!encrypt#!5#!N{l]$#!encrypt#!5#!NJgf(#!encrypt#!13#!N+M\$"C:dpb#}#!encrypt#!8#!NJgf(?(:#!encrypt#!2#!g
#!encrypt#!3#!68=#!encrypt#!5#!N{l]$#!encrypt#!12#!Np[.5o{fVp?##!encrypt#!13#!N+M\$"C:dpb#}#!encrypt#!12#!N{l]$=?@=YMn#!encrypt#!2#!g
#!encrypt#!3#!68=#!encrypt#!12#!N{l]$=?@=YMn#!encrypt#!8#!NJgf(?(:#!encrypt#!13#!N+M\$"C:dpb#}#!encrypt#!12#!N{l]$=?@=YMD#!encrypt#!2#!g
#!encrypt#!3#!68=#!encrypt#!12#!N{l]$=?@=YMD#!encrypt#!5#!NPgfZ#!encrypt#!13#!N+M\$"C:dpb#}#!encrypt#!10#!N{l]$=?@=Y#!encrypt#!2#!g
#!encrypt#!3#!{t|#!encrypt#!10#!N{l]$=?@=Y#!encrypt#!6#!N{Y_7?#!encrypt#!13#!N+M\$"C:dpb#}#!encrypt#!14#!N{l]$=K]5^M|pC#!encrypt#!2#!g
#!encrypt#!6#!t([J6o#!encrypt#!3#!N~:#!encrypt#!2#!Nn#!encrypt#!10#!N{l]$=K]5^#!encrypt#!2#!Ng#!encrypt#!14#!N{l]$=K]5^M|pC#!encrypt#!5#!N{l]$#!encrypt#!2#!Nn#!encrypt#!2#!N&#!encrypt#!2#!Ng#!encrypt#!13#!N{GkVZo\}c)lX#!encrypt#!2#!Nn#!encrypt#!2#!NV#!encrypt#!2#!Ng#!encrypt#!13#!N{GkVZo\}c)lX#!encrypt#!2#!Nn#!encrypt#!2#!Nq#!encrypt#!2#!Ng#!encrypt#!6#!No<]2/#!encrypt#!2#!Nn#!encrypt#!2#!Nj#!encrypt#!2#!Ng#!encrypt#!2#!g
#!encrypt#!3#!{t|#!encrypt#!12#!N{l]$=?@=YMD#!encrypt#!5#!NPgfZ#!encrypt#!13#!N+M\$"C:dpb#}#!encrypt#!8#!NPgf(?(:#!encrypt#!2#!g
#!encrypt#!3#!{t|#!encrypt#!8#!NPgf(?(:#!encrypt#!6#!N{Y_7?#!encrypt#!13#!N+M\$"C:dpb#}#!encrypt#!17#!NPgf(?(:U smx`d n#!encrypt#!2#!g
#!encrypt#!6#!t([J6o#!encrypt#!3#!N~:#!encrypt#!2#!Nn#!encrypt#!14#!N{l]$=K]5^M1P5#!encrypt#!2#!Ng#!encrypt#!17#!NPgf(?(:U smx`d n#!encrypt#!8#!NPgf(?(:#!encrypt#!2#!Nn#!encrypt#!2#!N&#!encrypt#!2#!Ng#!encrypt#!13#!N{GkVZo\}c)lX#!encrypt#!2#!Nn#!encrypt#!2#!NV#!encrypt#!2#!Ng#!encrypt#!13#!N{GkVZo\}c)lX#!encrypt#!2#!Nn#!encrypt#!2#!Nq#!encrypt#!2#!Ng#!encrypt#!6#!No<]2/#!encrypt#!2#!Nn#!encrypt#!2#!Nj#!encrypt#!2#!Ng#!encrypt#!2#!g
#!encrypt#!3#!{t|#!encrypt#!12#!Nol]$=?@=YMn#!encrypt#!5#!NPgfZ#!encrypt#!13#!N+M\$"C:dpb#}#!encrypt#!8#!NPgfZ?(:#!encrypt#!2#!g
#!encrypt#!3#!{t|#!encrypt#!8#!NPgfZ?(:#!encrypt#!6#!NoY_7?#!encrypt#!13#!N+M\$"C:dpb#}#!encrypt#!17#!NPgfZ?(:U smx`d n#!encrypt#!2#!g
#!encrypt#!6#!t([J6o#!encrypt#!3#!N~ #!encrypt#!2#!Nn#!encrypt#!14#!Nol]$=K]5^M1P5#!encrypt#!2#!Ng#!encrypt#!17#!NPgfZ?(:U smx`d n#!encrypt#!8#!NPgfZ?(:#!encrypt#!2#!Nn#!encrypt#!2#!N&#!encrypt#!2#!Ng#!encrypt#!13#!NoGkVZo\}c)lX#!encrypt#!2#!Nn#!encrypt#!2#!NV#!encrypt#!2#!Ng#!encrypt#!13#!NoGkVZo\}c)lX#!encrypt#!2#!Nn#!encrypt#!2#!Nq#!encrypt#!2#!Ng#!encrypt#!6#!N{<]2/#!encrypt#!2#!Nn#!encrypt#!2#!Nj#!encrypt#!2#!Ng#!encrypt#!2#!g
#!encrypt#!3#!{t|#!encrypt#!8#!NJgf(?(:#!encrypt#!6#!N{Y_7?#!encrypt#!13#!N+M\$"C:dpb#}#!encrypt#!17#!NJgf(?(:U smx`d n#!encrypt#!2#!g
#!encrypt#!6#!t([J6o#!encrypt#!3#!N~:#!encrypt#!2#!Nn#!encrypt#!14#!N{l]$=K]5^MTP5#!encrypt#!2#!Ng#!encrypt#!17#!NJgf(?(:U smx`d n#!encrypt#!8#!NJgf(?(:#!encrypt#!2#!Nn#!encrypt#!2#!N&#!encrypt#!2#!Ng#!encrypt#!13#!N{GkVZo\}c)lX#!encrypt#!2#!Nn#!encrypt#!2#!NV#!encrypt#!2#!Ng#!encrypt#!13#!N{GkVZo\}c)lX#!encrypt#!2#!Nn#!encrypt#!2#!Nq#!encrypt#!2#!Ng#!encrypt#!6#!No<]2/#!encrypt#!2#!Nn#!encrypt#!2#!Nj#!encrypt#!2#!Ng#!encrypt#!2#!g
#!encrypt#!3#!{t|#!encrypt#!12#!Np[.7^*fVp?##!encrypt#!5#!NoJP&#!encrypt#!13#!N+M\$"C:dpb#}#!encrypt#!9#!Np[.Z"Gyk#!encrypt#!2#!g
#!encrypt#!11#!@qFqq.QH7%1#!encrypt#!17#!N+qkK%o#xjYeGaXAt#!encrypt#!9#!Np[.Z"Gyk#!encrypt#!16#!Np[.T\C>mjMo}cUx#!encrypt#!13#!N+M\$"C:dpb#}#!encrypt#!16#!Np[.Z,n:%#=#Xn#7#!encrypt#!2#!g
#!encrypt#!4#!2t=q#!encrypt#!16#!Np[.Z,n:%#=#Xn#7#!encrypt#!6#!N+-fp^#!encrypt#!4#!N;2?#!encrypt#!4#!N;2u#!encrypt#!8#!N+M\$"C:#!encrypt#!7#!N3f/K\?#!encrypt#!13#!N+M\$"C:dpb#}#!encrypt#!15#!Np[.Z,n:%#Pm/`'#!encrypt#!2#!g
#!encrypt#!3#!{t|#!encrypt#!15#!Np[.Z,n:%#Pm/`'#!encrypt#!5#!NPgfZ#!encrypt#!13#!N+M\$"C:dpb#}#!encrypt#!13#!Np[.Z,n:%#Pm/#!encrypt#!2#!g
#!encrypt#!4#!2t=q#!encrypt#!16#!Np[.Z,n:%#=#Xn#7#!encrypt#!6#!N+-fp^#!encrypt#!4#!N;2u#!encrypt#!3#!NI8#!encrypt#!8#!N+M\$"C:#!encrypt#!7#!N3f/K\?#!encrypt#!13#!N+M\$"C:dpb#}#!encrypt#!15#!Np[.Z,n:%#Cm``'#!encrypt#!2#!g
#!encrypt#!3#!{t|#!encrypt#!15#!Np[.Z,n:%#Cm``'#!encrypt#!5#!NPgfZ#!encrypt#!13#!N+M\$"C:dpb#}#!encrypt#!13#!Np[.Z,n:%#Cm`#!encrypt#!2#!g
#!encrypt#!3#!68=#!encrypt#!12#!Np[.5o{fVp?##!encrypt#!13#!Np[.Z,n:%#Cm`#!encrypt#!13#!N+M\$"C:dpb#}#!encrypt#!16#!Np[.pP*\UTV4`|Km#!encrypt#!2#!g
#!encrypt#!3#!68=#!encrypt#!16#!Np[.pP*\UTV4`|Km#!encrypt#!13#!Np[.Z,n:%#Pm/#!encrypt#!13#!N+M\$"C:dpb#}#!encrypt#!16#!Np[.pP*\UTV4`|Kw#!encrypt#!2#!g
#!encrypt#!3#!{t|#!encrypt#!16#!Np[.pP*\UTV4`|Kw#!encrypt#!5#!NoJP&#!encrypt#!13#!N+M\$"C:dpb#}#!encrypt#!15#!Np[.Z,n:%#Cm2yy#!encrypt#!2#!g
#!encrypt#!3#!{t|#!encrypt#!16#!Np[.pP*\UTV4`|Kw#!encrypt#!5#!N{JP&#!encrypt#!13#!N+M\$"C:dpb#}#!encrypt#!15#!Np[.(,n:%#Cm2yy#!encrypt#!2#!g
#!encrypt#!6#!t([J6o#!encrypt#!3#!N~ #!encrypt#!2#!Nn#!encrypt#!14#!Nol]$=Kw58MhP5#!encrypt#!2#!Ng#!encrypt#!13#!Np[.Z,n:%#Pm/#!encrypt#!12#!Np[.5o{fVp?##!encrypt#!2#!Nn#!encrypt#!2#!N&#!encrypt#!2#!Ng#!encrypt#!16#!Np[.T\C>mjMo}cUx#!encrypt#!2#!Nn#!encrypt#!2#!NV#!encrypt#!2#!Ng#!encrypt#!16#!Np[.T\C>mjMo}cUx#!encrypt#!2#!Nn#!encrypt#!2#!Nq#!encrypt#!2#!Ng#!encrypt#!6#!N{<]2/#!encrypt#!2#!Nn#!encrypt#!2#!Nj#!encrypt#!2#!Ng#!encrypt#!2#!g
#!encrypt#!6#!t([J6o#!encrypt#!3#!N~ #!encrypt#!2#!Nn#!encrypt#!14#!Nol]$=K}5 MhP5#!encrypt#!2#!Ng#!encrypt#!13#!Np[.Z,n:%#Cm`#!encrypt#!12#!Np[.5o{fVp?##!encrypt#!2#!Nn#!encrypt#!2#!N&#!encrypt#!2#!Ng#!encrypt#!16#!Np[.T\C>mjMo}cUx#!encrypt#!2#!Nn#!encrypt#!2#!NV#!encrypt#!2#!Ng#!encrypt#!16#!Np[.T\C>mjMo}cUx#!encrypt#!2#!Nn#!encrypt#!2#!Nq#!encrypt#!2#!Ng#!encrypt#!6#!N{<]2/#!encrypt#!2#!Nn#!encrypt#!2#!Nj#!encrypt#!2#!Ng#!encrypt#!2#!g
#!encrypt#!6#!t([J6o#!encrypt#!3#!N~ #!encrypt#!2#!Nn#!encrypt#!15#!Nol]$=y}5 `4`|`#!encrypt#!2#!Ng#!encrypt#!15#!Np[.Z,n:%#Cm2yy#!encrypt#!12#!Np[.5o{fVp?##!encrypt#!2#!Nn#!encrypt#!2#!N&#!encrypt#!2#!Ng#!encrypt#!16#!Np[.T\C>mjMo}cUx#!encrypt#!2#!Nn#!encrypt#!2#!NV#!encrypt#!2#!Ng#!encrypt#!16#!Np[.T\C>mjMo}cUx#!encrypt#!2#!Nn#!encrypt#!2#!Nq#!encrypt#!2#!Ng#!encrypt#!6#!N{<]2/#!encrypt#!2#!Nn#!encrypt#!2#!Nj#!encrypt#!2#!Ng#!encrypt#!2#!g
#!encrypt#!6#!t([J6o#!encrypt#!3#!N~:#!encrypt#!2#!Nn#!encrypt#!15#!N{l]$=y}5 `4`|`#!encrypt#!2#!Ng#!encrypt#!15#!Np[.(,n:%#Cm2yy#!encrypt#!12#!Np[.5o{fVp?##!encrypt#!2#!Nn#!encrypt#!2#!N&#!encrypt#!2#!Ng#!encrypt#!16#!Np[.T\C>mjMo}cUx#!encrypt#!2#!Nn#!encrypt#!2#!NV#!encrypt#!2#!Ng#!encrypt#!16#!Np[.T\C>mjMo}cUx#!encrypt#!2#!Nn#!encrypt#!2#!Nq#!encrypt#!2#!Ng#!encrypt#!6#!No<]2/#!encrypt#!2#!Nn#!encrypt#!2#!Nj#!encrypt#!2#!Ng#!encrypt#!2#!g
#!encrypt#!6#!t([J6o#!encrypt#!2#!N1#!encrypt#!2#!Nn#!encrypt#!17#!N3fIqfAR.#BJGyLPA#!encrypt#!2#!Ng#!encrypt#!21#!N3fIqfAR.#BJGyLPA"ee^#!encrypt#!19#!N{e]Y=+\tX;ezEK*9^~#!encrypt#!2#!Nn#!encrypt#!2#!N@#!encrypt#!2#!Ng#!encrypt#!19#!N{e]Y=+\tX;ezEK*9^~#!encrypt#!2#!Nn#!encrypt#!2#!Nt#!encrypt#!2#!Ng#!encrypt#!6#!N{<]2/#!encrypt#!2#!Nn#!encrypt#!2#!Nj#!encrypt#!2#!Ng#!encrypt#!9#!N+f~O}(5+#!encrypt#!2#!N1#!encrypt#!2#!N_#!encrypt#!2#!N
#!encrypt#!9#!N@k(So/Yi#!encrypt#!2#!N
#!encrypt#!2#!NP#!encrypt#!2#!N|#!encrypt#!2#!NA#!encrypt#!2#!N
#!encrypt#!2#!N
#!encrypt#!5#!NOe]{#!encrypt#!2#!NT#!encrypt#!5#!N$kqi#!encrypt#!2#!Nn#!encrypt#!21#!N3fIqfAR.#BJGyLPA"ee^#!encrypt#!2#!Ng#!encrypt#!2#!N
#!encrypt#!2#!NA#!encrypt#!2#!NT#!encrypt#!19#!N@}DgpQY7'MHfmYG-ew#!encrypt#!2#!Nn#!encrypt#!21#!N3fIqfAR.#BJGyLPA"ee^#!encrypt#!2#!N|#!encrypt#!19#!N{e]Y=+\tX;ezEK*9^~#!encrypt#!2#!Ng#!encrypt#!2#!Nv#!encrypt#!2#!Nf#!encrypt#!2#!N
#!encrypt#!2#!NP#!encrypt#!2#!NT#!encrypt#!5#!N$kqi#!encrypt#!2#!Nv#!encrypt#!2#!NA#!encrypt#!2#!N
#!encrypt#!2#!N9#!encrypt#!2#!g
#!encrypt#!6#!t([J6o#!encrypt#!2#!N1#!encrypt#!2#!Nn#!encrypt#!17#!N3fIqfAR.#BJGyL,U#!encrypt#!2#!Ng#!encrypt#!21#!N3fIqfAR.#BJGyL,U"ee^#!encrypt#!19#!N{e]Y=+\tX;ezEK*9^~#!encrypt#!2#!Nn#!encrypt#!2#!N@#!encrypt#!2#!Ng#!encrypt#!19#!N{e]Y=+\tX;ezEK*9^~#!encrypt#!2#!Nn#!encrypt#!2#!Nt#!encrypt#!2#!Ng#!encrypt#!6#!N{<]2/#!encrypt#!2#!Nn#!encrypt#!2#!Nj#!encrypt#!2#!Ng#!encrypt#!9#!N+f~O}(5+#!encrypt#!2#!N1#!encrypt#!2#!N_#!encrypt#!2#!N
#!encrypt#!9#!N@k(So/Yi#!encrypt#!2#!N
#!encrypt#!2#!NP#!encrypt#!2#!N|#!encrypt#!2#!NA#!encrypt#!2#!N
#!encrypt#!2#!N
#!encrypt#!5#!NOe]{#!encrypt#!2#!NT#!encrypt#!5#!N$kqi#!encrypt#!2#!Nn#!encrypt#!21#!N3fIqfAR.#BJGyL,U"ee^#!encrypt#!2#!Ng#!encrypt#!2#!N
#!encrypt#!2#!NA#!encrypt#!2#!NT#!encrypt#!19#!N@}DgpQY7'MHfmYG-ew#!encrypt#!2#!Nn#!encrypt#!21#!N3fIqfAR.#BJGyL,U"ee^#!encrypt#!2#!N|#!encrypt#!19#!N{e]Y=+\tX;ezEK*9^~#!encrypt#!2#!Ng#!encrypt#!2#!Nv#!encrypt#!2#!Nf#!encrypt#!2#!N
#!encrypt#!2#!NP#!encrypt#!2#!NT#!encrypt#!5#!N$kqi#!encrypt#!2#!Nv#!encrypt#!2#!NA#!encrypt#!2#!N
#!encrypt#!2#!N9#!encrypt#!2#!g
#!encrypt#!6#!t([J6o#!encrypt#!2#!N1#!encrypt#!2#!Nn#!encrypt#!17#!N3fIqfAR.#BJG-LO##!encrypt#!2#!Ng#!encrypt#!21#!N3fIqfAR.#BJG-LO#"ee^#!encrypt#!19#!N{e]Y=+\tX;ezEK*9^~#!encrypt#!2#!Nn#!encrypt#!2#!N@#!encrypt#!2#!Ng#!encrypt#!19#!N{e]Y=+\tX;ezEK*9^~#!encrypt#!2#!Nn#!encrypt#!2#!Nt#!encrypt#!2#!Ng#!encrypt#!6#!N{<]2/#!encrypt#!2#!Nn#!encrypt#!2#!Nj#!encrypt#!2#!Ng#!encrypt#!9#!N+f~O}(5+#!encrypt#!2#!N1#!encrypt#!2#!N_#!encrypt#!2#!N
#!encrypt#!9#!N@k(So/Yi#!encrypt#!2#!N
#!encrypt#!2#!NP#!encrypt#!2#!N|#!encrypt#!2#!NA#!encrypt#!2#!N
#!encrypt#!2#!N
#!encrypt#!5#!NOe]{#!encrypt#!2#!NT#!encrypt#!5#!N$kqi#!encrypt#!2#!Nn#!encrypt#!21#!N3fIqfAR.#BJG-LO#"ee^#!encrypt#!2#!Ng#!encrypt#!2#!N
#!encrypt#!2#!NA#!encrypt#!2#!NT#!encrypt#!19#!N@}DgpQY7'MHfmYG-ew#!encrypt#!2#!Nn#!encrypt#!21#!N3fIqfAR.#BJG-LO#"ee^#!encrypt#!2#!N|#!encrypt#!19#!N{e]Y=+\tX;ezEK*9^~#!encrypt#!2#!Ng#!encrypt#!2#!Nv#!encrypt#!2#!Nf#!encrypt#!2#!N
#!encrypt#!2#!NP#!encrypt#!2#!NT#!encrypt#!5#!N$kqi#!encrypt#!2#!Nv#!encrypt#!2#!NA#!encrypt#!2#!N
#!encrypt#!2#!N9#!encrypt#!2#!g
#!encrypt#!6#!t([J6o#!encrypt#!2#!N1#!encrypt#!2#!Nn#!encrypt#!17#!N3fIqfAR.#BJGiL0A#!encrypt#!2#!Ng#!encrypt#!21#!N3fIqfAR.#BJGiL0A"ee^#!encrypt#!19#!N{e]Y=+\tX;ezEK*9^~#!encrypt#!2#!Nn#!encrypt#!2#!N@#!encrypt#!2#!Ng#!encrypt#!19#!N{e]Y=+\tX;ezEK*9^~#!encrypt#!2#!Nn#!encrypt#!2#!Nt#!encrypt#!2#!Ng#!encrypt#!6#!N{<]2/#!encrypt#!2#!Nn#!encrypt#!2#!Nj#!encrypt#!2#!Ng#!encrypt#!9#!N+f~O}(5+#!encrypt#!2#!N1#!encrypt#!2#!N_#!encrypt#!2#!N
#!encrypt#!9#!N@k(So/Yi#!encrypt#!2#!N
#!encrypt#!2#!NP#!encrypt#!2#!N|#!encrypt#!2#!NA#!encrypt#!2#!N
#!encrypt#!2#!N
#!encrypt#!5#!NOe]{#!encrypt#!2#!NT#!encrypt#!5#!N$kqi#!encrypt#!2#!Nn#!encrypt#!21#!N3fIqfAR.#BJGiL0A"ee^#!encrypt#!2#!Ng#!encrypt#!2#!N
#!encrypt#!2#!NA#!encrypt#!2#!NT#!encrypt#!19#!N@}DgpQY7'MHfmYG-ew#!encrypt#!2#!Nn#!encrypt#!21#!N3fIqfAR.#BJGiL0A"ee^#!encrypt#!2#!N|#!encrypt#!19#!N{e]Y=+\tX;ezEK*9^~#!encrypt#!2#!Ng#!encrypt#!2#!Nv#!encrypt#!2#!Nf#!encrypt#!2#!N
#!encrypt#!2#!NP#!encrypt#!2#!NT#!encrypt#!5#!N$kqi#!encrypt#!2#!Nv#!encrypt#!2#!NA#!encrypt#!2#!N
#!encrypt#!2#!N9#!encrypt#!2#!g
#!encrypt#!6#!t([J6o#!encrypt#!2#!N1#!encrypt#!2#!Nn#!encrypt#!17#!N3fIqfAR.#BJG*L~_#!encrypt#!2#!Ng#!encrypt#!21#!N3fIqfAR.#BJG*L~_"ee^#!encrypt#!19#!N{e]Y=+\tX;ezEK*9^~#!encrypt#!2#!Nn#!encrypt#!2#!N@#!encrypt#!2#!Ng#!encrypt#!19#!N{e]Y=+\tX;ezEK*9^~#!encrypt#!2#!Nn#!encrypt#!2#!Nt#!encrypt#!2#!Ng#!encrypt#!6#!N{<]2/#!encrypt#!2#!Nn#!encrypt#!2#!Nj#!encrypt#!2#!Ng#!encrypt#!9#!N+f~O}(5+#!encrypt#!2#!N1#!encrypt#!2#!N_#!encrypt#!2#!N
#!encrypt#!9#!N@k(So/Yi#!encrypt#!2#!N
#!encrypt#!2#!NP#!encrypt#!2#!N|#!encrypt#!2#!NA#!encrypt#!2#!N
#!encrypt#!2#!N
#!encrypt#!5#!NOe]{#!encrypt#!2#!NT#!encrypt#!5#!N$kqi#!encrypt#!2#!Nn#!encrypt#!21#!N3fIqfAR.#BJG*L~_"ee^#!encrypt#!2#!Ng#!encrypt#!2#!N
#!encrypt#!2#!NA#!encrypt#!2#!NT#!encrypt#!19#!N@}DgpQY7'MHfmYG-ew#!encrypt#!2#!Nn#!encrypt#!21#!N3fIqfAR.#BJG*L~_"ee^#!encrypt#!2#!N|#!encrypt#!19#!N{e]Y=+\tX;ezEK*9^~#!encrypt#!2#!Ng#!encrypt#!2#!Nv#!encrypt#!2#!Nf#!encrypt#!2#!N
#!encrypt#!2#!NP#!encrypt#!2#!NT#!encrypt#!5#!N$kqi#!encrypt#!2#!Nv#!encrypt#!2#!NA#!encrypt#!2#!N
#!encrypt#!2#!N9#!encrypt#!2#!g
#!encrypt#!6#!t([J6o#!encrypt#!2#!N1#!encrypt#!2#!Nn#!encrypt#!18#!N3fIq[a#VhM^z`~._N#!encrypt#!2#!Ng#!encrypt#!22#!N3fIq[a#VhM^z`~._N3v&u#!encrypt#!19#!N{e]Y=+\tX;ezEK*9^~#!encrypt#!2#!Nn#!encrypt#!2#!N@#!encrypt#!2#!Ng#!encrypt#!19#!N{e]Y=+\tX;ezEK*9^~#!encrypt#!2#!Nn#!encrypt#!2#!Nt#!encrypt#!2#!Ng#!encrypt#!6#!N{<]2/#!encrypt#!2#!Nn#!encrypt#!2#!Nj#!encrypt#!2#!Ng#!encrypt#!9#!N+f~O}(5+#!encrypt#!2#!N1#!encrypt#!2#!N_#!encrypt#!2#!N
#!encrypt#!9#!N@k(So/Yi#!encrypt#!2#!N
#!encrypt#!2#!NP#!encrypt#!2#!N|#!encrypt#!2#!NA#!encrypt#!2#!N
#!encrypt#!2#!N
#!encrypt#!5#!NOe]{#!encrypt#!2#!NT#!encrypt#!5#!N$kqi#!encrypt#!2#!Nn#!encrypt#!22#!N3fIq[a#VhM^z`~._N3v&u#!encrypt#!2#!Ng#!encrypt#!2#!N
#!encrypt#!2#!NA#!encrypt#!2#!NT#!encrypt#!19#!N@}DgpQY7'MHfmYG-ew#!encrypt#!2#!Nn#!encrypt#!22#!N3fIq[a#VhM^z`~._N3v&u#!encrypt#!2#!N|#!encrypt#!19#!N{e]Y=+\tX;ezEK*9^~#!encrypt#!2#!Ng#!encrypt#!2#!Nv#!encrypt#!2#!Nf#!encrypt#!2#!N
#!encrypt#!2#!NP#!encrypt#!2#!NT#!encrypt#!5#!N$kqi#!encrypt#!2#!Nv#!encrypt#!2#!NA#!encrypt#!2#!N
#!encrypt#!2#!N9#!encrypt#!2#!g
#!encrypt#!6#!t([J6o#!encrypt#!2#!N1#!encrypt#!2#!Nn#!encrypt#!18#!N3fIq[a#VhM^z`~.Sc#!encrypt#!2#!Ng#!encrypt#!22#!N3fIq[a#VhM^z`~.Sc3v&u#!encrypt#!19#!N{e]Y=+\tX;ezEK*9^~#!encrypt#!2#!Nn#!encrypt#!2#!N@#!encrypt#!2#!Ng#!encrypt#!19#!N{e]Y=+\tX;ezEK*9^~#!encrypt#!2#!Nn#!encrypt#!2#!Nt#!encrypt#!2#!Ng#!encrypt#!6#!N{<]2/#!encrypt#!2#!Nn#!encrypt#!2#!Nj#!encrypt#!2#!Ng#!encrypt#!9#!N+f~O}(5+#!encrypt#!2#!N1#!encrypt#!2#!N_#!encrypt#!2#!N
#!encrypt#!9#!N@k(So/Yi#!encrypt#!2#!N
#!encrypt#!2#!NP#!encrypt#!2#!N|#!encrypt#!2#!NA#!encrypt#!2#!N
#!encrypt#!2#!N
#!encrypt#!5#!NOe]{#!encrypt#!2#!NT#!encrypt#!5#!N$kqi#!encrypt#!2#!Nn#!encrypt#!22#!N3fIq[a#VhM^z`~.Sc3v&u#!encrypt#!2#!Ng#!encrypt#!2#!N
#!encrypt#!2#!NA#!encrypt#!2#!NT#!encrypt#!19#!N@}DgpQY7'MHfmYG-ew#!encrypt#!2#!Nn#!encrypt#!22#!N3fIq[a#VhM^z`~.Sc3v&u#!encrypt#!2#!N|#!encrypt#!19#!N{e]Y=+\tX;ezEK*9^~#!encrypt#!2#!Ng#!encrypt#!2#!Nv#!encrypt#!2#!Nf#!encrypt#!2#!N
#!encrypt#!2#!NP#!encrypt#!2#!NT#!encrypt#!5#!N$kqi#!encrypt#!2#!Nv#!encrypt#!2#!NA#!encrypt#!2#!N
#!encrypt#!2#!N9#!encrypt#!2#!g
#!encrypt#!6#!t([J6o#!encrypt#!2#!N1#!encrypt#!2#!Nn#!encrypt#!18#!N3fIq[a#VhM^z`R.mP#!encrypt#!2#!Ng#!encrypt#!22#!N3fIq[a#VhM^z`R.mP3v&u#!encrypt#!19#!N{e]Y=+\tX;ezEK*9^~#!encrypt#!2#!Nn#!encrypt#!2#!N@#!encrypt#!2#!Ng#!encrypt#!19#!N{e]Y=+\tX;ezEK*9^~#!encrypt#!2#!Nn#!encrypt#!2#!Nt#!encrypt#!2#!Ng#!encrypt#!6#!N{<]2/#!encrypt#!2#!Nn#!encrypt#!2#!Nj#!encrypt#!2#!Ng#!encrypt#!9#!N+f~O}(5+#!encrypt#!2#!N1#!encrypt#!2#!N_#!encrypt#!2#!N
#!encrypt#!9#!N@k(So/Yi#!encrypt#!2#!N
#!encrypt#!2#!NP#!encrypt#!2#!N|#!encrypt#!2#!NA#!encrypt#!2#!N
#!encrypt#!2#!N
#!encrypt#!5#!NOe]{#!encrypt#!2#!NT#!encrypt#!5#!N$kqi#!encrypt#!2#!Nn#!encrypt#!22#!N3fIq[a#VhM^z`R.mP3v&u#!encrypt#!2#!Ng#!encrypt#!2#!N
#!encrypt#!2#!NA#!encrypt#!2#!NT#!encrypt#!19#!N@}DgpQY7'MHfmYG-ew#!encrypt#!2#!Nn#!encrypt#!22#!N3fIq[a#VhM^z`R.mP3v&u#!encrypt#!2#!N|#!encrypt#!19#!N{e]Y=+\tX;ezEK*9^~#!encrypt#!2#!Ng#!encrypt#!2#!Nv#!encrypt#!2#!Nf#!encrypt#!2#!N
#!encrypt#!2#!NP#!encrypt#!2#!NT#!encrypt#!5#!N$kqi#!encrypt#!2#!Nv#!encrypt#!2#!NA#!encrypt#!2#!N
#!encrypt#!2#!N9#!encrypt#!2#!g
#!encrypt#!6#!t([J6o#!encrypt#!2#!N1#!encrypt#!2#!Nn#!encrypt#!18#!N3fIq[a#VhM^z`m.rN#!encrypt#!2#!Ng#!encrypt#!22#!N3fIq[a#VhM^z`m.rN3v&u#!encrypt#!19#!N{e]Y=+\tX;ezEK*9^~#!encrypt#!2#!Nn#!encrypt#!2#!N@#!encrypt#!2#!Ng#!encrypt#!19#!N{e]Y=+\tX;ezEK*9^~#!encrypt#!2#!Nn#!encrypt#!2#!Nt#!encrypt#!2#!Ng#!encrypt#!6#!N{<]2/#!encrypt#!2#!Nn#!encrypt#!2#!Nj#!encrypt#!2#!Ng#!encrypt#!9#!N+f~O}(5+#!encrypt#!2#!N1#!encrypt#!2#!N_#!encrypt#!2#!N
#!encrypt#!9#!N@k(So/Yi#!encrypt#!2#!N
#!encrypt#!2#!NP#!encrypt#!2#!N|#!encrypt#!2#!NA#!encrypt#!2#!N
#!encrypt#!2#!N
#!encrypt#!5#!NOe]{#!encrypt#!2#!NT#!encrypt#!5#!N$kqi#!encrypt#!2#!Nn#!encrypt#!22#!N3fIq[a#VhM^z`m.rN3v&u#!encrypt#!2#!Ng#!encrypt#!2#!N
#!encrypt#!2#!NA#!encrypt#!2#!NT#!encrypt#!19#!N@}DgpQY7'MHfmYG-ew#!encrypt#!2#!Nn#!encrypt#!22#!N3fIq[a#VhM^z`m.rN3v&u#!encrypt#!2#!N|#!encrypt#!19#!N{e]Y=+\tX;ezEK*9^~#!encrypt#!2#!Ng#!encrypt#!2#!Nv#!encrypt#!2#!Nf#!encrypt#!2#!N
#!encrypt#!2#!NP#!encrypt#!2#!NT#!encrypt#!5#!N$kqi#!encrypt#!2#!Nv#!encrypt#!2#!NA#!encrypt#!2#!N
#!encrypt#!2#!N9#!encrypt#!2#!g
#!encrypt#!6#!t([J6o#!encrypt#!2#!N1#!encrypt#!2#!Nn#!encrypt#!18#!N3fIq[a#VhM^z``.K=#!encrypt#!2#!Ng#!encrypt#!22#!N3fIq[a#VhM^z``.K=3v&u#!encrypt#!19#!N{e]Y=+\tX;ezEK*9^~#!encrypt#!2#!Nn#!encrypt#!2#!N@#!encrypt#!2#!Ng#!encrypt#!19#!N{e]Y=+\tX;ezEK*9^~#!encrypt#!2#!Nn#!encrypt#!2#!Nt#!encrypt#!2#!Ng#!encrypt#!6#!N{<]2/#!encrypt#!2#!Nn#!encrypt#!2#!Nj#!encrypt#!2#!Ng#!encrypt#!9#!N+f~O}(5+#!encrypt#!2#!N1#!encrypt#!2#!N_#!encrypt#!2#!N
#!encrypt#!9#!N@k(So/Yi#!encrypt#!2#!N
#!encrypt#!2#!NP#!encrypt#!2#!N|#!encrypt#!2#!NA#!encrypt#!2#!N
#!encrypt#!2#!N
#!encrypt#!5#!NOe]{#!encrypt#!2#!NT#!encrypt#!5#!N$kqi#!encrypt#!2#!Nn#!encrypt#!22#!N3fIq[a#VhM^z``.K=3v&u#!encrypt#!2#!Ng#!encrypt#!2#!N
#!encrypt#!2#!NA#!encrypt#!2#!NT#!encrypt#!19#!N@}DgpQY7'MHfmYG-ew#!encrypt#!2#!Nn#!encrypt#!22#!N3fIq[a#VhM^z``.K=3v&u#!encrypt#!2#!N|#!encrypt#!19#!N{e]Y=+\tX;ezEK*9^~#!encrypt#!2#!Ng#!encrypt#!2#!Nv#!encrypt#!2#!Nf#!encrypt#!2#!N
#!encrypt#!2#!NP#!encrypt#!2#!NT#!encrypt#!5#!N$kqi#!encrypt#!2#!Nv#!encrypt#!2#!NA#!encrypt#!2#!N
#!encrypt#!2#!N9#!encrypt#!2#!g
#!encrypt#!5#!{tF`G#!encrypt#!10#!Nc4*{wA:Zc#!encrypt#!4#!N+fQ#!encrypt#!2#!N;#!encrypt#!13#!N+M\$"C:dpb#}#!encrypt#!10#!Nc4*q2A0+h#!encrypt#!2#!g
#!encrypt#!5#!{tF`G#!encrypt#!10#!Nc4*{wA:Zc#!encrypt#!4#!N+fQ#!encrypt#!3#!N[K#!encrypt#!13#!N+M\$"C:dpb#}#!encrypt#!11#!Nc4*q/(5V/:#!encrypt#!2#!g
#!encrypt#!6#!t([J6o#!encrypt#!2#!Nx#!encrypt#!2#!Nn#!encrypt#!17#!Nc4*q}A%UYPOGG':9#!encrypt#!2#!Ng#!encrypt#!10#!Nc4*{wA:Zc#!encrypt#!10#!N#M*q"6F+j#!encrypt#!2#!Nn#!encrypt#!5#!N@>==#!encrypt#!2#!Ng#!encrypt#!13#!N}Mf$\|fy_)ep#!encrypt#!2#!Nn#!encrypt#!6#!N~*z_.#!encrypt#!2#!Ng#!encrypt#!2#!N*#!encrypt#!10#!Nc4*q2A0+h#!encrypt#!2#!N #!encrypt#!2#!N*#!encrypt#!11#!Nc4*q/(5V/:#!encrypt#!2#!N #!encrypt#!9#!N+f~O}(5+#!encrypt#!2#!Nx#!encrypt#!2#!N_#!encrypt#!2#!N
#!encrypt#!9#!N@k(So/Yi#!encrypt#!2#!N
#!encrypt#!2#!NP#!encrypt#!2#!N|#!encrypt#!2#!NA#!encrypt#!2#!N
#!encrypt#!2#!N
#!encrypt#!2#!NP#!encrypt#!2#!NT#!encrypt#!19#!N@}DgpQY7'MHfmYG-ew#!encrypt#!2#!Nn#!encrypt#!10#!Nc4*{wA:Zc#!encrypt#!2#!N|#!encrypt#!11#!Nc4*q/(5V/:#!encrypt#!2#!Ng#!encrypt#!2#!N
#!encrypt#!2#!NA#!encrypt#!2#!NT#!encrypt#!19#!N@}DgpQY7'MHfmYG-ew#!encrypt#!2#!Nn#!encrypt#!10#!Nc4*{wA:Zc#!encrypt#!2#!N|#!encrypt#!10#!Nc4*q2A0+h#!encrypt#!2#!Ng#!encrypt#!2#!Nv#!encrypt#!2#!Nf#!encrypt#!2#!N
#!encrypt#!2#!N9#!encrypt#!2#!g
#!encrypt#!37#!+ZG.6<pf@-2LG0ga-d;A{lX,:PDY:F!aoPfF
#!encrypt#!19#!+ZG.;o9dX>Jzr`,[I)2#!encrypt#!6#!N+mkZ^#!encrypt#!2#!g
[WARN] LVS_RECOGNIZE_GATES at line 972 in file /opt/cadence-suite/sky130_release_0.0.4/Sky130_LVS/sky130.lvs.pvl is skipped. Pegasus only takes the first LVS_RECOGNIZE_GATES command.
#!encrypt#!10#!+ZG.;osa A#!encrypt#!4#!N^fI#!encrypt#!14#!N+hp#P6y%_M:z1#!encrypt#!2#!g
#!encrypt#!10#!+ZG.;osa A#!encrypt#!4#!N^fI#!encrypt#!12#!N+J]#K(oUYAx#!encrypt#!2#!g
#!encrypt#!18#!+ZG.vop!2EqO_qHM$)#!encrypt#!2#!Nx#!encrypt#!2#!Nn#!encrypt#!32#!Nc4*q(MlU 5^7l~O,g3<,fh`=_w!IrRz#!encrypt#!2#!Ng#!encrypt#!2#!N_#!encrypt#!5#!N@>==#!encrypt#!2#!NT#!encrypt#!3#!NxK#!encrypt#!6#!N~*z_.#!encrypt#!2#!NT#!encrypt#!3#!Nx&#!encrypt#!5#!Nj6`*#!encrypt#!2#!NT#!encrypt#!2#!Nj#!encrypt#!2#!N9#!encrypt#!8#!N+JkVZo\#!encrypt#!2#!g
#!encrypt#!18#!+ZG.vop!2EqO_qHM$)#!encrypt#!2#!Nx#!encrypt#!2#!Nn#!encrypt#!32#!Nc4*q(MlU #^7l~O,g3<,fh`=_w!IrRz#!encrypt#!2#!Ng#!encrypt#!2#!N_#!encrypt#!5#!N@>==#!encrypt#!2#!NT#!encrypt#!3#!NxK#!encrypt#!6#!N~*z_.#!encrypt#!2#!NT#!encrypt#!3#!Nx&#!encrypt#!5#!Nj6`*#!encrypt#!2#!NT#!encrypt#!2#!Nj#!encrypt#!2#!N9#!encrypt#!8#!N+JkVZo\#!encrypt#!2#!g
#!encrypt#!18#!+ZG.vop!2EqO_qHM$)#!encrypt#!2#!Nx#!encrypt#!2#!Nn#!encrypt#!34#!Nc4*q(MlU #^7l~O,g3<,fh(6Pw!IrRz I#!encrypt#!2#!Ng#!encrypt#!2#!N_#!encrypt#!5#!N@>==#!encrypt#!2#!NT#!encrypt#!3#!NxK#!encrypt#!6#!N~*z_.#!encrypt#!2#!NT#!encrypt#!3#!Nx&#!encrypt#!5#!Nj6`*#!encrypt#!2#!NT#!encrypt#!2#!Nj#!encrypt#!2#!N9#!encrypt#!8#!N+JkVZo\#!encrypt#!2#!g
#!encrypt#!18#!+ZG.vop!2EqO_qHM$)#!encrypt#!2#!Nx#!encrypt#!2#!Nn#!encrypt#!32#!Nc4*q(MlU _^hl~~,/3<,fh`=_w!IrRz#!encrypt#!2#!Ng#!encrypt#!2#!N_#!encrypt#!5#!N@>==#!encrypt#!2#!NT#!encrypt#!3#!NxK#!encrypt#!6#!N~*z_.#!encrypt#!2#!NT#!encrypt#!3#!Nx&#!encrypt#!5#!Nj6`*#!encrypt#!2#!NT#!encrypt#!2#!Nj#!encrypt#!2#!N9#!encrypt#!8#!N+JkVZo\#!encrypt#!2#!g
#!encrypt#!18#!+ZG.vop!2EqO_qHM$)#!encrypt#!2#!Nx#!encrypt#!2#!Nn#!encrypt#!34#!Nc4*q(MlU _^hl~~,/3<,fh(6Pw!IrRz I#!encrypt#!2#!Ng#!encrypt#!2#!N_#!encrypt#!5#!N@>==#!encrypt#!2#!NT#!encrypt#!3#!NxK#!encrypt#!6#!N~*z_.#!encrypt#!2#!NT#!encrypt#!3#!Nx&#!encrypt#!5#!Nj6`*#!encrypt#!2#!NT#!encrypt#!2#!Nj#!encrypt#!2#!N9#!encrypt#!8#!N+JkVZo\#!encrypt#!2#!g
#!encrypt#!18#!+ZG.vop!2EqO_qHM$)#!encrypt#!2#!Nx#!encrypt#!2#!Nn#!encrypt#!44#!Nc4*q(MlU _^hl~~,/3<,fh(6Pw!IrRz IH?q?6@1/ei#!encrypt#!2#!Ng#!encrypt#!2#!N_#!encrypt#!5#!N@>==#!encrypt#!2#!NT#!encrypt#!3#!NxK#!encrypt#!6#!N~*z_.#!encrypt#!2#!NT#!encrypt#!3#!Nx&#!encrypt#!5#!Nj6`*#!encrypt#!2#!NT#!encrypt#!2#!Nj#!encrypt#!2#!N9#!encrypt#!8#!N+JkVZo\#!encrypt#!2#!g
#!encrypt#!18#!+ZG.vop!2EqO_qHM$)#!encrypt#!2#!Nx#!encrypt#!2#!Nn#!encrypt#!36#!Nc4*q(MlUvs^wlRJ,i3",fk(;Pw!IrRz><HO#!encrypt#!2#!Ng#!encrypt#!2#!N_#!encrypt#!5#!N@>==#!encrypt#!2#!NT#!encrypt#!3#!NxK#!encrypt#!6#!N~*z_.#!encrypt#!2#!NT#!encrypt#!3#!Nx&#!encrypt#!5#!Nj6`*#!encrypt#!2#!NT#!encrypt#!2#!Nj#!encrypt#!2#!N9#!encrypt#!8#!N+JkVZo\#!encrypt#!2#!g
#!encrypt#!18#!+ZG.vop!2EqO_qHM$)#!encrypt#!2#!Nx#!encrypt#!2#!Nn#!encrypt#!36#!Nc4*q(MlUvs^wlRJ,i3",fk(;zm2_Ix? )H7#!encrypt#!2#!Ng#!encrypt#!2#!N_#!encrypt#!5#!N@>==#!encrypt#!2#!NT#!encrypt#!3#!NxK#!encrypt#!6#!N~*z_.#!encrypt#!2#!NT#!encrypt#!3#!Nx&#!encrypt#!5#!Nj6`*#!encrypt#!2#!NT#!encrypt#!2#!Nj#!encrypt#!2#!N9#!encrypt#!8#!N+JkVZo\#!encrypt#!2#!g
#!encrypt#!18#!+ZG.vop!2EqO_qHM$)#!encrypt#!2#!Nx#!encrypt#!2#!Nn#!encrypt#!38#!Nc4*q(MlUvs^wlRJ,i3",fk(;zm2_Ix? )hk&e#!encrypt#!2#!Ng#!encrypt#!2#!N_#!encrypt#!5#!N@>==#!encrypt#!2#!NT#!encrypt#!3#!NxK#!encrypt#!6#!N~*z_.#!encrypt#!2#!NT#!encrypt#!3#!Nx&#!encrypt#!5#!Nj6`*#!encrypt#!2#!NT#!encrypt#!2#!Nj#!encrypt#!2#!N9#!encrypt#!8#!N+JkVZo\#!encrypt#!2#!g
#!encrypt#!18#!+ZG.vop!2EqO_qHM$)#!encrypt#!2#!Nx#!encrypt#!2#!Nn#!encrypt#!38#!Nc4*q(MlUvs^wlRJ,i3",fk(;zm\tF!6ql-P&m#!encrypt#!2#!Ng#!encrypt#!2#!N_#!encrypt#!5#!N@>==#!encrypt#!2#!NT#!encrypt#!3#!NxK#!encrypt#!6#!N~*z_.#!encrypt#!2#!NT#!encrypt#!3#!Nx&#!encrypt#!5#!Nj6`*#!encrypt#!2#!NT#!encrypt#!2#!Nj#!encrypt#!2#!N9#!encrypt#!8#!N+JkVZo\#!encrypt#!2#!g
#!encrypt#!18#!+ZG.vop!2EqO_qHM$)#!encrypt#!2#!Nx#!encrypt#!2#!Nn#!encrypt#!40#!Nc4*q(MlUvs^wlRJ,i3",fk(;zm\tF!6ql-P(\|}#!encrypt#!2#!Ng#!encrypt#!2#!N_#!encrypt#!5#!N@>==#!encrypt#!2#!NT#!encrypt#!3#!NxK#!encrypt#!6#!N~*z_.#!encrypt#!2#!NT#!encrypt#!3#!Nx&#!encrypt#!5#!Nj6`*#!encrypt#!2#!NT#!encrypt#!2#!Nj#!encrypt#!2#!N9#!encrypt#!8#!N+JkVZo\#!encrypt#!2#!g
#!encrypt#!18#!+ZG.vop!2EqO_qHM$)#!encrypt#!2#!Nx#!encrypt#!2#!Nn#!encrypt#!32#!Nc4*q(MlUvs^wlRJ,i3<,fh`=_w!IrRz#!encrypt#!2#!Ng#!encrypt#!2#!N_#!encrypt#!5#!N@>==#!encrypt#!2#!NT#!encrypt#!3#!NxK#!encrypt#!6#!N~*z_.#!encrypt#!2#!NT#!encrypt#!3#!Nx&#!encrypt#!5#!Nj6`*#!encrypt#!2#!NT#!encrypt#!2#!Nj#!encrypt#!2#!N9#!encrypt#!8#!N+JkVZo\#!encrypt#!2#!g
#!encrypt#!18#!+ZG.vop!2EqO_qHM$)#!encrypt#!2#!Nx#!encrypt#!2#!Nn#!encrypt#!34#!Nc4*q(MlUvs^wlRJ,i3<,fh(6Pw!IrRz I#!encrypt#!2#!Ng#!encrypt#!2#!N_#!encrypt#!5#!N@>==#!encrypt#!2#!NT#!encrypt#!3#!NxK#!encrypt#!6#!N~*z_.#!encrypt#!2#!NT#!encrypt#!3#!Nx&#!encrypt#!5#!Nj6`*#!encrypt#!2#!NT#!encrypt#!2#!Nj#!encrypt#!2#!N9#!encrypt#!8#!N+JkVZo\#!encrypt#!2#!g
#!encrypt#!18#!+ZG.vop!2EqO_qHM$)#!encrypt#!2#!Nx#!encrypt#!2#!Nn#!encrypt#!38#!Nc4*q(MlUvs^wlRJ,i3<,fh(6zE2_Ix? )-R&m#!encrypt#!2#!Ng#!encrypt#!2#!N_#!encrypt#!5#!N@>==#!encrypt#!2#!NT#!encrypt#!3#!NxK#!encrypt#!6#!N~*z_.#!encrypt#!2#!NT#!encrypt#!3#!Nx&#!encrypt#!5#!Nj6`*#!encrypt#!2#!NT#!encrypt#!2#!Nj#!encrypt#!2#!N9#!encrypt#!8#!N+JkVZo\#!encrypt#!2#!g
#!encrypt#!18#!+ZG.vop!2EqO_qHM$)#!encrypt#!2#!Nx#!encrypt#!2#!Nn#!encrypt#!36#!Nc4*q(MlUvs^wlRJ,i3<,fh(6zE2_Ix? )H?#!encrypt#!2#!Ng#!encrypt#!2#!N_#!encrypt#!5#!N@>==#!encrypt#!2#!NT#!encrypt#!3#!NxK#!encrypt#!6#!N~*z_.#!encrypt#!2#!NT#!encrypt#!3#!Nx&#!encrypt#!5#!Nj6`*#!encrypt#!2#!NT#!encrypt#!2#!Nj#!encrypt#!2#!N9#!encrypt#!8#!N+JkVZo\#!encrypt#!2#!g
#!encrypt#!32#!+ZG.=1lDY#+`OmH[?);)rP3@#g$G:y0
#!encrypt#!18#!+ZG.61Qb4#"Afv1^Iy#!encrypt#!3#!N~:#!encrypt#!2#!NM#!encrypt#!2#!NP#!encrypt#!2#!g
#!encrypt#!18#!+ZG.61Qb4#"Afv1^Iy#!encrypt#!3#!N~:#!encrypt#!2#!N!#!encrypt#!2#!NA#!encrypt#!2#!g
#!encrypt#!18#!+ZG.61Qb4#"Afv1^Iy#!encrypt#!3#!N~ #!encrypt#!2#!NM#!encrypt#!2#!NP#!encrypt#!2#!g
#!encrypt#!18#!+ZG.61Qb4#"Afv1^Iy#!encrypt#!3#!N~ #!encrypt#!2#!N!#!encrypt#!2#!NA#!encrypt#!2#!g
#!encrypt#!18#!+ZG.61Qb4#"Afv1^Iy#!encrypt#!2#!N1#!encrypt#!2#!N!#!encrypt#!2#!N!#!encrypt#!2#!g
#!encrypt#!18#!+ZG.61Qb4#"Afv1^Iy#!encrypt#!2#!N1#!encrypt#!2#!NM#!encrypt#!2#!NM#!encrypt#!2#!g
#!encrypt#!18#!+ZG.61Qb4#"Afv1^Iy#!encrypt#!2#!Nx#!encrypt#!2#!NM#!encrypt#!2#!NM#!encrypt#!2#!g
#!encrypt#!18#!+ZG.61Qb4#"Afv1^Iy#!encrypt#!2#!Nx#!encrypt#!2#!N!#!encrypt#!2#!N!#!encrypt#!2#!g
#!encrypt#!13#!+ZG."Brb4#<w-#!encrypt#!6#!N+`$OL#!encrypt#!34#!N6qp(=Dly#Tv6{e>mny{xpY- dkYxg*od6#!encrypt#!2#!g
#!encrypt#!13#!+ZG."Brb4#<w-#!encrypt#!6#!N+`$OL#!encrypt#!34#!N6qp(=Dly#Ti6{e>mny{xpY- dkYxg*od6#!encrypt#!2#!g
#!encrypt#!13#!+ZG."Brb4#<w-#!encrypt#!6#!N+`$OL#!encrypt#!36#!N6qp(=Dly#Ti6{e>mny{xpY-ZugYxg*odP&>#!encrypt#!2#!g
#!encrypt#!13#!+ZG."Brb4#<w-#!encrypt#!6#!N+`$OL#!encrypt#!34#!N6qp(=Dly#Tg6}e>Knp{xpY- dkYxg*od6#!encrypt#!2#!g
#!encrypt#!13#!+ZG."Brb4#<w-#!encrypt#!6#!N+`$OL#!encrypt#!36#!N6qp(=Dly#Tg6}e>Knp{xpY-ZugYxg*odP&>#!encrypt#!2#!g
#!encrypt#!13#!+ZG."Brb4#<w-#!encrypt#!6#!N+`$OL#!encrypt#!46#!N6qp(=Dly#Tg6}e>Knp{xpY-ZugYxg*odP&"L=!yZp?:7:#!encrypt#!2#!g
#!encrypt#!13#!+ZG."Brb4#<w-#!encrypt#!6#!N+`$OL#!encrypt#!38#!N6qp(=Dly#s46*eJ#nB{3pY#ZwgYxg*od{M"m&#!encrypt#!2#!g
#!encrypt#!13#!+ZG."Brb4#<w-#!encrypt#!6#!N+`$OL#!encrypt#!38#!N6qp(=Dly#s46*eJ#nB{3pY#Zw7ZKyH0QPY"N&#!encrypt#!2#!g
#!encrypt#!13#!+ZG."Brb4#<w-#!encrypt#!6#!N+`$OL#!encrypt#!40#!N6qp(=Dly#s46*eJ#nB{3pY#Zw7ZKyH0QPY*`}PG#!encrypt#!2#!g
#!encrypt#!13#!+ZG."Brb4#<w-#!encrypt#!6#!N+`$OL#!encrypt#!40#!N6qp(=Dly#s46*eJ#nB{3pY#Zw7Z`3-<[af~<}VG#!encrypt#!2#!g
#!encrypt#!13#!+ZG."Brb4#<w-#!encrypt#!6#!N+`$OL#!encrypt#!42#!N6qp(=Dly#s46*eJ#nB{3pY#Zw7Z`3-<[af~<"G%Wg#!encrypt#!2#!g
#!encrypt#!13#!+ZG."Brb4#<w-#!encrypt#!6#!N+`$OL#!encrypt#!34#!N6qp(=Dly#s46*eJ#nB{xpY- dkYxg*od6#!encrypt#!2#!g
#!encrypt#!13#!+ZG."Brb4#<w-#!encrypt#!6#!N+`$OL#!encrypt#!36#!N6qp(=Dly#s46*eJ#nB{xpY-ZugYxg*odP&>#!encrypt#!2#!g
#!encrypt#!13#!+ZG."Brb4#<w-#!encrypt#!6#!N+`$OL#!encrypt#!40#!N6qp(=Dly#s46*eJ#nB{xpY-Zu7*KyH0QPY~B}VG#!encrypt#!2#!g
#!encrypt#!13#!+ZG."Brb4#<w-#!encrypt#!6#!N+`$OL#!encrypt#!38#!N6qp(=Dly#s46*eJ#nB{xpY-Zu7*KyH0QPY"L&#!encrypt#!2#!g
#!encrypt#!1#!
#!encrypt#!168#!
`VA^tq`vPXk%er;*f-k0XE^u>I44*yW"`VA^tq`vPXk%er;*f-k0XE^u>I44*yW"`VA^tq`v
2^9<G&5Xci{EMN2J$V=b
W"`VA^tq`vPXk%er;*f-k0XE^u>I44*yW"`VA^tq`vPXk%er;*f-k0XE^u>I44*yW"`VA^tq
[WARN] Neither hcell nor -automatch option is specified.
#!encrypt#!156#!k{f${~A@_x@Brh1GI-XT/;tArR~tz&goqofiQC>gP.8GE#%33}SEeuI,2dTKky607l%I>Lhw(#Q#KR':9"D\?Y6\<;M$V[-s=V%I>Lhw(U=mT9LR\-z8{n/10J+h:N:?d%lk#V(x%SReE[D1`^m<vgH$hrd
#!encrypt#!154#!k{f${~A@_x@Brh1GI-X"V!HN.^O7><x!Q%IRJVA5gkG1puw],3_2VHH;5RGY]g:?cB;gB0Kf=j=#{1%QjDD\c".K|cmbK55BcB;gB0KQd<;+6|h307#!v;7d2%+Jprbry<eiO[([]/Gh>Hx/9?i6&5[1J
#!encrypt#!143#!k{f${~A@_x@w~fxmY-Y4;47l;e$:"4h0 lT6`"*=mp`#XC%Y>:zE&"tK|cmbK:*oQOJ]q|'WzyIB[oRPj" o'"tK|cmb=<_<,{g~wK7g_\?pTRh n3mL{[/R0R*K%T:0?D!i#^|@5j8l99
#!encrypt#!144#!k{f${~A@_x@/f$I3W3#"FnH$AwStI}gmqPfiF\M:aS)op[\ (7%4N4pd9B<Z,Fi? l4IO=KQ(U#<:W7J_b3/yqpd9B<Z,bR_C7hx2VAog.AeI1%A9jheU5w!s^+X:N6qqo`)wZ(%Z<,pE5V
#!encrypt#!151#!k{f${~A@_x@Lg$WQJq')t=7xq^b:"rgVVET_ZV!#dj8<zY#?nSje;uHG(&_7:e!dfIb&qZ(y%p;#GyV>HE_AB*k~VP>OXe!dfIb&4/DozwV1I<Z3]}h]K44e5r+P>MG@NlN]Yc*#_:>p}RG]{*#4NY
#!encrypt#!144#!k{f${~A@_x@X+8I3W3#"FnH$AuStI}gmqPfiF\M:aS)op[\ (7%4N4pd9B<Z,Fi? l4IO=KQ(U#<:W7J_b3/yqpd9B<Z,bR_C7hx2VAog.AeI1%A9jheU5w!s^+X:N6qqo`)wZ(%Z<,pE5V
#!encrypt#!155#!k{f${~A@_x@Brh1GI-X4;j[,2.$yp4R0?lTjNC%#_x4lKRx?!nhJ^}ie= +g_TxqQvJ0xC)WUc,1pcZ }b1u<<p%9B<Z,F/Z)vJ0xC)Wz_VxZYyA`XM];Dn$(RbK%&*zN4M$w^W\m~?lXn=3l*~T)47AqY
#!encrypt#!144#!k{f${~A@_x@X+8I3W3#"FnH$Ae.tI}gmqPfiF\M:aS)op[\ (7%4N4pd9B<Z,Fi? l4IO=KQ(U#<:W7J_b3/yqpd9B<Z,bR_C7hx2VAog.AeI1%A9jheU5w!s^+X:N6qqo`)wZ(%Z<,pE5V
#!encrypt#!155#!k{f${~A@_x@Brh1GI-X4;j[,2.$yp4R0?lTjNI%#_x4lKRx?!nhJ^}ie= +g_TxqQvJ0xC)WUc,1pcZ }b1u<<p%9B<Z,F/Z)vJ0xC)Wz_VxZYyA`XM];Dn$(RbK%&*zN4M$w^W\m~?lXn=3l*~T)47AqY
#!encrypt#!154#!k{f${~A@_x@Brh1GI-XEv1Xj.^O7><x!Q%I?rVA5gkG1puw],3_2VHH;5RGY]g:?cB;gB0Kf=j=#{1%QjDD\c".K|cmbK55BcB;gB0KQd<;+6|h307#!v;7d2%+Jprbry<eiO[([]/Gh>Hx/9?i6&5[1J
#!encrypt#!146#!k{f${~A@_x@Sfh1+i-8E{w[;2^)kM4x!N4y~OVT@y/I({X%xn*X8/Vne~JvGMSY"hl-]{d(f(UT+7+[NtP)ur\K%~JvGMSY( kJ}((6gPJ8hz5x:9um2N4i$&_1t:,*a(#y#p$%>%YAmpuU*H
#!encrypt#!154#!k{f${~A@_x@Brh1GI-XEv1Xj.^O7><x!Q%I?aVA5gkG1puw],3_2VHH;5RGY]g:?cB;gB0Kf=j=#{1%QjDD\c".K|cmbK55BcB;gB0KQd<;+6|h307#!v;7d2%+Jprbry<eiO[([]/Gh>Hx/9?i6&5[1J
#!encrypt#!154#!k{f${~A@_x@Brh1GI-XEv1Xj.^O7><x!Q%I?mVA5gkG1puw],3_2VHH;5RGY]g:?cB;gB0Kf=j=#{1%QjDD\c".K|cmbK55BcB;gB0KQd<;+6|h307#!v;7d2%+Jprbry<eiO[([]/Gh>Hx/9?i6&5[1J
#!encrypt#!143#!k{f${~A@_x@w~fxmY-Y4;47lPe$:"4h0 lT6`"*=mp`#XC%Y>:zE&"tK|cmbK:*oQOJ]q|'WzyIB[oRPj" o'"tK|cmb=<_<,{g~wK7g_\?pTRh n3mL{[/R0R*K%T:0?D!i#^|@5j8l99
#!encrypt#!144#!k{f${~A@_x@CfkI3W3#"FnH$A\StI}gmqPfiF\M:aS)op[\ (7%4N4pd9B<Z,Fi? l4IO=KQ(U#<:W7J_b3/yqpd9B<Z,bR_C7hx2VAog.AeI1%A9jheU5w!s^+X:N6qqo`)wZ(%Z<,pE5V
#!encrypt#!157#!k{f${~A@_x@Brh1GI-X4;;HRG qa>J:r am]wnVOgXYp#<h `Mi^N"XxrRtJ:@!.q#f6T+[]S M|p#%m>*3u<7oL~gvGMSY"+ZG6T+[]S p1P1V.{u#4K52!q^wKrr.qQ)T+`Z%\Bja.9<XC4-eexDAe0AqV
#!encrypt#!146#!k{f${~A@_x@Sfh1+i-8E{w[;2^)k<4x!N4y~OVT@y/I({X%xn*X8/Vne~JvGMSY"hl-]{d(f(UT+7+[NtP)ur\K%~JvGMSY( kJ}((6gPJ8hz5x:9um2N4i$&_1t:,*a(#y#p$%>%YAmpuU*H
#!encrypt#!143#!k{f${~A@_x@w~fxmY-Y4;47lP<$:"4h0 lT6`"*=mp`#XC%Y>:zE&"tK|cmbK:*oQOJ]q|'WzyIB[oRPj" o'"tK|cmb=<_<,{g~wK7g_\?pTRh n3mL{[/R0R*K%T:0?D!i#^|@5j8l99
#!encrypt#!146#!k{f${~A@_x@Sfh1+i-8E{w[;2^)lM4x!N4y~OVT@y/I({X%xn*X8/Vne~JvGMSY"hl-]{d(f(UT+7+[NtP)ur\K%~JvGMSY( kJ}((6gPJ8hz5x:9um2N4i$&_1t:,*a(#y#p$%>%YAmpuU*H
#!encrypt#!154#!k{f${~A@_x@Brh1GI-XEv1Xj.^O7><x!Q%IjmVA5gkG1puw],3_2VHH;5RGY]g:?cB;gB0Kf=j=#{1%QjDD\c".K|cmbK55BcB;gB0KQd<;+6|h307#!v;7d2%+Jprbry<eiO[([]/Gh>Hx/9?i6&5[1J
#!encrypt#!144#!k{f${~A@_x@X+8I3W3#"FnH$AVStI}gmqPfiF\M:aS)op[\ (7%4N4pd9B<Z,Fi? l4IO=KQ(U#<:W7J_b3/yqpd9B<Z,bR_C7hx2VAog.AeI1%A9jheU5w!s^+X:N6qqo`)wZ(%Z<,pE5V
#!encrypt#!144#!k{f${~A@_x@X+8I3W3#"FnH$AV)tI}gmqPfiF\M:aS)op[\ (7%4N4pd9B<Z,Fi? l4IO=KQ(U#<:W7J_b3/yqpd9B<Z,bR_C7hx2VAog.AeI1%A9jheU5w!s^+X:N6qqo`)wZ(%Z<,pE5V
#!encrypt#!144#!k{f${~A@_x@/f$I3W3#"FnH$AV.tI}gmqPfiF\M:aS)op[\ (7%4N4pd9B<Z,Fi? l4IO=KQ(U#<:W7J_b3/yqpd9B<Z,bR_C7hx2VAog.AeI1%A9jheU5w!s^+X:N6qqo`)wZ(%Z<,pE5V
#!encrypt#!152#!k{f${~A@_x@Brh1GI-X2/;^$Gr$hI}*r$ftiK%%IP_,poaL*3j8L&nXefJD:pr1<*^&Or=+\dj)xp`~@jD?J'^|#6SgTQZ1<*^&Ork6 tUBmKuU:`.iE{jHN2 qK\4hKh%fwOwC:P.E[IE%g!Cm]F;o
#!encrypt#!143#!k{f${~A@_x@w~fxmY-Y4;4776e$:"4h0 lT6`"*=mp`#XC%Y>:zE&"tK|cmbK:*oQOJ]q|'WzyIB[oRPj" o'"tK|cmb=<_<,{g~wK7g_\?pTRh n3mL{[/R0R*K%T:0?D!i#^|@5j8l99
#!encrypt#!144#!k{f${~A@_x@/f$I3W3#"FnH$X\.tI}gmqPfiF\M:aS)op[\ (7%4N4pd9B<Z,Fi? l4IO=KQ(U#<:W7J_b3/yqpd9B<Z,bR_C7hx2VAog.AeI1%A9jheU5w!s^+X:N6qqo`)wZ(%Z<,pE5V
#!encrypt#!144#!k{f${~A@_x@X+8I3W3#"FnH$X5.tI}gmqPfiF\M:aS)op[\ (7%4N4pd9B<Z,Fi? l4IO=KQ(U#<:W7J_b3/yqpd9B<Z,bR_C7hx2VAog.AeI1%A9jheU5w!s^+X:N6qqo`)wZ(%Z<,pE5V
#!encrypt#!144#!k{f${~A@_x@/f$I3W3#"FnH$X5"tI}gmqPfiF\M:aS)op[\ (7%4N4pd9B<Z,Fi? l4IO=KQ(U#<:W7J_b3/yqpd9B<Z,bR_C7hx2VAog.AeI1%A9jheU5w!s^+X:N6qqo`)wZ(%Z<,pE5V
#!encrypt#!155#!k{f${~A@_x@Brh1GI-X4;j[,2.$yp4R0?lT% |%#_x4lKRx?!nhJ^}ie= +g_TxqQvJ0xC)WUc,1pcZ }b1u<<p%9B<Z,F/Z)vJ0xC)Wz_VxZYyA`XM];Dn$(RbK%&*zN4M$w^W\m~?lXn=3l*~T)47AqY
#!encrypt#!144#!k{f${~A@_x@X+8I3W3#"FnH$X<mtI}gmqPfiF\M:aS)op[\ (7%4N4pd9B<Z,Fi? l4IO=KQ(U#<:W7J_b3/yqpd9B<Z,bR_C7hx2VAog.AeI1%A9jheU5w!s^+X:N6qqo`)wZ(%Z<,pE5V
#!encrypt#!144#!k{f${~A@_x@X+8I3W3#"FnH$X<EtI}gmqPfiF\M:aS)op[\ (7%4N4pd9B<Z,Fi? l4IO=KQ(U#<:W7J_b3/yqpd9B<Z,bR_C7hx2VAog.AeI1%A9jheU5w!s^+X:N6qqo`)wZ(%Z<,pE5V
#!encrypt#!144#!k{f${~A@_x@/f$I3W3#"FnH$X<StI}gmqPfiF\M:aS)op[\ (7%4N4pd9B<Z,Fi? l4IO=KQ(U#<:W7J_b3/yqpd9B<Z,bR_C7hx2VAog.AeI1%A9jheU5w!s^+X:N6qqo`)wZ(%Z<,pE5V
#!encrypt#!156#!k{f${~A@_x@Brh1GI-XT/;tArR~tz&goqofi|I]gP.8GE#%33}SEeuI,2dTKky607l%I>Lhw(#Q#KR':9"D\?Y6\<;M$V[-s=V%I>Lhw(U=mT9LR\-z8{n/10J+h:N:?d%lk#V(x%SReE[D1`^m<vgH$hrd
#!encrypt#!144#!k{f${~A@_x@X+8I3W3#"FnH$X<"tI}gmqPfiF\M:aS)op[\ (7%4N4pd9B<Z,Fi? l4IO=KQ(U#<:W7J_b3/yqpd9B<Z,bR_C7hx2VAog.AeI1%A9jheU5w!s^+X:N6qqo`)wZ(%Z<,pE5V
#!encrypt#!144#!k{f${~A@_x@X+8I3W3#"FnH$yS<tI}gmqPfiF\M:aS)op[\ (7%4N4pd9B<Z,Fi? l4IO=KQ(U#<:W7J_b3/yqpd9B<Z,bR_C7hx2VAog.AeI1%A9jheU5w!s^+X:N6qqo`)wZ(%Z<,pE5V
#!encrypt#!156#!k{f${~A@_x@Brh1GI-XT/;tArR~tz&goqofiJ|dgP.8GE#%33}SEeuI,2dTKky607l%I>Lhw(#Q#KR':9"D\?Y6\<;M$V[-s=V%I>Lhw(U=mT9LR\-z8{n/10J+h:N:?d%lk#V(x%SReE[D1`^m<vgH$hrd
#!encrypt#!144#!k{f${~A@_x@X+8I3W3#"FnH$ySEtI}gmqPfiF\M:aS)op[\ (7%4N4pd9B<Z,Fi? l4IO=KQ(U#<:W7J_b3/yqpd9B<Z,bR_C7hx2VAog.AeI1%A9jheU5w!s^+X:N6qqo`)wZ(%Z<,pE5V
#!encrypt#!156#!k{f${~A@_x@Brh1GI-XT/;tArR~tz&goqofiJ|VgP.8GE#%33}SEeuI,2dTKky607l%I>Lhw(#Q#KR':9"D\?Y6\<;M$V[-s=V%I>Lhw(U=mT9LR\-z8{n/10J+h:N:?d%lk#V(x%SReE[D1`^m<vgH$hrd
#!encrypt#!144#!k{f${~A@_x@/f$I3W3#"FnH$ySctI}gmqPfiF\M:aS)op[\ (7%4N4pd9B<Z,Fi? l4IO=KQ(U#<:W7J_b3/yqpd9B<Z,bR_C7hx2VAog.AeI1%A9jheU5w!s^+X:N6qqo`)wZ(%Z<,pE5V
#!encrypt#!156#!k{f${~A@_x@Brh1GI-XT/;tArR~tz&goqofiJ|<gP.8GE#%33}SEeuI,2dTKky607l%I>Lhw(#Q#KR':9"D\?Y6\<;M$V[-s=V%I>Lhw(U=mT9LR\-z8{n/10J+h:N:?d%lk#V(x%SReE[D1`^m<vgH$hrd
#!encrypt#!144#!k{f${~A@_x@X+8I3W3#"FnH$yc/tI}gmqPfiF\M:aS)op[\ (7%4N4pd9B<Z,Fi? l4IO=KQ(U#<:W7J_b3/yqpd9B<Z,bR_C7hx2VAog.AeI1%A9jheU5w!s^+X:N6qqo`)wZ(%Z<,pE5V
#!encrypt#!156#!k{f${~A@_x@Brh1GI-XT/;tArR~tz&goqofiJChgP.8GE#%33}SEeuI,2dTKky607l%I>Lhw(#Q#KR':9"D\?Y6\<;M$V[-s=V%I>Lhw(U=mT9LR\-z8{n/10J+h:N:?d%lk#V(x%SReE[D1`^m<vgH$hrd
#!encrypt#!156#!k{f${~A@_x@Brh1GI-XT/;tArR~tz&goqofiJCPgP.8GE#%33}SEeuI,2dTKky607l%I>Lhw(#Q#KR':9"D\?Y6\<;M$V[-s=V%I>Lhw(U=mT9LR\-z8{n/10J+h:N:?d%lk#V(x%SReE[D1`^m<vgH$hrd
#!encrypt#!144#!k{f${~A@_x@X+8I3W3#"FnH$yc)tI}gmqPfiF\M:aS)op[\ (7%4N4pd9B<Z,Fi? l4IO=KQ(U#<:W7J_b3/yqpd9B<Z,bR_C7hx2VAog.AeI1%A9jheU5w!s^+X:N6qqo`)wZ(%Z<,pE5V
#!encrypt#!156#!k{f${~A@_x@Brh1GI-XT/;tArR~tz&goqofiJC]gP.8GE#%33}SEeuI,2dTKky607l%I>Lhw(#Q#KR':9"D\?Y6\<;M$V[-s=V%I>Lhw(U=mT9LR\-z8{n/10J+h:N:?d%lk#V(x%SReE[D1`^m<vgH$hrd
#!encrypt#!156#!k{f${~A@_x@Brh1GI-XT/;tArR~tz&goqofiJuKgP.8GE#%33}SEeuI,2dTKky607l%I>Lhw(#Q#KR':9"D\?Y6\<;M$V[-s=V%I>Lhw(U=mT9LR\-z8{n/10J+h:N:?d%lk#V(x%SReE[D1`^m<vgH$hrd
#!encrypt#!144#!k{f${~A@_x@/f$I3W3#"FnH$yu"tI}gmqPfiF\M:aS)op[\ (7%4N4pd9B<Z,Fi? l4IO=KQ(U#<:W7J_b3/yqpd9B<Z,bR_C7hx2VAog.AeI1%A9jheU5w!s^+X:N6qqo`)wZ(%Z<,pE5V
#!encrypt#!154#!k{f${~A@_x@Brh1GI-XEv1Xj.^O7><x!Q%u7BVA5gkG1puw],3_2VHH;5RGY]g:?cB;gB0Kf=j=#{1%QjDD\c".K|cmbK55BcB;gB0KQd<;+6|h307#!v;7d2%+Jprbry<eiO[([]/Gh>Hx/9?i6&5[1J
#!encrypt#!144#!k{f${~A@_x@X+8I3W3#"FnH$yemtI}gmqPfiF\M:aS)op[\ (7%4N4pd9B<Z,Fi? l4IO=KQ(U#<:W7J_b3/yqpd9B<Z,bR_C7hx2VAog.AeI1%A9jheU5w!s^+X:N6qqo`)wZ(%Z<,pE5V
#!encrypt#!156#!k{f${~A@_x@Brh1GI-XT/;tArR~tz&goqofiJePgP.8GE#%33}SEeuI,2dTKky607l%I>Lhw(#Q#KR':9"D\?Y6\<;M$V[-s=V%I>Lhw(U=mT9LR\-z8{n/10J+h:N:?d%lk#V(x%SReE[D1`^m<vgH$hrd
#!encrypt#!144#!k{f${~A@_x@X+8I3W3#"FnH$yeStI}gmqPfiF\M:aS)op[\ (7%4N4pd9B<Z,Fi? l4IO=KQ(U#<:W7J_b3/yqpd9B<Z,bR_C7hx2VAog.AeI1%A9jheU5w!s^+X:N6qqo`)wZ(%Z<,pE5V
#!encrypt#!144#!k{f${~A@_x@/f$I3W3#"FnH$ye.tI}gmqPfiF\M:aS)op[\ (7%4N4pd9B<Z,Fi? l4IO=KQ(U#<:W7J_b3/yqpd9B<Z,bR_C7hx2VAog.AeI1%A9jheU5w!s^+X:N6qqo`)wZ(%Z<,pE5V
#!encrypt#!144#!k{f${~A@_x@/f$I3W3#"FnH$ye"tI}gmqPfiF\M:aS)op[\ (7%4N4pd9B<Z,Fi? l4IO=KQ(U#<:W7J_b3/yqpd9B<Z,bR_C7hx2VAog.AeI1%A9jheU5w!s^+X:N6qqo`)wZ(%Z<,pE5V
#!encrypt#!144#!k{f${~A@_x@X+8I3W3#"FnH$y\<tI}gmqPfiF\M:aS)op[\ (7%4N4pd9B<Z,Fi? l4IO=KQ(U#<:W7J_b3/yqpd9B<Z,bR_C7hx2VAog.AeI1%A9jheU5w!s^+X:N6qqo`)wZ(%Z<,pE5V
#!encrypt#!156#!k{f${~A@_x@Brh1GI-XT/;tArR~tz&goqofiJmdgP.8GE#%33}SEeuI,2dTKky607l%I>Lhw(#Q#KR':9"D\?Y6\<;M$V[-s=V%I>Lhw(U=mT9LR\-z8{n/10J+h:N:?d%lk#V(x%SReE[D1`^m<vgH$hrd
#!encrypt#!144#!k{f${~A@_x@X+8I3W3#"FnH$y\EtI}gmqPfiF\M:aS)op[\ (7%4N4pd9B<Z,Fi? l4IO=KQ(U#<:W7J_b3/yqpd9B<Z,bR_C7hx2VAog.AeI1%A9jheU5w!s^+X:N6qqo`)wZ(%Z<,pE5V
#!encrypt#!144#!k{f${~A@_x@X+8I3W3#"FnH$y\)tI}gmqPfiF\M:aS)op[\ (7%4N4pd9B<Z,Fi? l4IO=KQ(U#<:W7J_b3/yqpd9B<Z,bR_C7hx2VAog.AeI1%A9jheU5w!s^+X:N6qqo`)wZ(%Z<,pE5V
#!encrypt#!144#!k{f${~A@_x@X+8I3W3#"FnH$y\ctI}gmqPfiF\M:aS)op[\ (7%4N4pd9B<Z,Fi? l4IO=KQ(U#<:W7J_b3/yqpd9B<Z,bR_C7hx2VAog.AeI1%A9jheU5w!s^+X:N6qqo`)wZ(%Z<,pE5V
#!encrypt#!144#!k{f${~A@_x@/f$I3W3#"FnH$y\.tI}gmqPfiF\M:aS)op[\ (7%4N4pd9B<Z,Fi? l4IO=KQ(U#<:W7J_b3/yqpd9B<Z,bR_C7hx2VAog.AeI1%A9jheU5w!s^+X:N6qqo`)wZ(%Z<,pE5V
#!encrypt#!144#!k{f${~A@_x@/f$I3W3#"FnH$y\"tI}gmqPfiF\M:aS)op[\ (7%4N4pd9B<Z,Fi? l4IO=KQ(U#<:W7J_b3/yqpd9B<Z,bR_C7hx2VAog.AeI1%A9jheU5w!s^+X:N6qqo`)wZ(%Z<,pE5V
#!encrypt#!144#!k{f${~A@_x@X+8I3W3#"FnH$yVltI}gmqPfiF\M:aS)op[\ (7%4N4pd9B<Z,Fi? l4IO=KQ(U#<:W7J_b3/yqpd9B<Z,bR_C7hx2VAog.AeI1%A9jheU5w!s^+X:N6qqo`)wZ(%Z<,pE5V
#!encrypt#!145#!k{f${~A@_x@Bg21I`Sh]3V2e05)Z>g rya-]wqGl+ManURXl94MdF;H\(;M$V[-@QPfpT^_Wz pio"^E#=D{wm.\(;M$V[}oWB2*//%#txYJ9uZ \*gE&H7u%1$KUr..7am/WV+\l\V#I<#@
